{
  "Author": "VariableVixen",
  "Name": "AutoMountBgm",
  "InternalName": "AutoMountBgm",
  "AssemblyVersion": "3.0.0.0",
  "Description": "Automatically enables/disables mount BGM depending on the mount you use",
  "ApplicableVersion": "any",
  "RepoUrl": "https://github.com/VariableVixen/AutoMountBGM",
  "DalamudApiLevel": 14,
  "LoadRequiredState": 0,
  "LoadSync": false,
  "CanUnloadAsync": false,
  "LoadPriority": 0,
  "Punchline": "Automatically control mount BGM for individual mounts!",
  "AcceptsFeedback": true
}