{
  "Author": "Ottermandias",
  "Name": "GatherBuddy",
  "InternalName": "GatherBuddy",
  "AssemblyVersion": "3.8.4.0",
  "Description": "Adds commands to simplify gathering by finding nodes and fish and their locations\nvia item name and a UI to keep track of special uptime and weather conditions.",
  "ApplicableVersion": "any",
  "RepoUrl": "https://github.com/Ottermandias/GatherBuddy",
  "Tags": [
    "Gathering",
    "Fishing",
    "Miner",
    "Botanist",
    "Weather",
    "Alarms",
    "Timer"
  ],
  "DalamudApiLevel": 14,
  "LoadRequiredState": 0,
  "LoadSync": false,
  "CanUnloadAsync": false,
  "LoadPriority": 0,
  "Punchline": "Simplify Gathering and Fishing.",
  "AcceptsFeedback": true
}