{
  "Author": "SaMo",
  "Name": "PvP Tracker",
  "InternalName": "PvpStats",
  "AssemblyVersion": "2.3.2.0",
  "Description": "Record, browse and filter your Crystalline Conflict, Frontline and Rival Wings match history, view match scoreboards and view aggregated statistics like win rate and average damage dealt per match.",
  "ApplicableVersion": "any",
  "RepoUrl": "https://github.com/wrath16/PvpStats",
  "Tags": [
    "pvp",
    "statistics"
  ],
  "DalamudApiLevel": 11,
  "LoadRequiredState": 0,
  "LoadSync": false,
  "CanUnloadAsync": false,
  "LoadPriority": 0,
  "IconUrl": "https://raw.githubusercontent.com/wrath16/PvpStats/master/images/icon.png",
  "Punchline": "PvP match history and stats tracker.",
  "Changelog": "* Text alignment changes.",
  "AcceptsFeedback": true
}