{
  "Author": "SaMo",
  "Name": "PvP Tracker",
  "InternalName": "PvpStats",
  "AssemblyVersion": "2.6.1.0",
  "Description": "Pvp Stats",
  "ApplicableVersion": "any",
  "RepoUrl": "https://github.com/wrath16/PvpStats",
  "Tags": [
    "pvp",
    "statistics"
  ],
  "DalamudApiLevel": 14,
  "LoadRequiredState": 0,
  "LoadSync": false,
  "CanUnloadAsync": false,
  "LoadPriority": 0,
  "IconUrl": "https://raw.githubusercontent.com/wrath16/PvpStats/master/images/icon.png",
  "Punchline": "PvP match history and stats tracker.",
  "Changelog": "* Text alignment changes.",
  "AcceptsFeedback": true
}