{
  "Author": "rail",
  "Name": "WDIGViewer",
  "InternalName": "WDIGViewer",
  "AssemblyVersion": "1.0.4.1",
  "Description": "A plugin to display encounter strategies, or cats.",
  "ApplicableVersion": "any",
  "RepoUrl": "https://github.com/rail2025/WDIGViewer",
  "Tags": [
    "viewer",
    "strategy",
    "image",
    "encounter"
  ],
  "DalamudApiLevel": 14,
  "LoadRequiredState": 0,
  "LoadSync": false,
  "CanUnloadAsync": false,
  "LoadPriority": 0,
  "Punchline": "View encounter strategy images.",
  "AcceptsFeedback": true
}