{
  "Author": "Kaminaris",
  "Name": "NextUIPlugin",
  "InternalName": "NextUIPlugin",
  "AssemblyVersion": "7.0.0.6",
  "Description": "OverlayPlugin replacement for Dalamud, works similarly to BrowserHost with addition to having more options and built in websocket server.",
  "ApplicableVersion": "any",
  "RepoUrl": "https://gitlab.com/kaminariss/nextui-plugin",
  "Tags": [
    "UI"
  ],
  "DalamudApiLevel": 7,
  "LoadPriority": 0,
  "IconUrl": "https://gitlab.com/kaminariss/nextui-plugin/-/raw/master/icon.png",
  "Punchline": "OverlayPlugin for Dalamud with built in HUD replacement"
}