{
  "Author": "rail",
  "Name": "AetherDraw",
  "InternalName": "AetherDraw",
  "AssemblyVersion": "2.4.2.0",
  "Description": "Whiteboard raid planner for encounters. Use /aetherdraw to open. Supports realtime multi-user, multi-platform collaboration. Also available at aetherdraw.me when plugins are down!!",
  "ApplicableVersion": "any",
  "RepoUrl": "https://github.com/rail2025/AetherDraw",
  "Tags": [
    "viewer",
    "strategy",
    "image",
    "encounter",
    "raid",
    "whiteboard",
    "planner"
  ],
  "DalamudApiLevel": 13,
  "LoadRequiredState": 0,
  "LoadSync": false,
  "CanUnloadAsync": false,
  "LoadPriority": 0,
  "ImageUrls": [],
  "IconUrl": "https://raw.githubusercontent.com/rail2025/AetherDraw/refs/heads/master/icon.png",
  "Punchline": "A realtime multi-user whiteboard raid planner. Compatible with aetherdraw.me",
  "Changelog": "v2.4.2.0: Overhauled Load/Import window with tabs. Added ability to 'Append' plans (merge pages) from files or URLs. Replaced old Load popup.\nv2.4.1.0:Added Community Plan Browser (Search & Load).\nv2.4.0.0:Added Status Icon search, per-page undo, page re-ordering, and live property editing.\nv2.3.1.0:Changed BG to image import, page sync fixes.",
  "AcceptsFeedback": true
}