{
  "Author": "rail",
  "Name": "AetherDraw",
  "InternalName": "AetherDraw",
  "AssemblyVersion": "2.3.0.1",
  "Description": "Draw strategy images for encounters. Use /aetherdraw to open. Supports live collaboration.",
  "ApplicableVersion": "any",
  "RepoUrl": "https://github.com/rail2025/AetherDraw",
  "Tags": [
    "viewer",
    "strategy",
    "image",
    "encounter"
  ],
  "DalamudApiLevel": 12,
  "LoadRequiredState": 0,
  "LoadSync": false,
  "CanUnloadAsync": false,
  "LoadPriority": 0,
  "ImageUrls": [],
  "IconUrl": "https://raw.githubusercontent.com/rail2025/AetherDraw/refs/heads/master/icon.png",
  "Punchline": "A better whiteboard raid planner",
  "Changelog": "v2.3.0.1: Added a tool to place emojis as rotatable images from the clipboard, import a custom background from a URL. More raidplan.io import fixes.\nv2.2.2.0: More import fixes.",
  "AcceptsFeedback": true
}