{
  "Author": "Lady Defile",
  "Name": "Wordsmith",
  "InternalName": "Wordsmith",
  "AssemblyVersion": "1.9.1",
  "Description": "Wordsmith is a text editor with roleplayers in mind. It automatically breaks your text up for easy copy/paste, has advanced features, spellcheck, and even a thesaurus.",
  "ApplicableVersion": "any",
  "Tags": [
    "Social",
    "Utility"
  ],
  "DalamudApiLevel": 8,
  "LoadRequiredState": 0,
  "LoadSync": false,
  "LoadPriority": 0,
  "Punchline": "A roleplay thesaurus and scratch pad.",
  "AcceptsFeedback": true
}