{
  "Author": "Vielle Janlenoux",
  "Name": "Snooper",
  "InternalName": "Snooper",
  "AssemblyVersion": "1.5.0.1",
  "Description": "See chat messages posted by your current target.",
  "ApplicableVersion": "any",
  "RepoUrl": "https://codeberg.org/Linneris/dalamud-snooper",
  "Tags": [
    "chat",
    "rp",
    "roleplay",
    "listener",
    "snooper"
  ],
  "DalamudApiLevel": 14,
  "LoadRequiredState": 0,
  "LoadSync": false,
  "CanUnloadAsync": false,
  "LoadPriority": 0,
  "Punchline": "See chat messages from your current target in a separate window.",
  "AcceptsFeedback": true
}