{
  "Author": "Caraxi",
  "Name": "Adventurer in Need",
  "InternalName": "AdventurerInNeed",
  "AssemblyVersion": "1.5.0.3",
  "Description": "Receive a notification when a duty roulette is in need of a role. /pbonus to setup",
  "ApplicableVersion": "any",
  "RepoUrl": "https://github.com/Caraxi/AdventurerInNeed",
  "DalamudApiLevel": 12,
  "LoadRequiredState": 0,
  "LoadSync": false,
  "CanUnloadAsync": false,
  "LoadPriority": 0,
  "Punchline": "Receive a notification when a duty roulette is in need of a role.",
  "AcceptsFeedback": true
}