{
  "Author": "Haselnussbomber",
  "Name": "MogMogCheck",
  "InternalName": "MogMogCheck",
  "AssemblyVersion": "3.2.5.0",
  "Description": "MogMogCheck is a small plugin to assist you in tracking the rewards of the Moogle Treasure Trove event (called Mog Mog Kollektion in German, hence the name).",
  "ApplicableVersion": "any",
  "RepoUrl": "https://github.com/Haselnussbomber/MogMogCheck",
  "DalamudApiLevel": 13,
  "LoadRequiredState": 1,
  "LoadSync": false,
  "CanUnloadAsync": true,
  "LoadPriority": 0,
  "Punchline": "Tracking assistant for Moogle Treasure Trove rewards.",
  "AcceptsFeedback": false
}