{
  "Author": "rail",
  "Name": "AetherPool",
  "InternalName": "AetherPool",
  "AssemblyVersion": "0.5.1.1",
  "Description": "Pool in FFXIV",
  "ApplicableVersion": "any",
  "Tags": [
    "game",
    "pool",
    "UI"
  ],
  "DalamudApiLevel": 14,
  "LoadRequiredState": 0,
  "LoadSync": false,
  "CanUnloadAsync": false,
  "LoadPriority": 0,
  "Punchline": "A 2D pool game inside Final Fantasy XIV.",
  "Changelog": "v0.5.1.1: audio fix and sfx control added\nv0.5.1.0: API 14, 7.4\nv0.5.0.0: update for Dalamud api 13/patch 7.3.\n v0.4.0.0: Advanced triggers and major UI/visual enhancements. \n - Added 'Open on X' triggers for death, queue, etc.\n - Added a new title screen with background and outlined text.\n - Added a player assignment indicator to the HUD.\n - Added 'Victory'/'Game Over' text at the end of a match.\n - Replaced the cue ball with a new custom texture.",
  "AcceptsFeedback": true
}