{
  "Author": "lokinmodar",
  "Name": "Echoglossian",
  "InternalName": "Echoglossian",
  "AssemblyVersion": "3.6.2407.22",
  "Description": "Realtime game text translator",
  "ApplicableVersion": "any",
  "RepoUrl": "https://github.com/lokinmodar/Echoglossian",
  "Tags": [
    "ffxiv",
    "Dalamud",
    "plugin",
    "translation",
    "UI",
    "Utility"
  ],
  "DalamudApiLevel": 10,
  "LoadRequiredState": 0,
  "LoadSync": false,
  "CanUnloadAsync": false,
  "LoadPriority": 0,
  "ImageUrls": [
    ""
  ],
  "IconUrl": "https://raw.githubusercontent.com/lokinmodar/Echoglossian/APIv4/images/icon.png",
  "Punchline": "Dialogue and other in-game text translations? Yes we have!\nKnown Issues at: https://github.com/lokinmodar/Echoglossian/issues/12",
  "AcceptsFeedback": true
}