<?xml version="1.0"?>
<doc>
    <assembly>
        <name>Echoglossian</name>
    </assembly>
    <members>
        <member name="M:Echoglossian.Echoglossian.#ctor">
            <summary>
            Initializes a new instance of the <see cref="T:Echoglossian.Echoglossian"/> class.
            </summary>
        </member>
        <member name="M:Echoglossian.Echoglossian.Dispose">
            <inheritdoc />
        </member>
        <member name="M:Echoglossian.Echoglossian.LangIdentify(System.String)">
            <summary>
            Detects which language the source text is in.
            </summary>
            <param name="message">text to have the source language identified.</param>
            <returns>Returns the detected language code.</returns>
        </member>
        <member name="M:Echoglossian.Echoglossian.Translate(System.String)">
            <summary>
            Translates the sentences passed to it using the selected engine.
            </summary>
            <param name="text">Text to be translated.</param>
            <returns>Returns the translated text passed in the call parameter.</returns>
            <exception cref="T:System.Exception">Returns exception in case something goes wrong in the translation steps.</exception>
        </member>
        <member name="M:Echoglossian.Echoglossian.TranslateAsync(System.String)">
            <summary>
            Translates the sentences passed to it using the selected engine.
            </summary>
            <param name="text">Text to be translated.</param>
            <returns>Returns the translated text passed in the call parameter.</returns>
            <exception cref="T:System.Exception">Returns exception in case something goes wrong in the translation steps.</exception>
        </member>
        <member name="M:Echoglossian.Echoglossian.LanguageInfo.#ctor(System.String,System.String,System.String,System.String,System.Int32[])">
            <summary>
              Initializes a new instance of the <see cref="T:Echoglossian.Echoglossian.LanguageInfo" /> class.
            </summary>
            <param name="code">Iso LanguageInfo Code.</param>
            <param name="languageName">LanguageInfo name.</param>
            <param name="fontName">Necessary font name.</param>
            <param name="exclusiveCharsToAdd">List of all the needed chars to be added.</param>
            <param name="supportedEngines">Supported translation engines.</param>
        </member>
        <member name="M:Echoglossian.Echoglossian.DrawText(System.String,System.Drawing.Font,System.Nullable{System.Drawing.Color},System.Nullable{System.Drawing.Color},System.Nullable{System.Drawing.Size})">
            <summary>
            Creates an image containing the given text.
            NOTE: the image should be disposed after use.
            </summary>
            <param name="text">Text to draw.</param>
            <param name="fontOptional">Font to use, defaults to Control.DefaultFont.</param>
            <param name="textColorOptional">Text color, defaults to Black.</param>
            <param name="backColorOptional">Background color, defaults to white.</param>
            <param name="minSizeOptional">Minimum image size, defaults the size required to display the text.</param>
            <returns>The image containing the text, which should be disposed after use.</returns>
        </member>
        <member name="M:Echoglossian.Echoglossian.TranslationImageConverter(System.Drawing.Image)">
            <summary>
            Converts Image to byte array.
            </summary>
            <param name="image">Image to be converted.</param>
            <returns>Byte array to be used elsewhere.</returns>
        </member>
        <member name="T:Echoglossian.AtkTextNodeBufferWrapper">
            <summary>
            Provides a wrapper for managing a UTF-8 encoded text buffer using unmanaged memory.
            </summary>
        </member>
        <member name="P:Echoglossian.AtkTextNodeBufferWrapper.GetBuffer">
            <summary>
            Gets the buffer containing the UTF-8 encoded string.
            </summary>
        </member>
        <member name="M:Echoglossian.AtkTextNodeBufferWrapper.SetBuffer(System.String)">
            <summary>
            Sets the buffer to the UTF-8 representation of the given string.
            The buffer is reallocated if it doesn't already exist or is too small.
            </summary>
            <param name="text">The string to be encoded and stored in the buffer.</param>
        </member>
        <member name="M:Echoglossian.AtkTextNodeBufferWrapper.FreeBuffer">
            <summary>
            Frees the previously allocated buffer.
            </summary>
        </member>
        <member name="M:Echoglossian.DeepLTranslator.FreeTranslateAsync(System.String,System.String,System.String)">
            <summary>
            Translates a string using the Free DeepL API.
            </summary>
            <param name="text"></param>
            <param name="sourceLanguage"></param>
            <param name="targetLanguage"></param>
            <returns>A <see cref="T:System.Threading.Tasks.Task`1"/> representing the result of the asynchronous operation.</returns>
        </member>
        <member name="M:Echoglossian.EFCoreSqlite.EchoglossianDbContext.#ctor(System.String)">
            <summary>
            Initializes a new instance of the <see cref="T:Echoglossian.EFCoreSqlite.EchoglossianDbContext"/> class.
            </summary>
            <param name="configDir"></param>
        </member>
        <member name="T:Echoglossian.EFCoreSqlite.Migrations.EchoglossianDBupd">
            <inheritdoc />
        </member>
        <member name="M:Echoglossian.EFCoreSqlite.Migrations.EchoglossianDBupd.Up(Microsoft.EntityFrameworkCore.Migrations.MigrationBuilder)">
            <inheritdoc />
        </member>
        <member name="M:Echoglossian.EFCoreSqlite.Migrations.EchoglossianDBupd.Down(Microsoft.EntityFrameworkCore.Migrations.MigrationBuilder)">
            <inheritdoc />
        </member>
        <member name="M:Echoglossian.EFCoreSqlite.Migrations.EchoglossianDBupd.BuildTargetModel(Microsoft.EntityFrameworkCore.ModelBuilder)">
            <inheritdoc />
        </member>
        <member name="T:Echoglossian.EFCoreSqlite.Migrations.AddObjectivesToQuestPlate">
            <inheritdoc />
        </member>
        <member name="M:Echoglossian.EFCoreSqlite.Migrations.AddObjectivesToQuestPlate.Up(Microsoft.EntityFrameworkCore.Migrations.MigrationBuilder)">
            <inheritdoc />
        </member>
        <member name="M:Echoglossian.EFCoreSqlite.Migrations.AddObjectivesToQuestPlate.Down(Microsoft.EntityFrameworkCore.Migrations.MigrationBuilder)">
            <inheritdoc />
        </member>
        <member name="M:Echoglossian.EFCoreSqlite.Migrations.AddObjectivesToQuestPlate.BuildTargetModel(Microsoft.EntityFrameworkCore.ModelBuilder)">
            <inheritdoc />
        </member>
        <member name="T:Echoglossian.EFCoreSqlite.Migrations.AddSummaryToQuestPlate">
            <inheritdoc />
        </member>
        <member name="M:Echoglossian.EFCoreSqlite.Migrations.AddSummaryToQuestPlate.Up(Microsoft.EntityFrameworkCore.Migrations.MigrationBuilder)">
            <inheritdoc />
        </member>
        <member name="M:Echoglossian.EFCoreSqlite.Migrations.AddSummaryToQuestPlate.Down(Microsoft.EntityFrameworkCore.Migrations.MigrationBuilder)">
            <inheritdoc />
        </member>
        <member name="M:Echoglossian.EFCoreSqlite.Migrations.AddSummaryToQuestPlate.BuildTargetModel(Microsoft.EntityFrameworkCore.ModelBuilder)">
            <inheritdoc />
        </member>
        <member name="M:Echoglossian.EFCoreSqlite.Models.BattleTalkMessage.#ctor(System.String,System.String,System.String,System.String,System.String,System.String,System.String,System.Int32,System.DateTime,System.Nullable{System.DateTime})">
            <summary>
            Initializes a new instance of the <see cref="T:Echoglossian.EFCoreSqlite.Models.BattleTalkMessage"/> class.
            </summary>
            <param name="senderName"></param>
            <param name="originalBattleTalkMessage"></param>
            <param name="originalBattleTalkMessageLang"></param>
            <param name="originalSenderNameLang"></param>
            <param name="translatedSenderName"></param>
            <param name="translatedBattleTalkMessage"></param>
            <param name="translationLang"></param>
            <param name="translationEngine"></param>
            <param name="createdDate"></param>
            <param name="updatedDate"></param>
        </member>
        <member name="M:Echoglossian.EFCoreSqlite.Models.Journal.QuestPlate.#ctor(System.String,System.String,System.String,System.String,System.String,System.String,System.String,System.Int32,System.DateTime,System.Nullable{System.DateTime})">
            <summary>
            Initializes a new instance of the <see cref="T:Echoglossian.EFCoreSqlite.Models.Journal.QuestPlate"/> class.
            </summary>
            <param name="questName"></param>
            <param name="originalQuestMessage"></param>
            <param name="originalLang"></param>
            <param name="translatedQuestName"></param>
            <param name="translatedQuestMessage"></param>
            <param name="questId"></param>
            <param name="translationLang"></param>
            <param name="translationEngine"></param>
            <param name="createdDate"></param>
            <param name="updatedDate"></param>
        </member>
        <member name="M:Echoglossian.EFCoreSqlite.Models.LocationName.#ctor(System.Int32,System.String,System.String,System.String,System.String,System.Int32,System.DateTime,System.Nullable{System.DateTime})">
            <summary>
            Initializes a new instance of the <see cref="T:Echoglossian.EFCoreSqlite.Models.LocationName"/> class.
            </summary>
            <param name="id"></param>
            <param name="originalLocationName"></param>
            <param name="originalLocationNameLang"></param>
            <param name="translatedLocationName"></param>
            <param name="translationLang"></param>
            <param name="translationEngine"></param>
            <param name="createdDate"></param>
            <param name="updatedDate"></param>
        </member>
        <member name="M:Echoglossian.EFCoreSqlite.Models.NpcNames.#ctor(System.Int32,System.String,System.String,System.String,System.String,System.Int32,System.DateTime,System.Nullable{System.DateTime})">
            <summary>
            Initializes a new instance of the <see cref="T:Echoglossian.EFCoreSqlite.Models.NpcNames"/> class.
            </summary>
            <param name="id"></param>
            <param name="originalNpcName"></param>
            <param name="originalNpcNameLang"></param>
            <param name="translatedNpcName"></param>
            <param name="translationLang"></param>
            <param name="translationEngine"></param>
            <param name="createdDate"></param>
            <param name="updatedDate"></param>
        </member>
        <member name="M:Echoglossian.EFCoreSqlite.Models.TalkMessage.#ctor(System.String,System.String,System.String,System.String,System.String,System.String,System.String,System.Int32,System.DateTime,System.Nullable{System.DateTime})">
            <summary>
            Initializes a new instance of the <see cref="T:Echoglossian.EFCoreSqlite.Models.TalkMessage"/> class.
            </summary>
            <param name="senderName"></param>
            <param name="originalTalkMessage"></param>
            <param name="originalTalkMessageLang"></param>
            <param name="originalSenderNameLang"></param>
            <param name="translatedSenderName"></param>
            <param name="translatedTalkMessage"></param>
            <param name="translationLang"></param>
            <param name="translationEngine"></param>
            <param name="createdDate"></param>
            <param name="updatedDate"></param>
        </member>
        <member name="M:Echoglossian.EFCoreSqlite.Models.TalkSubtitleMessage.#ctor(System.String,System.String,System.String,System.String,System.Int32,System.DateTime,System.Nullable{System.DateTime})">
            <summary>
            Initializes a new instance of the <see cref="T:Echoglossian.EFCoreSqlite.Models.TalkSubtitleMessage"/> class.
            </summary>
            <param name="originalTalkSubtitleMessage"></param>
            <param name="originalTalkSubtitleMessageLang"></param>
            <param name="translatedTalkSubtitleMessage"></param>
            <param name="translationLang"></param>
            <param name="translationEngine"></param>
            <param name="createdDate"></param>
            <param name="updatedDate"></param>
        </member>
        <member name="M:Echoglossian.EFCoreSqlite.Models.ToastMessage.#ctor(System.String,System.String,System.String,System.String,System.String,System.Int32,System.DateTime,System.Nullable{System.DateTime})">
            <summary>
            Initializes a new instance of the <see cref="T:Echoglossian.EFCoreSqlite.Models.ToastMessage"/> class.
            </summary>
            <param name="toastType"></param>
            <param name="originalToastMessage"></param>
            <param name="originalLang"></param>
            <param name="translatedToastMessage"></param>
            <param name="translationLang"></param>
            <param name="translationEngine"></param>
            <param name="createdDate"></param>
            <param name="updatedDate"></param>
        </member>
        <member name="T:Echoglossian.Properties.Resources">
            <summary>
              A strongly-typed resource class, for looking up localized strings, etc.
            </summary>
        </member>
        <member name="P:Echoglossian.Properties.Resources.ResourceManager">
            <summary>
              Returns the cached ResourceManager instance used by this class.
            </summary>
        </member>
        <member name="P:Echoglossian.Properties.Resources.Culture">
            <summary>
              Overrides the current thread's CurrentUICulture property for all
              resource lookups using this strongly typed resource class.
            </summary>
        </member>
        <member name="P:Echoglossian.Properties.Resources.AssetsCheckingPopupMsg">
            <summary>
              Looks up a localized string similar to Checking Plugin assets!.
            </summary>
        </member>
        <member name="P:Echoglossian.Properties.Resources.AssetsDownloadComplete">
            <summary>
              Looks up a localized string similar to Downloading of plugin assets complete!.
            </summary>
        </member>
        <member name="P:Echoglossian.Properties.Resources.AssetsDownloadError1stPart">
            <summary>
              Looks up a localized string similar to Error downloading plugin assets:.
            </summary>
        </member>
        <member name="P:Echoglossian.Properties.Resources.AssetsDownloadError2ndPart">
            <summary>
              Looks up a localized string similar to . Please retry later. If the issue persists, please contact the plugin developer..
            </summary>
        </member>
        <member name="P:Echoglossian.Properties.Resources.AssetsPresentPopupMsg">
            <summary>
              Looks up a localized string similar to All plugin assets present!.
            </summary>
        </member>
        <member name="P:Echoglossian.Properties.Resources.ChatGptApiKey">
            <summary>
              Looks up a localized string similar to ChatGPT API Key.
            </summary>
        </member>
        <member name="P:Echoglossian.Properties.Resources.ChatGPTAPIKeyLink">
            <summary>
              Looks up a localized string similar to Click here to create a OpenAi API Key.
            </summary>
        </member>
        <member name="P:Echoglossian.Properties.Resources.choice">
            <summary>
              Looks up a localized resource of type System.Byte[].
            </summary>
        </member>
        <member name="P:Echoglossian.Properties.Resources.CloseButtonLabel">
            <summary>
              Looks up a localized string similar to Close.
            </summary>
        </member>
        <member name="P:Echoglossian.Properties.Resources.ConfigTab0Name">
            <summary>
              Looks up a localized string similar to Whats, Whens and Hows.
            </summary>
        </member>
        <member name="P:Echoglossian.Properties.Resources.ConfigTab1Name">
            <summary>
              Looks up a localized string similar to Talk settings.
            </summary>
        </member>
        <member name="P:Echoglossian.Properties.Resources.ConfigTab2Name">
            <summary>
              Looks up a localized string similar to Battle Talk settings.
            </summary>
        </member>
        <member name="P:Echoglossian.Properties.Resources.ConfigTab3Name">
            <summary>
              Looks up a localized string similar to Toast settings.
            </summary>
        </member>
        <member name="P:Echoglossian.Properties.Resources.ConfigTab4Name">
            <summary>
              Looks up a localized string similar to Journal settings.
            </summary>
        </member>
        <member name="P:Echoglossian.Properties.Resources.ConfigTab5Name">
            <summary>
              Looks up a localized string similar to TalkSubtitle settings.
            </summary>
        </member>
        <member name="P:Echoglossian.Properties.Resources.ConfigTab6Name">
            <summary>
              Looks up a localized string similar to Other settings.
            </summary>
        </member>
        <member name="P:Echoglossian.Properties.Resources.ConfigTab7Name">
            <summary>
              Looks up a localized string similar to Translation Engine settings.
            </summary>
        </member>
        <member name="P:Echoglossian.Properties.Resources.ConfigTab8Name">
            <summary>
              Looks up a localized string similar to Troubleshooting.
            </summary>
        </member>
        <member name="P:Echoglossian.Properties.Resources.ConfigTab9CheckboxClipboardText">
            <summary>
              Looks up a localized string similar to Automatically copy the last translation to the Plugin Clipboard.
            </summary>
        </member>
        <member name="P:Echoglossian.Properties.Resources.ConfigTab9CheckboxClipboardTooltipText">
            <summary>
              Looks up a localized string similar to This setting copies the last translation and source text to the clipboard (Works with Talk and BattleTalk).
            </summary>
        </member>
        <member name="P:Echoglossian.Properties.Resources.ConfigTab9Name">
            <summary>
              Looks up a localized string similar to Misc. Settings.
            </summary>
        </member>
        <member name="P:Echoglossian.Properties.Resources.ConfigTab9Text">
            <summary>
              Looks up a localized string similar to Miscellaneous Plugin Options and Settings.
            </summary>
        </member>
        <member name="P:Echoglossian.Properties.Resources.ConfigTabAbout">
            <summary>
              Looks up a localized string similar to About Echoglossian.
            </summary>
        </member>
        <member name="P:Echoglossian.Properties.Resources.ConfigWindowTitle">
            <summary>
              Looks up a localized string similar to Echoglossian Configuration.
            </summary>
        </member>
        <member name="P:Echoglossian.Properties.Resources.ContribText">
            <summary>
              Looks up a localized string similar to Please support us either by contributing to the project development, submitting issues or helping us with a coffee..
            </summary>
        </member>
        <member name="P:Echoglossian.Properties.Resources.CurrentPluginAssetsStatus">
            <summary>
              Looks up a localized string similar to Are the plugin assets downloaded?.
            </summary>
        </member>
        <member name="P:Echoglossian.Properties.Resources.cutscenechoice">
            <summary>
              Looks up a localized resource of type System.Byte[].
            </summary>
        </member>
        <member name="P:Echoglossian.Properties.Resources.DeepLTransAPIKey">
            <summary>
              Looks up a localized string similar to Use API Key (recommended).
            </summary>
        </member>
        <member name="P:Echoglossian.Properties.Resources.DeeplTranslatorApiKey">
            <summary>
              Looks up a localized string similar to Add your DeepL API Key.
            </summary>
        </member>
        <member name="P:Echoglossian.Properties.Resources.DeepLTranslatorAPIKeyLink">
            <summary>
              Looks up a localized string similar to Click here to create a DeepL API Key.
            </summary>
        </member>
        <member name="P:Echoglossian.Properties.Resources.DisclaimerText1">
            <summary>
              Looks up a localized string similar to This plugin is aimed at solving one of the biggest issues for audiences that do not speak either English, German, French or Japanese: Understanding dialogues and other elements of the Game UI..
            </summary>
        </member>
        <member name="P:Echoglossian.Properties.Resources.DisclaimerText2">
            <summary>
              Looks up a localized string similar to For now we only do auto-translations through Google Translate API, but in the future we intend to support other ML translation systems. We even have ideas targetting crowdsourced translations, curated by the community..
            </summary>
        </member>
        <member name="P:Echoglossian.Properties.Resources.DisclaimerTitle">
            <summary>
              Looks up a localized string similar to About Echoglossian:.
            </summary>
        </member>
        <member name="P:Echoglossian.Properties.Resources.DownloadingAssetsPopupMsg">
            <summary>
              Looks up a localized string similar to Downloading extra plugin assets in background. Please wait for the download to finish before opening settings!.
            </summary>
        </member>
        <member name="P:Echoglossian.Properties.Resources.DownloadPluginAssetsButtonText">
            <summary>
              Looks up a localized string similar to Force re-download plugin assets.
            </summary>
        </member>
        <member name="P:Echoglossian.Properties.Resources.EchoglossianPathModal">
            <summary>
              Looks up a localized string similar to Attention!.
            </summary>
        </member>
        <member name="P:Echoglossian.Properties.Resources.EnableTranslation">
            <summary>
              Looks up a localized string similar to Activate game text realtime translation.
            </summary>
        </member>
        <member name="P:Echoglossian.Properties.Resources.FontColorSelectLabel">
            <summary>
              Looks up a localized string similar to Overlay font color:.
            </summary>
        </member>
        <member name="P:Echoglossian.Properties.Resources.HelpMessage">
            <summary>
              Looks up a localized string similar to Opens Echoglossian config window.
            </summary>
        </member>
        <member name="P:Echoglossian.Properties.Resources.HoverTooltipIndicator">
            <summary>
              Looks up a localized string similar to (?).
            </summary>
        </member>
        <member name="P:Echoglossian.Properties.Resources.ImguiAdjustmentsLabel">
            <summary>
              Looks up a localized string similar to Adjust the options related to the translation overlay:.
            </summary>
        </member>
        <member name="P:Echoglossian.Properties.Resources.LangIdentError">
            <summary>
              Looks up a localized string similar to The language could not be identified with an acceptable degree of certainty.
            </summary>
        </member>
        <member name="P:Echoglossian.Properties.Resources.LanguageNotSupportedText">
            <summary>
              Looks up a localized string similar to The selected language is not supported by the currently available translation backend.
            </summary>
        </member>
        <member name="P:Echoglossian.Properties.Resources.LanguageOnlySupportedUsingOverlay">
            <summary>
              Looks up a localized string similar to The selected language is only supported using the plugin overlays due to limitations of the native game Font.
            </summary>
        </member>
        <member name="P:Echoglossian.Properties.Resources.LanguageSelectionTooltip">
            <summary>
              Looks up a localized string similar to Which language to translate the in-game dialogue boxes to..
            </summary>
        </member>
        <member name="P:Echoglossian.Properties.Resources.LanguageSelectLabelText">
            <summary>
              Looks up a localized string similar to Language to translate to.
            </summary>
        </member>
        <member name="P:Echoglossian.Properties.Resources.logo">
            <summary>
              Looks up a localized resource of type System.Byte[].
            </summary>
        </member>
        <member name="P:Echoglossian.Properties.Resources.minfilia">
            <summary>
              Looks up a localized resource of type System.Byte[].
            </summary>
        </member>
        <member name="P:Echoglossian.Properties.Resources.Name">
            <summary>
              Looks up a localized string similar to Echoglossian.
            </summary>
        </member>
        <member name="P:Echoglossian.Properties.Resources.NEListText">
            <summary>
              Looks up a localized string similar to The non-exhaustive list of issues and TODOs is available in the link below:.
            </summary>
        </member>
        <member name="P:Echoglossian.Properties.Resources.OverlayAdjustmentOrientations">
            <summary>
              Looks up a localized string similar to Please adjust position if your overlay is not centered relative to the game&apos;s UI text box..
            </summary>
        </member>
        <member name="P:Echoglossian.Properties.Resources.OverlayColorSelectName">
            <summary>
              Looks up a localized string similar to OverlayColorSelect.
            </summary>
        </member>
        <member name="P:Echoglossian.Properties.Resources.OverlayFontColorOrientations">
            <summary>
              Looks up a localized string similar to Click to choose the overlay font color.
            </summary>
        </member>
        <member name="P:Echoglossian.Properties.Resources.OverlayFontScaleLabel">
            <summary>
              Looks up a localized string similar to Adjust the Overlay font scale.
            </summary>
        </member>
        <member name="P:Echoglossian.Properties.Resources.OverlayFontSizeLabel">
            <summary>
              Looks up a localized string similar to Overlay Font Size.
            </summary>
        </member>
        <member name="P:Echoglossian.Properties.Resources.OverlayFontSizeOrientations">
            <summary>
              Looks up a localized string similar to Select the font size for the text overlay.
            </summary>
        </member>
        <member name="P:Echoglossian.Properties.Resources.OverlayHeightScrollLabel">
            <summary>
              Looks up a localized string similar to Translation Overlay Height multiplier.
            </summary>
        </member>
        <member name="P:Echoglossian.Properties.Resources.OverlayName">
            <summary>
              Looks up a localized string similar to Battle talk (Enenies dialogue lines) translation.
            </summary>
        </member>
        <member name="P:Echoglossian.Properties.Resources.OverlayPositionAdjustmentLabel">
            <summary>
              Looks up a localized string similar to Position adjustment.
            </summary>
        </member>
        <member name="P:Echoglossian.Properties.Resources.OverlayToggleLabel">
            <summary>
              Looks up a localized string similar to Display translated text overlay above game UI text box instead of replacing its text with the translation.
            </summary>
        </member>
        <member name="P:Echoglossian.Properties.Resources.OverlayWidthMultiplierOrientations">
            <summary>
              Looks up a localized string similar to Adjust translation overlay width.
            </summary>
        </member>
        <member name="P:Echoglossian.Properties.Resources.OverlayWidthScrollLabel">
            <summary>
              Looks up a localized string similar to Translation Overlay Width multiplier.
            </summary>
        </member>
        <member name="P:Echoglossian.Properties.Resources.PathInputInstructions">
            <summary>
              Looks up a localized string similar to Absolute path to Echoglossian folder (inside XIVLauncher -&gt; pluginConfigs folder).
            </summary>
        </member>
        <member name="P:Echoglossian.Properties.Resources.PathTypeInstructions">
            <summary>
              Looks up a localized string similar to Please type the path and save so the plugin can work properly!.
            </summary>
        </member>
        <member name="P:Echoglossian.Properties.Resources.PatronButtonLabel">
            <summary>
              Looks up a localized string similar to Buy lokinmodar a Coffee.
            </summary>
        </member>
        <member name="P:Echoglossian.Properties.Resources.pix">
            <summary>
              Looks up a localized resource of type System.Byte[].
            </summary>
        </member>
        <member name="P:Echoglossian.Properties.Resources.PixQrWindowLabel">
            <summary>
              Looks up a localized string similar to PIX qrcode.
            </summary>
        </member>
        <member name="P:Echoglossian.Properties.Resources.PixText">
            <summary>
              Looks up a localized string similar to Scan the QR code to send me a PIX - only valid in Brazil.
            </summary>
        </member>
        <member name="P:Echoglossian.Properties.Resources.PluginAssetsDownloadedText">
            <summary>
              Looks up a localized string similar to Plugin assets downloaded!.
            </summary>
        </member>
        <member name="P:Echoglossian.Properties.Resources.PluginAssetsNotDownloadedText">
            <summary>
              Looks up a localized string similar to If you see garbled text or invalid characters in the translation window\nit is an indicative that some plugin asset fonts may be missing or corrupted.\n\n Clicking the button below triggers an asset check and re-downloads them..
            </summary>
        </member>
        <member name="P:Echoglossian.Properties.Resources.PluginInterfaceLanguage">
            <summary>
              Looks up a localized string similar to Choose the language for the plugin configuration window.
            </summary>
        </member>
        <member name="P:Echoglossian.Properties.Resources.PluginInterfaceLanguageSelectorText">
            <summary>
              Looks up a localized string similar to Config Window LanguageInfo:.
            </summary>
        </member>
        <member name="P:Echoglossian.Properties.Resources.prttws">
            <summary>
              Looks up a localized resource of type System.Byte[].
            </summary>
        </member>
        <member name="P:Echoglossian.Properties.Resources.QRCodeInstructionsText">
            <summary>
              Looks up a localized string similar to Scan the QR code to send me a PIX - only valid in Brazil.
            </summary>
        </member>
        <member name="P:Echoglossian.Properties.Resources.ResetConfigsButton">
            <summary>
              Looks up a localized string similar to Reset Settings.
            </summary>
        </member>
        <member name="P:Echoglossian.Properties.Resources.SaveCloseButtonLabel">
            <summary>
              Looks up a localized string similar to Save and Close Config Window.
            </summary>
        </member>
        <member name="P:Echoglossian.Properties.Resources.SendPixButton">
            <summary>
              Looks up a localized string similar to Send me a PIX donation!.
            </summary>
        </member>
        <member name="P:Echoglossian.Properties.Resources.SettingsForChatGptTransText">
            <summary>
              Looks up a localized string similar to Settings for ChatGPT.
            </summary>
        </member>
        <member name="P:Echoglossian.Properties.Resources.SettingsForDeepLTransText">
            <summary>
              Looks up a localized string similar to Optional settings for DeepL:.
            </summary>
        </member>
        <member name="P:Echoglossian.Properties.Resources.SettingsForGTransText">
            <summary>
              Looks up a localized string similar to Settings for Google Translate:.
            </summary>
        </member>
        <member name="P:Echoglossian.Properties.Resources.SettingsReset">
            <summary>
              Looks up a localized string similar to Echoglossian settings reset to default successfully!.
            </summary>
        </member>
        <member name="P:Echoglossian.Properties.Resources.SwapTranslationTextToggle">
            <summary>
              Looks up a localized string similar to Show Original dialogue text in Overlay and Translated in the Game UI dialogue box.
            </summary>
        </member>
        <member name="P:Echoglossian.Properties.Resources.ToastOverlayWidthMultiplierOrientations">
            <summary>
              Looks up a localized string similar to Adjust toast translation overlay width.
            </summary>
        </member>
        <member name="P:Echoglossian.Properties.Resources.ToastOverlayWidthScrollLabel">
            <summary>
              Looks up a localized string similar to Toast Overlay Width multiplier.
            </summary>
        </member>
        <member name="P:Echoglossian.Properties.Resources.TodoUrl">
            <summary>
              Looks up a localized string similar to TODOs List on Github.
            </summary>
        </member>
        <member name="P:Echoglossian.Properties.Resources.TranslateAreaToastToggleText">
            <summary>
              Looks up a localized string similar to Translate in-game Area name Toast Messages.
            </summary>
        </member>
        <member name="P:Echoglossian.Properties.Resources.TransLateBattletalkToggle">
            <summary>
              Looks up a localized string similar to Translate battle talk.
            </summary>
        </member>
        <member name="P:Echoglossian.Properties.Resources.TranslateClassChangeToastToggleText">
            <summary>
              Looks up a localized string similar to Translate in-game Class/Job change Toast Messages.
            </summary>
        </member>
        <member name="P:Echoglossian.Properties.Resources.TranslateErrorToastToggleText">
            <summary>
              Looks up a localized string similar to Translate in-game Error Toast Messages.
            </summary>
        </member>
        <member name="P:Echoglossian.Properties.Resources.TranslateJournalToggle">
            <summary>
              Looks up a localized string similar to Translate quest name, description and objectives (WIP).
            </summary>
        </member>
        <member name="P:Echoglossian.Properties.Resources.TranslateNpcNamesToggle">
            <summary>
              Looks up a localized string similar to Translate NPCs names in dialogue boxes.
            </summary>
        </member>
        <member name="P:Echoglossian.Properties.Resources.TranslateQuestToastToggleText">
            <summary>
              Looks up a localized string similar to Translate in-game Quest Toast Messages.
            </summary>
        </member>
        <member name="P:Echoglossian.Properties.Resources.TranslateScreenInfoToastToggleText">
            <summary>
              Looks up a localized string similar to Translate other in-game miscellaneous Toast Messages.
            </summary>
        </member>
        <member name="P:Echoglossian.Properties.Resources.TranslateTalkSubtitleToggleLabel">
            <summary>
              Looks up a localized string similar to Translate Cutscene Subtitles.
            </summary>
        </member>
        <member name="P:Echoglossian.Properties.Resources.TranslateTalkToggleLabel">
            <summary>
              Looks up a localized string similar to Translate in-game dialogues.
            </summary>
        </member>
        <member name="P:Echoglossian.Properties.Resources.TranslateTextsAgain">
            <summary>
              Looks up a localized string similar to Translate again stored translated texts with the selected translation engine.
            </summary>
        </member>
        <member name="P:Echoglossian.Properties.Resources.TranslateToastToggleText">
            <summary>
              Looks up a localized string similar to Translate in-game Toast Messages.
            </summary>
        </member>
        <member name="P:Echoglossian.Properties.Resources.TranslationDisabled">
            <summary>
              Looks up a localized string similar to Translations are Disabled!.
            </summary>
        </member>
        <member name="P:Echoglossian.Properties.Resources.TranslationEnabled">
            <summary>
              Looks up a localized string similar to Translations are Enabled!.
            </summary>
        </member>
        <member name="P:Echoglossian.Properties.Resources.TranslationEngineChoose">
            <summary>
              Looks up a localized string similar to Choose the translation engine.
            </summary>
        </member>
        <member name="P:Echoglossian.Properties.Resources.TranslationEngineSettingsNotRequired">
            <summary>
              Looks up a localized string similar to This translation engine does not require any special settings..
            </summary>
        </member>
        <member name="P:Echoglossian.Properties.Resources.TranslationsEnabled">
            <summary>
              Looks up a localized string similar to Translations are Enabled!.
            </summary>
        </member>
        <member name="P:Echoglossian.Properties.Resources.UseImGuiForToastsToggle">
            <summary>
              Looks up a localized string similar to Use overlay to show Toasts translations (WIP).
            </summary>
        </member>
        <member name="P:Echoglossian.Properties.Resources.WaitingForTranslation">
            <summary>
              Looks up a localized string similar to Awaiting translation....
            </summary>
        </member>
        <member name="P:Echoglossian.Properties.Resources.WhatToTranslateText">
            <summary>
              Looks up a localized string similar to Select what kind of text you want to be translated in the corresponding tab below!.
            </summary>
        </member>
        <member name="P:Echoglossian.Properties.Resources.WhichToastsToTranslate">
            <summary>
              Looks up a localized string similar to Select which kind of in-game message toasts to translate.
            </summary>
        </member>
        <member name="M:Echoglossian.SimpleWindow.#ctor(System.String,ImGuiNET.ImGuiWindowFlags,System.Boolean,System.String,System.Boolean,System.Int32,System.Numerics.Vector2,System.Numerics.Vector2,System.Numerics.Vector2,ImGuiNET.ImFontPtr,System.Boolean,System.Threading.SemaphoreSlim)">
            <summary>
            Initializes a new instance of the <see cref="T:Echoglossian.SimpleWindow"/> class.
            </summary>
            <param name="name">Window Name.</param>
            <param name="flags">Window Flags.</param>
            <param name="forceMainWindow"></param>
            <param name="translation"></param>
            <param name="displayTranslation"></param>
            <param name="curentTranslationId"></param>
            <param name="textDimensions"></param>
            <param name="textImguiSize"></param>
            <param name="textPosition"></param>
            <param name="uiFont"></param>
            <param name="fontLoaded"></param>
            <param name="translationSemaphore"></param>
        </member>
    </members>
</doc>
