{
  "Author": "daemitus, MidoriKami",
  "Name": "ezFauxHollows",
  "InternalName": "FauxHollowsSolver",
  "AssemblyVersion": "1.5.1.1",
  "Description": "This plugin highlights tiles in Faux Hollows that represent the best potential action you can take.",
  "ApplicableVersion": "any",
  "RepoUrl": "https://github.com/MidoriKami/FauxHollowsSolver",
  "DalamudApiLevel": 14,
  "LoadRequiredState": 0,
  "LoadSync": false,
  "CanUnloadAsync": false,
  "LoadPriority": 0,
  "Punchline": "Highlights recommended tiles in Faux Hollows for your next move.",
  "AcceptsFeedback": true
}