{
  "Author": "Fuwa Aika",
  "Name": "Razer Reader",
  "InternalName": "RazerReader",
  "AssemblyVersion": "1.1.2.0",
  "Description": "Select your installed version of Razer Synapse to automatically pull device battery levels from local log files",
  "ApplicableVersion": "any",
  "Tags": [
    "razer",
    "battery",
    "mouse",
    "headset",
    "keyboard",
    "wireless"
  ],
  "DalamudApiLevel": 13,
  "LoadRequiredState": 0,
  "LoadSync": false,
  "CanUnloadAsync": false,
  "LoadPriority": 0,
  "Punchline": "Display the battery level of your wireless Razer devices",
  "AcceptsFeedback": true
}