{
  "Author": "Berna, kai, Kiri",
  "Name": "Congratulations",
  "InternalName": "Congratulations",
  "AssemblyVersion": "1.4.2.0",
  "Description": "Get aurally rewarded when you get commended on duties.",
  "ApplicableVersion": "any",
  "Tags": [
    "plugin",
    "audio"
  ],
  "DalamudApiLevel": 14,
  "LoadRequiredState": 0,
  "LoadSync": false,
  "CanUnloadAsync": false,
  "LoadPriority": 0,
  "Punchline": "Get aurally rewarded when you get commended on duties.",
  "AcceptsFeedback": true
}