{
  "Author": "Franz",
  "Name": "FlashOnTell",
  "InternalName": "FlashOnTell",
  "AssemblyVersion": "0.0.6.0",
  "Description": "Flash FFXIV's program on the taskbar when you receive a /tell. This plugin has no configurable settings at this time.",
  "ApplicableVersion": "any",
  "RepoUrl": "https://github.com/reiichi001/Dalamud-FlashOnTellPlugin",
  "DalamudApiLevel": 10,
  "LoadRequiredState": 0,
  "LoadSync": false,
  "CanUnloadAsync": false,
  "LoadPriority": 0,
  "Punchline": "Flash FFXIV's program on the taskbar when you receive a /tell",
  "AcceptsFeedback": true
}