{
  "Author": "Chivalrik",
  "Name": "Compass",
  "InternalName": "Compass",
  "AssemblyVersion": "1.32.0",
  "Description": "Check-out the repository for steps on how to report missing/wrong filter\nand hiding options. Have a look at the FAQ tab in the config window\nafter install for common caveats.",
  "ApplicableVersion": "any",
  "RepoUrl": "https://github.com/fitzchivalrik/compass",
  "Tags": [
    "UI",
    "Minimap",
    "Compass",
    "Navigation"
  ],
  "DalamudApiLevel": 14,
  "LoadRequiredState": 0,
  "LoadSync": false,
  "CanUnloadAsync": false,
  "LoadPriority": 0,
  "Punchline": "Monodimensional compass for your adventures.",
  "Changelog": "- chore: Update to API14 (thanks @ashen-dawn)\n\nNOTE: Since 7.0, Compass seems to work funky in some cases.\nI am sorry, but I cannot promise that I will manage to work on plugins for the foreseeable future.\nI can, however, promise to have a look at any potential PR in a timely manner.",
  "AcceptsFeedback": true
}