{
  "Author": "Chivalrik",
  "Name": "Compass",
  "InternalName": "Compass",
  "AssemblyVersion": "1.26.2",
  "Description": "Check-out the repository for steps on how to report missing/wrong filter\nand hiding options. Have a look at the FAQ tab in the config window\nafter install for common caveats.",
  "ApplicableVersion": "any",
  "RepoUrl": "https://github.com/fitzchivalrik/compass",
  "DalamudApiLevel": 8,
  "LoadRequiredState": 0,
  "LoadSync": false,
  "LoadPriority": 0,
  "Punchline": "Monodimensional compass for your adventures.",
  "Changelog": "- chore: Update to API 8",
  "AcceptsFeedback": true
}