{
  "Author": "NotNite, harbingerftw",
  "Name": "Better in Blue",
  "InternalName": "BetterInBlue",
  "AssemblyVersion": "2.1.0.0",
  "Description": "Allows you to save, load, and share infinite Blue Mage spell loadouts and hotbars.",
  "ApplicableVersion": "any",
  "RepoUrl": "https://github.com/harbingerftw/BetterInBlue",
  "Tags": [
    "blue",
    "mage",
    "blu",
    "spell",
    "action"
  ],
  "CategoryTags": [
    "jobs"
  ],
  "DalamudApiLevel": 14,
  "LoadRequiredState": 0,
  "LoadSync": false,
  "CanUnloadAsync": false,
  "LoadPriority": 0,
  "Punchline": "Infinite Blue Mage spell loadouts.",
  "AcceptsFeedback": true
}