{
  "Author": "NotNite, harbingerftw",
  "Name": "Better in Blue",
  "InternalName": "BetterInBlue",
  "AssemblyVersion": "2.0.3.0",
  "Description": "Allows you to save, load, and share infinite Blue Mage spell loadouts and hotbars.",
  "ApplicableVersion": "any",
  "RepoUrl": "https://github.com/harbingerftw/BetterInBlue",
  "Tags": [
    "blue",
    "mage",
    "blu",
    "spell",
    "action"
  ],
  "DalamudApiLevel": 13,
  "LoadRequiredState": 0,
  "LoadSync": false,
  "CanUnloadAsync": false,
  "LoadPriority": 0,
  "IconUrl": "https://raw.githubusercontent.com/harbingerftw/BetterInBlue/main/icon.png",
  "Punchline": "Infinite Blue Mage spell loadouts.",
  "AcceptsFeedback": true
}