{
  "Author": "Koenari",
  "Name": "Himbeertoni Raid Tool",
  "InternalName": "HimbeertoniRaidTool",
  "AssemblyVersion": "1.10.1.0",
  "Description": "A collection of useful tools for RaidGroups, including loot management",
  "ApplicableVersion": "any",
  "RepoUrl": "https://github.com/Koenari/HimbeertoniRaidTool/",
  "Tags": [
    "Raid",
    "Loot",
    "Equipment",
    "Gear"
  ],
  "DalamudApiLevel": 14,
  "LoadRequiredState": 0,
  "LoadSync": false,
  "CanUnloadAsync": false,
  "LoadPriority": 0,
  "Punchline": "All you need for Raiding",
  "Changelog": "    General: Updated for 7.4\n    Loot Session: All non weapon drops are now pre-selected in loot session\n",
  "AcceptsFeedback": true
}