{
  "Author": "Koenari",
  "Name": "Himbeertoni Raid Tool",
  "InternalName": "HimbeertoniRaidTool",
  "AssemblyVersion": "1.8.0.2",
  "Description": "A collection of useful tools for raid groups, including loot management",
  "ApplicableVersion": "any",
  "RepoUrl": "https://github.com/Koenari/HimbeertoniRaidTool/",
  "Tags": [
    "Raid",
    "Loot",
    "Equipment",
    "Gear"
  ],
  "DalamudApiLevel": 11,
  "LoadRequiredState": 0,
  "LoadSync": false,
  "CanUnloadAsync": false,
  "LoadPriority": 0,
  "Punchline": "All you need for Raiding",
  "Changelog": "    User Interface: Add quick select for job/character/player (similar to gear sets)\n    User Interface: Improved usability of BiS section in gear edit\n    Bugfix: 2nd,3rd,... set from XivGear.app sheets are now fetched correctly, not always the 1st\n",
  "AcceptsFeedback": true
}