{
  "Author": "Koenari",
  "Name": "Himbeertoni Raid Tool",
  "InternalName": "HimbeertoniRaidTool",
  "AssemblyVersion": "1.7.0.0",
  "Description": "A collection of useful tools for raid groups, including loot management",
  "ApplicableVersion": "any",
  "RepoUrl": "https://github.com/Koenari/HimbeertoniRaidTool/",
  "Tags": [
    "Raid",
    "Loot",
    "Equipment",
    "Gear"
  ],
  "DalamudApiLevel": 11,
  "LoadRequiredState": 0,
  "LoadSync": false,
  "CanUnloadAsync": false,
  "LoadPriority": 0,
  "Punchline": "All you need for Raiding",
  "Changelog": "    New Feature: Gearsets can have an alias. If an alias is set it is shown instead of the name in the Ui\n      This is editable even for sets from etro or XivGearApp\n    User Interface: Gearset origin is now shown in selection dropdown\n    General: Updated for 7.1\n    User Interface: New layout for the stats\n    User Interface: Overhauled item tooltips\n    Bugfix: Deleted sets get correctly removed from the gear/bis list\n    BiS: Update gear set buttons now work for XivGearApp (like they did for etro)\n    User Interface: Searching gear from database now actually shows useful information\n    User Interface: New layout for inventory/wallet\n    User Interface: Job selection buttons are bigger to have enough space for level 100 jobs\nKnown Issues:\n    Known Issue: Previous wallet and inventory data is lost\n",
  "AcceptsFeedback": true
}