{
  "Author": "Koenari",
  "Name": "Himbeertoni Raid Tool",
  "InternalName": "HimbeertoniRaidTool",
  "AssemblyVersion": "1.8.0.0",
  "Description": "A collection of useful tools for raid groups, including loot management",
  "ApplicableVersion": "any",
  "RepoUrl": "https://github.com/Koenari/HimbeertoniRaidTool/",
  "Tags": [
    "Raid",
    "Loot",
    "Equipment",
    "Gear"
  ],
  "DalamudApiLevel": 11,
  "LoadRequiredState": 0,
  "LoadSync": false,
  "CanUnloadAsync": false,
  "LoadPriority": 0,
  "Punchline": "All you need for Raiding",
  "Changelog": "    Gear: GearSets now support selection of food. You need to update all set from etro.gg and XivGear.app to get the food\n    Configuration: You can trigger updates for all gear sets from the options\n    Bugfix: XivGear.app sets now behave as expected (on update and edit)\n    System: A lot of changes on underlying systems. If you notice anything behaving strangely let me know via the official discord\n",
  "AcceptsFeedback": true
}