{
  "Author": "Koenari",
  "Name": "Himbeertoni Raid Tool",
  "InternalName": "HimbeertoniRaidTool",
  "AssemblyVersion": "1.3.4.0",
  "Description": "A collection of useful tools for RaidGroups, including loot management",
  "ApplicableVersion": "any",
  "RepoUrl": "https://github.com/Koenari/HimbeertoniRaidTool/wiki",
  "Tags": [
    "Raid",
    "Loot",
    "Equipment",
    "Gear"
  ],
  "DalamudApiLevel": 9,
  "LoadRequiredState": 0,
  "LoadSync": false,
  "CanUnloadAsync": false,
  "LoadPriority": 0,
  "ImageUrls": [
    "https://raw.githubusercontent.com/Koenari/HimbeertoniRaidTool/master/OtherResources/assets/loot_session.png",
    "https://raw.githubusercontent.com/Koenari/HimbeertoniRaidTool/master/OtherResources/assets/raid_view.png",
    "https://raw.githubusercontent.com/Koenari/HimbeertoniRaidTool/master/OtherResources/assets/solo_view.png"
  ],
  "IconUrl": "https://raw.githubusercontent.com/Koenari/HimbeertoniRaidTool/master/images/icon.png",
  "Punchline": "All you need for Raiding",
  "Changelog": "General: Updated for Dalamud API 9\nGeneral: Updated for FFXIV 6.5",
  "AcceptsFeedback": true
}