{
  "Author": "Koenari",
  "Name": "Himbeertoni Raid Tool",
  "InternalName": "HimbeertoniRaidTool",
  "AssemblyVersion": "1.1.4.59",
  "Description": "A collection of useful tools for RaidGroups, including loot management",
  "ApplicableVersion": "any",
  "RepoUrl": "https://github.com/Koenari/HimbeertoniRaidTool/wiki",
  "Tags": [
    "Raid",
    "Loot",
    "Equipment",
    "Gear"
  ],
  "DalamudApiLevel": 8,
  "LoadRequiredState": 0,
  "LoadSync": false,
  "LoadPriority": 0,
  "ImageUrls": [
    "https://raw.githubusercontent.com/Koenari/HimbeertoniRaidTool/master/OtherResources/assets/loot_session.png",
    "https://raw.githubusercontent.com/Koenari/HimbeertoniRaidTool/master/OtherResources/assets/raid_view.png",
    "https://raw.githubusercontent.com/Koenari/HimbeertoniRaidTool/master/OtherResources/assets/solo_view.png"
  ],
  "IconUrl": "https://raw.githubusercontent.com/Koenari/HimbeertoniRaidTool/master/images/icon.png",
  "Punchline": "All you need for Raiding",
  "Changelog": "New feature: Quickly compare current gear to potential gear\nUi: add icons (see config options)\nUi: reworked editing of gear\nUi: stat table now includes comparison values\nLootSession: new metric, estimated % dps gain/loss\nBugfix: fixed a crash in wine",
  "AcceptsFeedback": true
}