{
  "Author": "Koenari",
  "Name": "Himbeertoni Raid Tool",
  "InternalName": "HimbeertoniRaidTool",
  "AssemblyVersion": "1.5.2.3",
  "Description": "A collection of useful tools for raid groups, including loot management",
  "ApplicableVersion": "any",
  "RepoUrl": "https://github.com/Koenari/HimbeertoniRaidTool/",
  "Tags": [
    "Raid",
    "Loot",
    "Equipment",
    "Gear"
  ],
  "DalamudApiLevel": 9,
  "LoadRequiredState": 0,
  "LoadSync": false,
  "CanUnloadAsync": false,
  "LoadPriority": 0,
  "Punchline": "All you need for Raiding",
  "Changelog": "    Localization: Fixed edit buttons tooltip to not say \"add\"\n    Gear: You can restrict automatic overrides for irrelevant gear (see config)\n    Localization: German (Deutsch) translation updated\n",
  "AcceptsFeedback": true
}