{
  "Author": "Koenari",
  "Name": "Himbeertoni Raid Tool",
  "InternalName": "HimbeertoniRaidTool",
  "AssemblyVersion": "1.3.1.1",
  "Description": "A collection of useful tools for RaidGroups, including loot management",
  "ApplicableVersion": "any",
  "RepoUrl": "https://github.com/Koenari/HimbeertoniRaidTool/wiki",
  "Tags": [
    "Raid",
    "Loot",
    "Equipment",
    "Gear"
  ],
  "DalamudApiLevel": 8,
  "LoadRequiredState": 0,
  "LoadSync": false,
  "CanUnloadAsync": false,
  "LoadPriority": 0,
  "ImageUrls": [
    "https://raw.githubusercontent.com/Koenari/HimbeertoniRaidTool/master/OtherResources/assets/loot_session.png",
    "https://raw.githubusercontent.com/Koenari/HimbeertoniRaidTool/master/OtherResources/assets/raid_view.png",
    "https://raw.githubusercontent.com/Koenari/HimbeertoniRaidTool/master/OtherResources/assets/solo_view.png"
  ],
  "IconUrl": "https://raw.githubusercontent.com/Koenari/HimbeertoniRaidTool/master/images/icon.png",
  "Punchline": "All you need for Raiding",
  "Changelog": "General: Only cap applicable stats on items\nGeneral: Fixed stat claculations due to unintentionally capping stats lower than intended\nLoot Session: \\%DPS gain now properly takes SKS/SPS into account\nLoot Session: Removed manually curated DPS for players\nEdit Gear: Properly handle local and etro.gg sets (Etro sets cannot be edited and need to be converted to local to edit)\nEdit Gear: Slightly reworked Ui\nEdit Gear: You can now edit the names of sets",
  "AcceptsFeedback": true
}