{
  "Author": "Anna, Maintained by chirp",
  "Name": "Globetrotter",
  "InternalName": "Globetrotter",
  "AssemblyVersion": "1.2.13",
  "Description": "Automatically shows where treasure maps are located.\n\nIcon: Map by Adrien Coquet from the Noun Project",
  "ApplicableVersion": "any",
  "RepoUrl": "https://github.com/chirpxiv/Globetrotter",
  "DalamudApiLevel": 12,
  "LoadRequiredState": 0,
  "LoadSync": false,
  "CanUnloadAsync": false,
  "LoadPriority": 0,
  "Punchline": "Automatically shows where treasure maps are located.",
  "AcceptsFeedback": true
}