{
  "Author": "Asriel, Lumi, NPittinger",
  "Name": "Waitingway",
  "InternalName": "Waitingway.Dalamud",
  "AssemblyVersion": "2.0.1.0",
  "Description": "Contributes and utilizes crowdsourced login queue information for the benefit of everyone.\n\nCurrent features include queue time estimates and notifications via Discord, so you can know when you make it\ninto the game, as well as anonymously collecting and reporting statistics about your login queue times to crowdsource\ninformation about FFXIV server load. This information will be publicly available in the future; check the Discord for updates!\n\nDiscord URL: https://waiting.camora.dev/discord",
  "ApplicableVersion": "any",
  "RepoUrl": "https://waiting.camora.dev",
  "Tags": [
    "queue",
    "world",
    "datacenter",
    "region",
    "discord",
    "notification",
    "crowdsource"
  ],
  "CategoryTags": [
    "Utility",
    "Other"
  ],
  "DalamudApiLevel": 9,
  "LoadRequiredState": 0,
  "LoadSync": false,
  "CanUnloadAsync": false,
  "LoadPriority": 0,
  "IconUrl": "https://git.camora.dev/asriel/Waitingway/raw/branch/main/icon.png",
  "Punchline": "Crowdsourced FFXIV login queue times, now with Discord queue notification features.",
  "AcceptsFeedback": true
}