{
  "Author": "Asriel",
  "Name": "Waitingway",
  "InternalName": "Waitingway.Dalamud",
  "AssemblyVersion": "2.3.0.0",
  "Description": "Contributes and utilizes crowdsourced login, duty, and roulette queue information for the benefit of everyone.\n\nCurrent features include queue time estimates and notifications via Discord, so you can know when you make it into the game, as well as anonymously collecting and reporting statistics about your queue times to crowdsource information about FFXIV server load and activity. Join our Discord for more information!\n\nDiscord URL: https://waiting.camora.dev/discord",
  "ApplicableVersion": "any",
  "RepoUrl": "https://waiting.camora.dev",
  "Tags": [
    "queue",
    "duty",
    "roulette",
    "party",
    "login",
    "lobby",
    "time",
    "world",
    "datacenter",
    "region",
    "discord",
    "notification",
    "crowdsource"
  ],
  "CategoryTags": [
    "Utility",
    "Other"
  ],
  "DalamudApiLevel": 12,
  "LoadRequiredState": 0,
  "LoadSync": false,
  "CanUnloadAsync": false,
  "LoadPriority": 0,
  "IconUrl": "https://git.camora.dev/asriel/Waitingway/raw/branch/main/icon.png",
  "Punchline": "Set out for Dawntrail and make your queues a breeze. Waitingway provides crowdsourced FFXIV login queue times, now with Discord queue notification features.",
  "AcceptsFeedback": true
}