{
  "Author": "Lore",
  "Name": "TooltipNotes",
  "InternalName": "TooltipNotes",
  "AssemblyVersion": "1.0.0.0",
  "Description": "By Right-clicking an Item you can add a new note or edit an existing one",
  "ApplicableVersion": "any",
  "Tags": [
    "TooltipNotes",
    "plugin",
    "Lore",
    "Notes"
  ],
  "DalamudApiLevel": 8,
  "LoadRequiredState": 0,
  "LoadSync": false,
  "CanUnloadAsync": false,
  "LoadPriority": 0,
  "Punchline": "A Plugin that lets you add notes to item Tooltips",
  "AcceptsFeedback": true
}