{
  "Author": "Lore",
  "Name": "TooltipNotes",
  "InternalName": "TooltipNotes",
  "AssemblyVersion": "1.7.1.0",
  "Description": "Right-click any item in your inventory to start adding a note,or make a label in the config window to start adding your own labels",
  "ApplicableVersion": "any",
  "Tags": [
    "TooltipNotes",
    "plugin",
    "Lore",
    "Notes"
  ],
  "DalamudApiLevel": 13,
  "LoadRequiredState": 0,
  "LoadSync": false,
  "CanUnloadAsync": false,
  "LoadPriority": 0,
  "Punchline": "A Plugin that lets you add notes to item Tooltips",
  "AcceptsFeedback": true
}