{
  "Author": "NotNite",
  "Name": "ReSanctuary",
  "InternalName": "ReSanctuary",
  "AssemblyVersion": "1.1.0.8",
  "Description": "A plugin to improve Island Sanctuary. Features:\n\n- Mark items to gather on the proper map\n- Gathering & crafting todo-list, showing you what mats you require\n- (planned) Better inventory view\n- Widget for quick access to information\n\nIcon from the Mutant Standard project.",
  "ApplicableVersion": "any",
  "RepoUrl": "https://github.com/NotNite/ReSanctuary",
  "Tags": [
    "island",
    "sanctuary"
  ],
  "DalamudApiLevel": 7,
  "LoadPriority": 0,
  "Punchline": "Improve your Island Sanctuary experience."
}