{
  "Author": "NotNite",
  "Name": "ReSanctuary",
  "InternalName": "ReSanctuary",
  "AssemblyVersion": "1.3.0.0",
  "Description": "A plugin to improve Island Sanctuary. Features:\n\n- Mark items to gather on the proper map\n- Gathering & crafting todo-list, showing you what mats you require\n- Widget for quick access to information\n\nIcon from the Mutant Standard project.",
  "ApplicableVersion": "any",
  "RepoUrl": "https://github.com/NotNite/ReSanctuary",
  "Tags": [
    "island",
    "sanctuary"
  ],
  "DalamudApiLevel": 9,
  "LoadRequiredState": 0,
  "LoadSync": false,
  "CanUnloadAsync": false,
  "LoadPriority": 0,
  "Punchline": "Improve your Island Sanctuary experience.",
  "AcceptsFeedback": true
}