{
  "Author": "Infi, Sl0nderman",
  "Name": "Blue Mage Helper",
  "InternalName": "BlueMageHelper",
  "AssemblyVersion": "3.0.1.2",
  "Description": "Adds monster names and coordinates to the \"Where to Learn\" section of your blue mage spellbook.",
  "ApplicableVersion": "any",
  "RepoUrl": "https://github.com/Infiziert90/BlueMageHelper",
  "Tags": [
    "spells",
    "spellbook",
    "blu"
  ],
  "CategoryTags": [
    "jobs"
  ],
  "DalamudApiLevel": 9,
  "LoadRequiredState": 0,
  "LoadSync": false,
  "CanUnloadAsync": false,
  "LoadPriority": 0,
  "Punchline": "Helps you fill out your Blue Mage Spellbook",
  "AcceptsFeedback": true
}