{
  "1": {
    "Name": "Water Cannon",
    "Icon": 72203,
    "Sources": [
      {
        "Info": "Become a Blue Mage",
        "AcquiringTips": "",
        "Type": 99,
        "TerritoryTypeID": 0,
        "xCoord": 0.0,
        "yCoord": 0.0
      }
    ]
  },
  "2": {
    "Name": "Flame Thrower",
    "Icon": 72220,
    "Sources": [
      {
        "Info": "(Last Boss) Gobmachine G-VI",
        "AcquiringTips": "",
        "Type": 99,
        "TerritoryTypeID": 362,
        "xCoord": 0.0,
        "yCoord": 0.0
      },
      {
        "Info": "Einhander",
        "AcquiringTips": "Einhander will only use Flame Thrower if it has the weapon in its talons. If it is holding the gatling gun, it will not cast it.",
        "Type": 13,
        "TerritoryTypeID": 1063,
        "xCoord": 0.0,
        "yCoord": 0.0
      },
      {
        "Info": "Omega",
        "AcquiringTips": "",
        "Type": 99,
        "TerritoryTypeID": 800,
        "xCoord": 0.0,
        "yCoord": 0.0
      }
    ]
  },
  "3": {
    "Name": "Aqua Breath",
    "Icon": 72208,
    "Sources": [
      {
        "Info": "Ultros",
        "AcquiringTips": "Aqua Breath is the signature attack of Ultros. He will use it frequently.",
        "Type": 99,
        "TerritoryTypeID": 142,
        "xCoord": 0.0,
        "yCoord": 0.0
      },
      {
        "Info": "Leviathan",
        "AcquiringTips": "",
        "Type": 99,
        "TerritoryTypeID": 359,
        "xCoord": 0.0,
        "yCoord": 0.0
      }
    ]
  },
  "4": {
    "Name": "Flying Frenzy",
    "Icon": 72207,
    "Sources": [
      {
        "Info": "(2nd Boss) Zu",
        "AcquiringTips": "Zu will only use the ability when you break the eggs at the perimeter. Only 2 eggs need to be broken.\nThe spell has no cast bar, but is animated as a body slam against the top aggro'd player.",
        "Type": 99,
        "TerritoryTypeID": 160,
        "xCoord": 0.0,
        "yCoord": 0.0
      },
      {
        "Info": "Cornu",
        "AcquiringTips": "The spell has no cast bar, but is animated as a body slam against the top aggro'd player.",
        "Type": 100,
        "TerritoryTypeID": 180,
        "xCoord": 0.0,
        "yCoord": 0.0
      }
    ]
  },
  "5": {
    "Name": "Drill Cannons",
    "Icon": 72216,
    "Sources": [
      {
        "Info": "Lvl. 50 Magitek Vanguard H-2",
        "AcquiringTips": "Drill Cannon is used only when enemies are at 50% or below HP.",
        "Type": 2,
        "TerritoryTypeID": 147,
        "xCoord": 16.0,
        "yCoord": 15.0
      },
      {
        "Info": "(2nd Boss) Magitek Vangob G-III",
        "AcquiringTips": "Drill Cannon is used only when enemies are at 50% or below HP.",
        "Type": 13,
        "TerritoryTypeID": 362,
        "xCoord": 0.0,
        "yCoord": 0.0
      }
    ]
  },
  "6": {
    "Name": "High Voltage",
    "Icon": 72205,
    "Sources": [
      {
        "Info": "(1st Boss) ADS",
        "AcquiringTips": "",
        "Type": 99,
        "TerritoryTypeID": 241,
        "xCoord": 0.0,
        "yCoord": 0.0
      },
      {
        "Info": "(1st Boss) ADS",
        "AcquiringTips": "",
        "Type": 99,
        "TerritoryTypeID": 241,
        "xCoord": 0.0,
        "yCoord": 0.0
      },
      {
        "Info": "Beastial Node (Stage 15 Masked Carnivale - The Me Nobody Nodes)",
        "AcquiringTips": "",
        "Type": 99,
        "TerritoryTypeID": 796,
        "xCoord": 0.0,
        "yCoord": 0.0
      }
    ]
  },
  "7": {
    "Name": "Loom",
    "Icon": 72219,
    "Sources": [
      {
        "Info": "(Trash) Baalzephon",
        "AcquiringTips": "Loom is a teleport ability, move out of melee range while engaged to trigger the cast.",
        "Type": 13,
        "TerritoryTypeID": 363,
        "xCoord": 0.0,
        "yCoord": 0.0
      },
      {
        "Info": "Flame Sergeant Dalvag",
        "AcquiringTips": "Engage Flame Sergeant Dalvag from range. If you are far enough, he will use Loom to start the fight.",
        "Type": 101,
        "TerritoryTypeID": 147,
        "xCoord": 0.0,
        "yCoord": 0.0
      },
      {
        "Info": "(Trash) Dantalion and (Trash) Phantom Knight",
        "AcquiringTips": "",
        "Type": 13,
        "TerritoryTypeID": 373,
        "xCoord": 0.0,
        "yCoord": 0.0
      }
    ]
  },
  "8": {
    "Name": "Final Sting",
    "Icon": 72225,
    "Sources": [
      {
        "Info": "Lvl. 13. Killer Wespe",
        "AcquiringTips": "Wait for the enemy to cast Final Sting. Tag it (ie, hit it at least once), but do not kill it.\nMake sure you keep your HP high or full since Final Sting will kill the enemy using it. You don't need to worry about how to kill the target, but you do need to be concerned about staying alive! If you die, you will not learn the spell.",
        "Type": 2,
        "TerritoryTypeID": 134,
        "xCoord": 15.0,
        "yCoord": 15.0
      },
      {
        "Info": "Temple Bee (Trash Before & After 1st Boss)",
        "AcquiringTips": "",
        "Type": 13,
        "TerritoryTypeID": 163,
        "xCoord": 0.0,
        "yCoord": 0.0
      }
    ]
  },
  "9": {
    "Name": "Song Of Torment",
    "Icon": 72204,
    "Sources": [
      {
        "Info": "(Last Boss) Siren",
        "AcquiringTips": "Song of Torment is used in the Phase 1 of battle.",
        "Type": 99,
        "TerritoryTypeID": 160,
        "xCoord": 0.0,
        "yCoord": 0.0
      },
      {
        "Info": "Aglaope",
        "AcquiringTips": "Attempting to get it from Aglaope solo is not recommended as it is a Level 80 Rank S enemy. The cast is also usually interrupted by players, preventing it from being learned.",
        "Type": 102,
        "TerritoryTypeID": 816,
        "xCoord": 0.0,
        "yCoord": 0.0
      }
    ]
  },
  "10": {
    "Name": "Glower",
    "Icon": 72222,
    "Sources": [
      {
        "Info": "(2nd Boss) Coincounter",
        "AcquiringTips": "Glower is used midway during the fight. Be sure to wait for the one that goes in a straight line, not in a wide arc.",
        "Type": 99,
        "TerritoryTypeID": 1331,
        "xCoord": 0.0,
        "yCoord": 0.0
      },
      {
        "Info": "Brontes",
        "AcquiringTips": "Brontes is usually killed fast but occasionally still gets the cast off in morning hours. Unless you have a plan to make it live long enough to cast it, you will have to get it from Coincounter.",
        "Type": 102,
        "TerritoryTypeID": 271,
        "xCoord": 0.0,
        "yCoord": 0.0
      }
    ]
  },
  "11": {
    "Name": "Plaincracker",
    "Icon": 72209,
    "Sources": [
      {
        "Info": "Lvl. 34 Basalt Golem",
        "AcquiringTips": "Enemies tend to use this move semi-frequently. As long as you don't stand too close, you should be able to learn this easily.",
        "Type": 2,
        "TerritoryTypeID": 180,
        "xCoord": 14.0,
        "yCoord": 16.0
      },
      {
        "Info": "Lvl. 28 Clay Golem",
        "AcquiringTips": "Enemies tend to use this move semi-frequently. As long as you don't stand too close, you should be able to learn this easily.",
        "Type": 2,
        "TerritoryTypeID": 240,
        "xCoord": 19.0,
        "yCoord": 29.0
      },
      {
        "Info": "Lvl. 25 Stone Golem",
        "AcquiringTips": "Enemies tend to use this move semi-frequently. As long as you don't stand too close, you should be able to learn this easily.",
        "Type": 2,
        "TerritoryTypeID": 240,
        "xCoord": 17.0,
        "yCoord": 28.0
      },
      {
        "Info": "Lvl. 29  Sandstone Golem",
        "AcquiringTips": "Enemies tend to use this move semi-frequently. As long as you don't stand too close, you should be able to learn this easily.",
        "Type": 2,
        "TerritoryTypeID": 146,
        "xCoord": 24.0,
        "yCoord": 13.0
      },
      {
        "Info": "(2nd Boss) Gogmagolem",
        "AcquiringTips": "",
        "Type": 99,
        "TerritoryTypeID": 349,
        "xCoord": 0.0,
        "yCoord": 0.0
      },
      {
        "Info": "Azulmagia (Stage 25 Masked Carnivale - Dirty Rotten Azulmagia)",
        "AcquiringTips": "",
        "Type": 99,
        "TerritoryTypeID": 796,
        "xCoord": 0.0,
        "yCoord": 0.0
      }
    ]
  },
  "12": {
    "Name": "Bristle",
    "Icon": 72211,
    "Sources": [
      {
        "Info": "Lvl. 20 Wild Boar",
        "AcquiringTips": "",
        "Type": 2,
        "TerritoryTypeID": 152,
        "xCoord": 18.3,
        "yCoord": 24.7
      }
    ]
  },
  "13": {
    "Name": "White Wind",
    "Icon": 72224,
    "Sources": [
      {
        "Info": "Available after learning 10 spells.",
        "AcquiringTips": "",
        "Type": 3,
        "TerritoryTypeID": 0,
        "xCoord": 0.0,
        "yCoord": 0.0
      }
    ]
  },
  "14": {
    "Name": "Level 5 Petrify",
    "Icon": 72232,
    "Sources": [
      {
        "Info": "(Trash) Manor Sentry",
        "AcquiringTips": "There is a Manor Sentry enemy just outside the first boss room of Haukke Manor. More importantly, it will use Level 5 Petrify regardless of its health status. So you can choose to run this unsync'd and just run to the first boss room and hope to learn it, or form a sync'd party and just make it this far to guarantee learning it.",
        "Type": 99,
        "TerritoryTypeID": 1040,
        "xCoord": 0.0,
        "yCoord": 0.0
      }
    ]
  },
  "15": {
    "Name": "Sharpened Knife",
    "Icon": 72218,
    "Sources": [
      {
        "Info": "(Last Boss) Tonberry King",
        "AcquiringTips": "",
        "Type": 99,
        "TerritoryTypeID": 159,
        "xCoord": 0.0,
        "yCoord": 0.0
      },
      {
        "Info": "Marberry",
        "AcquiringTips": "",
        "Type": 100,
        "TerritoryTypeID": 328,
        "xCoord": 0.0,
        "yCoord": 0.0
      }
    ]
  },
  "16": {
    "Name": "Ice Spikes",
    "Icon": 72236,
    "Sources": [
      {
        "Info": "Lvl. 9 Trickster Imp",
        "AcquiringTips": "Used very early in the fight when encountered.",
        "Type": 2,
        "TerritoryTypeID": 148,
        "xCoord": 27.3,
        "yCoord": 24.8
      },
      {
        "Info": "Lvl. 16 Vandalous Imp",
        "AcquiringTips": "Used very early in the fight when encountered.",
        "Type": 2,
        "TerritoryTypeID": 494,
        "xCoord": 14.4,
        "yCoord": 18.7
      },
      {
        "Info": "(2nd Boss) Manor Jester",
        "AcquiringTips": "Used very early in the fight when encountered.",
        "Type": 13,
        "TerritoryTypeID": 1040,
        "xCoord": 0.0,
        "yCoord": 0.0
      },
      {
        "Info": "Azulmagia (Stage 25 Masked Carnivale - Dirty Rotten Azulmagia)",
        "AcquiringTips": "Azulmagia will open with the spell as his barrier for Act 1 and will alternate it with his magic-counter barrier in Act 3 at certain intervals in the fight.",
        "Type": 99,
        "TerritoryTypeID": 796,
        "xCoord": 0.0,
        "yCoord": 0.0
      }
    ]
  },
  "17": {
    "Name": "Blood Drain",
    "Icon": 72213,
    "Sources": [
      {
        "Info": "Lvl. 7 Cave Bat",
        "AcquiringTips": "",
        "Type": 2,
        "TerritoryTypeID": 135,
        "xCoord": 27.0,
        "yCoord": 16.0
      },
      {
        "Info": "Lvl. 5-7 Chigoe",
        "AcquiringTips": "",
        "Type": 2,
        "TerritoryTypeID": 148,
        "xCoord": 25.0,
        "yCoord": 20.0
      },
      {
        "Info": "Lvl. 10-14 Sun Bat",
        "AcquiringTips": "",
        "Type": 2,
        "TerritoryTypeID": 314,
        "xCoord": 26.0,
        "yCoord": 18.0
      },
      {
        "Info": "Lvl. 15 Dusk Bat",
        "AcquiringTips": "",
        "Type": 2,
        "TerritoryTypeID": 280,
        "xCoord": 27.0,
        "yCoord": 24.0
      },
      {
        "Info": "Lvl 20-21 Black Bat",
        "AcquiringTips": "",
        "Type": 2,
        "TerritoryTypeID": 277,
        "xCoord": 17.0,
        "yCoord": 23.0
      },
      {
        "Info": "Barbastelle",
        "AcquiringTips": "",
        "Type": 101,
        "TerritoryTypeID": 265,
        "xCoord": 0.0,
        "yCoord": 0.0
      },
      {
        "Info": "Attic Bat (Trash before 1st Boss)",
        "AcquiringTips": "",
        "Type": 13,
        "TerritoryTypeID": 1040,
        "xCoord": 0.0,
        "yCoord": 0.0
      },
      {
        "Info": "(Trash) Sand Bat",
        "AcquiringTips": "",
        "Type": 13,
        "TerritoryTypeID": 1303,
        "xCoord": 0.0,
        "yCoord": 0.0
      }
    ]
  },
  "18": {
    "Name": "Acorn Bomb",
    "Icon": 72210,
    "Sources": [
      {
        "Info": "Lvl 12-17 Treant Sapling",
        "AcquiringTips": "",
        "Type": 2,
        "TerritoryTypeID": 154,
        "xCoord": 30.0,
        "yCoord": 26.5
      },
      {
        "Info": "Lvl 12-17 Treant Sapling",
        "AcquiringTips": "",
        "Type": 2,
        "TerritoryTypeID": 148,
        "xCoord": 27.0,
        "yCoord": 15.0
      },
      {
        "Info": "Lvl 14 Treant Sapling",
        "AcquiringTips": "",
        "Type": 2,
        "TerritoryTypeID": 152,
        "xCoord": 13.0,
        "yCoord": 25.0
      }
    ]
  },
  "19": {
    "Name": "Bomb Toss",
    "Icon": 72214,
    "Sources": [
      {
        "Info": "Lvl. 5-7 Goblin Fisher & Goblin Gambler",
        "AcquiringTips": "",
        "Type": 2,
        "TerritoryTypeID": 134,
        "xCoord": 23.8,
        "yCoord": 21.6
      },
      {
        "Info": "Lvl. 58 Goblin Glider & Goblin Brandisher",
        "AcquiringTips": "",
        "Type": 2,
        "TerritoryTypeID": 399,
        "xCoord": 29.0,
        "yCoord": 23.0
      },
      {
        "Info": "Slipkinx Steeljoints",
        "AcquiringTips": "",
        "Type": 100,
        "TerritoryTypeID": 399,
        "xCoord": 0.0,
        "yCoord": 0.0
      },
      {
        "Info": "(1st Boss) Illuminati Commander",
        "AcquiringTips": "",
        "Type": 13,
        "TerritoryTypeID": 362,
        "xCoord": 0.0,
        "yCoord": 0.0
      }
    ]
  },
  "20": {
    "Name": "Off-guard",
    "Icon": 72229,
    "Sources": [
      {
        "Info": "Available after learning 5 spells.",
        "AcquiringTips": "",
        "Type": 3,
        "TerritoryTypeID": 0,
        "xCoord": 0.0,
        "yCoord": 0.0
      }
    ]
  },
  "21": {
    "Name": "Self-destruct",
    "Icon": 72226,
    "Sources": [
      {
        "Info": "Lvl. 12 Glide Bomb",
        "AcquiringTips": "Be sure to wait until the enemy uses Self-Destruct to kill itself. Do NOT kill it beforehand, only tag it (ie, hit it at least once).",
        "Type": 2,
        "TerritoryTypeID": 140,
        "xCoord": 27.5,
        "yCoord": 17.0
      },
      {
        "Info": "(Trash) Blasting Cap & Flambeau",
        "AcquiringTips": "Be sure to wait until the enemy uses Self-Destruct to kill itself. Do NOT kill it beforehand, only tag it (ie, hit it at least once).",
        "Type": 13,
        "TerritoryTypeID": 1038,
        "xCoord": 0.0,
        "yCoord": 0.0
      },
      {
        "Info": "(Trash) Gas Bomb",
        "AcquiringTips": "Be sure to wait until the enemy uses Self-Destruct to kill itself. Do NOT kill it beforehand, only tag it (ie, hit it at least once).",
        "Type": 13,
        "TerritoryTypeID": 162,
        "xCoord": 0.0,
        "yCoord": 0.0
      },
      {
        "Info": "(Trash) Shrapnel",
        "AcquiringTips": "Be sure to wait until the enemy uses Self-Destruct to kill itself. Do NOT kill it beforehand, only tag it (ie, hit it at least once).",
        "Type": 13,
        "TerritoryTypeID": 1303,
        "xCoord": 0.0,
        "yCoord": 0.0
      },
      {
        "Info": "Arena Cherry Bomb (Stage 8 Masked Carnivale - The Bomb-edy of Errors)",
        "AcquiringTips": "Be sure to wait until the enemy uses Self-Destruct to kill itself. Do NOT kill it beforehand, only tag it (ie, hit it at least once).",
        "Type": 99,
        "TerritoryTypeID": 796,
        "xCoord": 0.0,
        "yCoord": 0.0
      }
    ]
  },
  "22": {
    "Name": "Transfusion",
    "Icon": 72227,
    "Sources": [
      {
        "Info": "Available after learning 20 spells.",
        "AcquiringTips": "",
        "Type": 3,
        "TerritoryTypeID": 0,
        "xCoord": 0.0,
        "yCoord": 0.0
      }
    ]
  },
  "23": {
    "Name": "Faze",
    "Icon": 72221,
    "Sources": [
      {
        "Info": "Lvl. 32 Qiqirn Gullroaster",
        "AcquiringTips": "",
        "Type": 2,
        "TerritoryTypeID": 137,
        "xCoord": 26.0,
        "yCoord": 32.0
      },
      {
        "Info": "Lvl. 9 Qiqirn Shellsweeper",
        "AcquiringTips": "",
        "Type": 2,
        "TerritoryTypeID": 141,
        "xCoord": 16.0,
        "yCoord": 19.0
      },
      {
        "Info": "Lvl. 13 Qiqirn Eggdigger",
        "AcquiringTips": "",
        "Type": 2,
        "TerritoryTypeID": 135,
        "xCoord": 18.0,
        "yCoord": 35.0
      }
    ]
  },
  "24": {
    "Name": "Flying Sardine",
    "Icon": 72241,
    "Sources": [
      {
        "Info": "Lvl. 30 Apkallu",
        "AcquiringTips": "",
        "Type": 2,
        "TerritoryTypeID": 137,
        "xCoord": 30.0,
        "yCoord": 35.0
      },
      {
        "Info": "Bloody Mary",
        "AcquiringTips": "",
        "Type": 101,
        "TerritoryTypeID": 137,
        "xCoord": 0.0,
        "yCoord": 0.0
      }
    ]
  },
  "25": {
    "Name": "Snort",
    "Icon": 72201,
    "Sources": [
      {
        "Info": "Typhon",
        "AcquiringTips": "Typhon will use Snort around 3~3.5min of the fight.\"Severe snort\" or \"snortassault\" will not count towards the learning of the spell.",
        "Type": 99,
        "TerritoryTypeID": 142,
        "xCoord": 0.0,
        "yCoord": 0.0
      },
      {
        "Info": "Typhon (Stage 20 Masked Carnivale - Miss Typhon)",
        "AcquiringTips": "Typhon will use it as part of a devastating Fireball combo. Use Diamondback in order to survive this.",
        "Type": 99,
        "TerritoryTypeID": 796,
        "xCoord": 0.0,
        "yCoord": 0.0
      },
      {
        "Info": "Typhon (Stage 27 Masked Carnivale - Lock up Your Snorters)",
        "AcquiringTips": "Typhon uses this after the bombs drop every time.",
        "Type": 99,
        "TerritoryTypeID": 796,
        "xCoord": 0.0,
        "yCoord": 0.0
      }
    ]
  },
  "26": {
    "Name": "4-tonze Weight",
    "Icon": 72202,
    "Sources": [
      {
        "Info": "Ultros",
        "AcquiringTips": "This is used in the Phase 2 of the battle when Ultros is below 80% HP.",
        "Type": 99,
        "TerritoryTypeID": 142,
        "xCoord": 0.0,
        "yCoord": 0.0
      }
    ]
  },
  "27": {
    "Name": "The Look",
    "Icon": 72217,
    "Sources": [
      {
        "Info": "(Last Boss) Anantaboga",
        "AcquiringTips": "The Look is used by Anantaboga in the beginning of the battle.",
        "Type": 99,
        "TerritoryTypeID": 167,
        "xCoord": 0.0,
        "yCoord": 0.0
      },
      {
        "Info": "(Trash) Bibliolater",
        "AcquiringTips": "",
        "Type": 13,
        "TerritoryTypeID": 578,
        "xCoord": 0.0,
        "yCoord": 0.0
      },
      {
        "Info": "(Trash) Valefor",
        "AcquiringTips": "",
        "Type": 99,
        "TerritoryTypeID": 174,
        "xCoord": 0.0,
        "yCoord": 0.0
      }
    ]
  },
  "28": {
    "Name": "Bad Breath",
    "Icon": 72206,
    "Sources": [
      {
        "Info": "Lvl. 31 Stroper",
        "AcquiringTips": "",
        "Type": 2,
        "TerritoryTypeID": 148,
        "xCoord": 13.7,
        "yCoord": 22.7
      },
      {
        "Info": "Lvl. 31 Halitostroper",
        "AcquiringTips": "",
        "Type": 2,
        "TerritoryTypeID": 148,
        "xCoord": 15.0,
        "yCoord": 21.0
      },
      {
        "Info": "Lvl. 34 Stroper",
        "AcquiringTips": "",
        "Type": 2,
        "TerritoryTypeID": 153,
        "xCoord": 20.0,
        "yCoord": 28.0
      },
      {
        "Info": "(Trash) Morbol",
        "AcquiringTips": "",
        "Type": 13,
        "TerritoryTypeID": 1331,
        "xCoord": 0.0,
        "yCoord": 0.0
      },
      {
        "Info": "Reflective Rebekkah (Stage 19 Masked Carnivale - On a Clear Day You Can Smell Forever)",
        "AcquiringTips": "",
        "Type": 99,
        "TerritoryTypeID": 796,
        "xCoord": 0.0,
        "yCoord": 0.0
      }
    ]
  },
  "29": {
    "Name": "Diamondback",
    "Icon": 72242,
    "Sources": [
      {
        "Info": "(2nd Boss) Cuca Fera",
        "AcquiringTips": "Cuca Fera actually CAN be damaged heavily without use of the cannons. Use Missile to half his HP over and over till he's low enough to where you can kill him with standard skills. Alternatively, Level 5 Death can be used to finish the battle off instantly; just ensure Cuca Fera has used Diamondback first.",
        "Type": 99,
        "TerritoryTypeID": 365,
        "xCoord": 0.0,
        "yCoord": 0.0
      }
    ]
  },
  "30": {
    "Name": "Mighty Guard",
    "Icon": 72235,
    "Sources": [
      {
        "Info": "Available after learning 10 spells.",
        "AcquiringTips": "",
        "Type": 3,
        "TerritoryTypeID": 0,
        "xCoord": 0.0,
        "yCoord": 0.0
      }
    ]
  },
  "31": {
    "Name": "Sticky Tongue",
    "Icon": 72230,
    "Sources": [
      {
        "Info": "Lvl. 23 Laughing Toad",
        "AcquiringTips": "Sticky Tongue is the first move used by the Toad when you attack from a distance.",
        "Type": 2,
        "TerritoryTypeID": 140,
        "xCoord": 15.2,
        "yCoord": 6.4
      },
      {
        "Info": "Lvl. 14 Toxic Toad",
        "AcquiringTips": "Sticky Tongue is the first move used by the Toad when you attack from a distance.",
        "Type": 2,
        "TerritoryTypeID": 141,
        "xCoord": 27.0,
        "yCoord": 19.0
      },
      {
        "Info": "Lvl. 33 Gigantoad",
        "AcquiringTips": "Sticky Tongue is the first move used by the Toad when you attack from a distance.",
        "Type": 2,
        "TerritoryTypeID": 137,
        "xCoord": 18.0,
        "yCoord": 26.0
      }
    ]
  },
  "32": {
    "Name": "Toad Oil",
    "Icon": 72228,
    "Sources": [
      {
        "Info": "Lvl. 24 Giggling Gigantoad",
        "AcquiringTips": "Toad Oil will be used when you're in melee range of the enemy.",
        "Type": 2,
        "TerritoryTypeID": 140,
        "xCoord": 15.2,
        "yCoord": 6.4
      }
    ]
  },
  "33": {
    "Name": "The Ram's Voice",
    "Icon": 72237,
    "Sources": [
      {
        "Info": "(Last Boss) Chimera",
        "AcquiringTips": "Will always start with The Ram's Voice and then follow up with The Dragon's Voice or vice-versa.",
        "Type": 99,
        "TerritoryTypeID": 1303,
        "xCoord": 0.0,
        "yCoord": 0.0
      },
      {
        "Info": "Dhorme Chimera",
        "AcquiringTips": "Will always start with The Ram's Voice and then follow up with The Dragon's Voice or vice-versa.",
        "Type": 99,
        "TerritoryTypeID": 369,
        "xCoord": 0.0,
        "yCoord": 0.0
      },
      {
        "Info": "Apademak (Stage 21 Masked Carnivale - Chimera on a Hot Tin Roof)",
        "AcquiringTips": "Will always start with The Ram's Voice and then follow up with The Dragon's Voice or vice-versa.",
        "Type": 99,
        "TerritoryTypeID": 796,
        "xCoord": 0.0,
        "yCoord": 0.0
      },
      {
        "Info": "Azulmagia (Stage 25 Masked Carnivale - Dirty Rotten Azulmagia)",
        "AcquiringTips": "Will always start with The Ram's Voice and then follow up with The Dragon's Voice or vice-versa.",
        "Type": 99,
        "TerritoryTypeID": 796,
        "xCoord": 0.0,
        "yCoord": 0.0
      }
    ]
  },
  "34": {
    "Name": "The Dragon's Voice",
    "Icon": 72238,
    "Sources": [
      {
        "Info": "(Last Boss) Chimera",
        "AcquiringTips": "The enemy will always start with The Ram's Voice and then follow up with The Dragon's Voice or vice-versa.",
        "Type": 99,
        "TerritoryTypeID": 1303,
        "xCoord": 0.0,
        "yCoord": 0.0
      },
      {
        "Info": "Dhorme Chimera",
        "AcquiringTips": "Will always start with The Ram's Voice and then follow up with The Dragon's Voice or vice-versa.",
        "Type": 99,
        "TerritoryTypeID": 369,
        "xCoord": 0.0,
        "yCoord": 0.0
      },
      {
        "Info": "Apademak (Stage 21 Masked Carnivale - Chimera on a Hot Tin Roof)",
        "AcquiringTips": "Will always start with The Ram's Voice and then follow up with The Dragon's Voice or vice-versa.",
        "Type": 99,
        "TerritoryTypeID": 796,
        "xCoord": 0.0,
        "yCoord": 0.0
      },
      {
        "Info": "Azulmagia (Stage 25 Masked Carnivale - Dirty Rotten Azulmagia)",
        "AcquiringTips": "Will always start with The Ram's Voice and then follow up with The Dragon's Voice or vice-versa.",
        "Type": 99,
        "TerritoryTypeID": 796,
        "xCoord": 0.0,
        "yCoord": 0.0
      }
    ]
  },
  "35": {
    "Name": "Missile",
    "Icon": 72223,
    "Sources": [
      {
        "Info": "(First Part) Enkidu",
        "AcquiringTips": "Enkidu casts Missile during the Chicken debuff cast by Gilgamesh.\nCleanse the minimise debuffs ASAP, reduce Enkidu to between 40% and 50% HP, and then wait until Chicken/Missile are cast.",
        "Type": 99,
        "TerritoryTypeID": 396,
        "xCoord": 0.0,
        "yCoord": 0.0
      },
      {
        "Info": "Guardian",
        "AcquiringTips": "Guardian puts a red Prey marker on a player and fires a Missile at them that leaves a Burns debuff.",
        "Type": 99,
        "TerritoryTypeID": 750,
        "xCoord": 0.0,
        "yCoord": 0.0
      }
    ]
  },
  "36": {
    "Name": "1000 Needles",
    "Icon": 72215,
    "Sources": [
      {
        "Info": "Lvl. 26 Sabotender Bailaor",
        "AcquiringTips": "Helpful Hint: You can find one that's close enough to pull up to the Lvl. 35 Brass Blade at the entrance to Little Ala Mhigo. The little guy will help you beat them if you're struggling!",
        "Type": 2,
        "TerritoryTypeID": 146,
        "xCoord": 16.3,
        "yCoord": 15.7
      },
      {
        "Info": "(Trash) Sabotender Desertor",
        "AcquiringTips": "",
        "Type": 13,
        "TerritoryTypeID": 1303,
        "xCoord": 0.0,
        "yCoord": 0.0
      }
    ]
  },
  "37": {
    "Name": "Ink Jet",
    "Icon": 72240,
    "Sources": [
      {
        "Info": "(Last Boss) Kraken",
        "AcquiringTips": "Kraken's attack is called Ink Blast and is an AoE attack. Simply dodge them and focus on killing the main body and Kraken arms, not the tentacles.",
        "Type": 99,
        "TerritoryTypeID": 387,
        "xCoord": 0.0,
        "yCoord": 0.0
      }
    ]
  },
  "38": {
    "Name": "Fire Angon",
    "Icon": 72243,
    "Sources": [
      {
        "Info": "(1st Boss) Frumious Koheel Ja",
        "AcquiringTips": "Will cast Blazing Angon, which is the spears he tosses to the ground. Destroy those to keep from occasional flame damage.",
        "Type": 99,
        "TerritoryTypeID": 188,
        "xCoord": 0.0,
        "yCoord": 0.0
      }
    ]
  },
  "39": {
    "Name": "Moon Flute",
    "Icon": 72233,
    "Sources": [
      {
        "Info": "Clear 10 stages in The Masked Carnivale",
        "AcquiringTips": "",
        "Type": 3,
        "TerritoryTypeID": 0,
        "xCoord": 0.0,
        "yCoord": 0.0
      }
    ]
  },
  "40": {
    "Name": "Tail Screw",
    "Icon": 72231,
    "Sources": [
      {
        "Info": "(1st Boss) Karlabos",
        "AcquiringTips": "This can potentially kill a Blue Mage in one shot if they afflicted with Slime. Be sure this is removed in order to survive and stay alive to learn the spell.",
        "Type": 99,
        "TerritoryTypeID": 387,
        "xCoord": 0.0,
        "yCoord": 0.0
      },
      {
        "Info": "(Trash) Reflection of Karlabos",
        "AcquiringTips": "This can potentially kill a Blue Mage in one shot if they afflicted with Slime. Be sure this is removed in order to survive and stay alive to learn the spell.",
        "Type": 13,
        "TerritoryTypeID": 626,
        "xCoord": 0.0,
        "yCoord": 0.0
      },
      {
        "Info": "Lvl. 61 Crag Claw",
        "AcquiringTips": "This can potentially kill a Blue Mage in one shot if they afflicted with Slime. Be sure this is removed in order to survive and stay alive to learn the spell.",
        "Type": 2,
        "TerritoryTypeID": 620,
        "xCoord": 25.0,
        "yCoord": 11.0
      },
      {
        "Info": "(Trash) Clay Claw",
        "AcquiringTips": "This can potentially kill a Blue Mage in one shot if they afflicted with Slime. Be sure this is removed in order to survive and stay alive to learn the spell.",
        "Type": 99,
        "TerritoryTypeID": 444,
        "xCoord": 0.0,
        "yCoord": 0.0
      },
      {
        "Info": "Pterygotus",
        "AcquiringTips": "This can potentially kill a Blue Mage in one shot if they afflicted with Slime. Be sure this is removed in order to survive and stay alive to learn the spell.",
        "Type": 101,
        "TerritoryTypeID": 399,
        "xCoord": 0.0,
        "yCoord": 0.0
      }
    ]
  },
  "41": {
    "Name": "Mind Blast",
    "Icon": 72212,
    "Sources": [
      {
        "Info": "(Last Boss) Galvanth the Dominator",
        "AcquiringTips": "Getting from Galvanth is guaranteed, regardless of what the unrestricted party option is set to.",
        "Type": 99,
        "TerritoryTypeID": 1037,
        "xCoord": 0.0,
        "yCoord": 0.0
      },
      {
        "Info": "Blaster",
        "AcquiringTips": "",
        "Type": 99,
        "TerritoryTypeID": 523,
        "xCoord": 0.0,
        "yCoord": 0.0
      }
    ]
  },
  "42": {
    "Name": "Doom",
    "Icon": 72234,
    "Sources": [
      {
        "Info": "Clear 20 Stages in The Masked Carnivale",
        "AcquiringTips": "",
        "Type": 3,
        "TerritoryTypeID": 0,
        "xCoord": 0.0,
        "yCoord": 0.0
      }
    ]
  },
  "43": {
    "Name": "Peculiar Light",
    "Icon": 72239,
    "Sources": [
      {
        "Info": "Lvl. 45 Lentic Mudpuppy",
        "AcquiringTips": "",
        "Type": 2,
        "TerritoryTypeID": 156,
        "xCoord": 13.1,
        "yCoord": 10.4
      },
      {
        "Info": "(Trash) Surf Eft",
        "AcquiringTips": "",
        "Type": 13,
        "TerritoryTypeID": 1041,
        "xCoord": 0.0,
        "yCoord": 0.0
      },
      {
        "Info": "(Second Boss) Hellbender",
        "AcquiringTips": "",
        "Type": 13,
        "TerritoryTypeID": 1041,
        "xCoord": 0.0,
        "yCoord": 0.0
      },
      {
        "Info": "Lvl. 69 Loch Nanka",
        "AcquiringTips": "",
        "Type": 2,
        "TerritoryTypeID": 687,
        "xCoord": 17.0,
        "yCoord": 20.0
      }
    ]
  },
  "44": {
    "Name": "Feather Rain",
    "Icon": 72244,
    "Sources": [
      {
        "Info": "Garuda",
        "AcquiringTips": "When Garuda disappears, the random AoE circles that follows after are the spell.",
        "Type": 99,
        "TerritoryTypeID": 297,
        "xCoord": 0.0,
        "yCoord": 0.0
      }
    ]
  },
  "45": {
    "Name": "Eruption",
    "Icon": 72245,
    "Sources": [
      {
        "Info": "Ifrit",
        "AcquiringTips": "",
        "Type": 99,
        "TerritoryTypeID": 295,
        "xCoord": 0.0,
        "yCoord": 0.0
      }
    ]
  },
  "46": {
    "Name": "Mountain Buster",
    "Icon": 72246,
    "Sources": [
      {
        "Info": "Titan",
        "AcquiringTips": "Spell has no cast timer and is only cast late in the fight, so it's possible to kill Titan without having seen this. Watch your combat log and flying text!",
        "Type": 99,
        "TerritoryTypeID": 296,
        "xCoord": 0.0,
        "yCoord": 0.0
      }
    ]
  },
  "47": {
    "Name": "Shock Strike",
    "Icon": 72247,
    "Sources": [
      {
        "Info": "Ramuh",
        "AcquiringTips": "Shock Strike is a frequent cast for Ramuh, so no need to worry if he's cast it.",
        "Type": 99,
        "TerritoryTypeID": 375,
        "xCoord": 0.0,
        "yCoord": 0.0
      }
    ]
  },
  "48": {
    "Name": "Glass Dance",
    "Icon": 72248,
    "Sources": [
      {
        "Info": "Shiva",
        "AcquiringTips": "Shiva casts Glass Dance after bringing out her bow late in the fight. After her add phase, burn her to 10% or so and wait for her to say \"Arrows of frost--\", perform the bow-drawing animation, and actually cast Glass Dance!",
        "Type": 99,
        "TerritoryTypeID": 378,
        "xCoord": 0.0,
        "yCoord": 0.0
      }
    ]
  },
  "49": {
    "Name": "Veil Of The Whorl",
    "Icon": 72249,
    "Sources": [
      {
        "Info": "Leviathan",
        "AcquiringTips": "",
        "Type": 99,
        "TerritoryTypeID": 359,
        "xCoord": 0.0,
        "yCoord": 0.0
      }
    ]
  },
  "50": {
    "Name": "Alpine Draft",
    "Icon": 72251,
    "Sources": [
      {
        "Info": "(Last Boss) Opinicus",
        "AcquiringTips": "",
        "Type": 99,
        "TerritoryTypeID": 434,
        "xCoord": 0.0,
        "yCoord": 0.0
      },
      {
        "Info": "Lvl. 59 Griffin",
        "AcquiringTips": "",
        "Type": 2,
        "TerritoryTypeID": 401,
        "xCoord": 36.0,
        "yCoord": 9.0
      },
      {
        "Info": "Lvl. 68 True Griffin",
        "AcquiringTips": "",
        "Type": 2,
        "TerritoryTypeID": 620,
        "xCoord": 27.0,
        "yCoord": 25.0
      }
    ]
  },
  "51": {
    "Name": "Protean Wave",
    "Icon": 72252,
    "Sources": [
      {
        "Info": "(Boss) Living Liquid",
        "AcquiringTips": "",
        "Type": 99,
        "TerritoryTypeID": 444,
        "xCoord": 0.0,
        "yCoord": 0.0
      },
      {
        "Info": "Shikigami of the Undertow (Stage 29 Masked Carnivale Red, Fraught, and Blue)",
        "AcquiringTips": "In Stage 29 of the Masked Carnivale, you can get Protean Wave not just from the boss, but also from the water column adds once they explode.",
        "Type": 99,
        "TerritoryTypeID": 796,
        "xCoord": 0.0,
        "yCoord": 0.0
      }
    ]
  },
  "52": {
    "Name": "Northerlies",
    "Icon": 72253,
    "Sources": [
      {
        "Info": "Lvl. 51 Lone Yeti",
        "AcquiringTips": "",
        "Type": 2,
        "TerritoryTypeID": 397,
        "xCoord": 20.0,
        "yCoord": 31.0
      },
      {
        "Info": "Lvl. 56 Slate Yeti",
        "AcquiringTips": "",
        "Type": 2,
        "TerritoryTypeID": 397,
        "xCoord": 17.0,
        "yCoord": 27.0
      },
      {
        "Info": "(Trash) Yeti",
        "AcquiringTips": "",
        "Type": 13,
        "TerritoryTypeID": 1062,
        "xCoord": 0.0,
        "yCoord": 0.0
      }
    ]
  },
  "53": {
    "Name": "Electrogenesis",
    "Icon": 72254,
    "Sources": [
      {
        "Info": "Lvl. 50 Conodont",
        "AcquiringTips": "",
        "Type": 2,
        "TerritoryTypeID": 401,
        "xCoord": 26.0,
        "yCoord": 33.0
      },
      {
        "Info": "(Trash) Hikagiri",
        "AcquiringTips": "",
        "Type": 13,
        "TerritoryTypeID": 616,
        "xCoord": 0.0,
        "yCoord": 0.0
      }
    ]
  },
  "54": {
    "Name": "Kaltstrahl",
    "Icon": 72255,
    "Sources": [
      {
        "Info": "(1st Boss) Faust",
        "AcquiringTips": "",
        "Type": 99,
        "TerritoryTypeID": 442,
        "xCoord": 0.0,
        "yCoord": 0.0
      },
      {
        "Info": "Jagd Doll",
        "AcquiringTips": "",
        "Type": 99,
        "TerritoryTypeID": 443,
        "xCoord": 0.0,
        "yCoord": 0.0
      }
    ]
  },
  "55": {
    "Name": "Abyssal Transfixion",
    "Icon": 72256,
    "Sources": [
      {
        "Info": "(2nd Boss) Ash",
        "AcquiringTips": "",
        "Type": 13,
        "TerritoryTypeID": 350,
        "xCoord": 0.0,
        "yCoord": 0.0
      },
      {
        "Info": "(Last Boss) Everliving Bibliotaph",
        "AcquiringTips": "Fail the mechanic and summon the third set of mobs",
        "Type": 13,
        "TerritoryTypeID": 1109,
        "xCoord": 0.0,
        "yCoord": 0.0
      }
    ]
  },
  "56": {
    "Name": "Chirp",
    "Icon": 72257,
    "Sources": [
      {
        "Info": "Lvl. 50 Paissa",
        "AcquiringTips": "",
        "Type": 2,
        "TerritoryTypeID": 401,
        "xCoord": 24.0,
        "yCoord": 33.0
      }
    ]
  },
  "57": {
    "Name": "Eerie Soundwave",
    "Icon": 72258,
    "Sources": [
      {
        "Info": "Lvl. 59 Empuse",
        "AcquiringTips": "Cast a buff on yourself (ex: Bristle) and the Empuse will try to remove it (Circular Telegraph) if you are in melee range.",
        "Type": 2,
        "TerritoryTypeID": 402,
        "xCoord": 29.5,
        "yCoord": 12.2
      },
      {
        "Info": "Enkidu",
        "AcquiringTips": "",
        "Type": 99,
        "TerritoryTypeID": 396,
        "xCoord": 0.0,
        "yCoord": 0.0
      },
      {
        "Info": "(2nd Boss) Arioch",
        "AcquiringTips": "",
        "Type": 13,
        "TerritoryTypeID": 363,
        "xCoord": 0.0,
        "yCoord": 0.0
      }
    ]
  },
  "58": {
    "Name": "Pom Cure",
    "Icon": 72259,
    "Sources": [
      {
        "Info": "(White Mage) Furryfoot Kupli Kipp",
        "AcquiringTips": "This spell is still obtainable since the rework of trial Thornmarch (Hard).\nWhen the Furryfoot Kupli Kipp (WHM Moogle) spawns, you must simply damage its companion (but not kill it) and then wait. After a few minutes, the Moogle should cast Pom Cure.",
        "Type": 99,
        "TerritoryTypeID": 1067,
        "xCoord": 0.0,
        "yCoord": 0.0
      }
    ]
  },
  "59": {
    "Name": "Gobskin",
    "Icon": 72260,
    "Sources": [
      {
        "Info": "(Trash) Alexandrian Hider",
        "AcquiringTips": "Trash mob appearing in the second and third pack respectively.",
        "Type": 13,
        "TerritoryTypeID": 581,
        "xCoord": 0.0,
        "yCoord": 0.0
      }
    ]
  },
  "60": {
    "Name": "Magic Hammer",
    "Icon": 72261,
    "Sources": [
      {
        "Info": "(3rd Boss) Apanda",
        "AcquiringTips": "",
        "Type": 99,
        "TerritoryTypeID": 578,
        "xCoord": 0.0,
        "yCoord": 0.0
      },
      {
        "Info": "Epilogi (Stage 24 Masked Carnivale - Amazing Technicolor Pit Fiends)",
        "AcquiringTips": "",
        "Type": 99,
        "TerritoryTypeID": 796,
        "xCoord": 0.0,
        "yCoord": 0.0
      }
    ]
  },
  "61": {
    "Name": "Avail",
    "Icon": 72262,
    "Sources": [
      {
        "Info": "(2nd Boss) Queen Hawk",
        "AcquiringTips": "",
        "Type": 99,
        "TerritoryTypeID": 511,
        "xCoord": 0.0,
        "yCoord": 0.0
      }
    ]
  },
  "62": {
    "Name": "Frog Legs",
    "Icon": 72263,
    "Sources": [
      {
        "Info": "Lvl. 59 Poroggo",
        "AcquiringTips": "Standing in melee range makes the enemy more likely to use Frog Legs.",
        "Type": 2,
        "TerritoryTypeID": 399,
        "xCoord": 12.0,
        "yCoord": 34.0
      }
    ]
  },
  "63": {
    "Name": "Sonic Boom",
    "Icon": 72264,
    "Sources": [
      {
        "Info": "(2nd Boss) Zu",
        "AcquiringTips": "This attack doesn't have a visible cast bar. You will know that the monster already used it because you will have a debuff called Windburn.",
        "Type": 99,
        "TerritoryTypeID": 160,
        "xCoord": 0.0,
        "yCoord": 0.0
      },
      {
        "Info": "Lvl. 59 Anzu",
        "AcquiringTips": "This attack doesn't have a visible cast bar. You will know that the monster already used it because you will have a debuff called Windburn.",
        "Type": 2,
        "TerritoryTypeID": 401,
        "xCoord": 25.0,
        "yCoord": 6.0
      }
    ]
  },
  "64": {
    "Name": "Whistle",
    "Icon": 72265,
    "Sources": [
      {
        "Info": "Lvl. 56 Dhalmel",
        "AcquiringTips": "",
        "Type": 2,
        "TerritoryTypeID": 401,
        "xCoord": 17.0,
        "yCoord": 32.5
      },
      {
        "Info": "Lvl. 68 Jhammel",
        "AcquiringTips": "",
        "Type": 2,
        "TerritoryTypeID": 868,
        "xCoord": 24.8,
        "yCoord": 28.5
      },
      {
        "Info": "(Trash) Dhalmel",
        "AcquiringTips": "",
        "Type": 13,
        "TerritoryTypeID": 420,
        "xCoord": 0.0,
        "yCoord": 0.0
      }
    ]
  },
  "65": {
    "Name": "White Knight's Tour",
    "Icon": 72266,
    "Sources": [
      {
        "Info": "(Trash) White Knight",
        "AcquiringTips": "",
        "Type": 99,
        "TerritoryTypeID": 1066,
        "xCoord": 0.0,
        "yCoord": 0.0
      }
    ]
  },
  "66": {
    "Name": "Black Knight's Tour",
    "Icon": 72267,
    "Sources": [
      {
        "Info": "(Trash) Black Knight",
        "AcquiringTips": "",
        "Type": 99,
        "TerritoryTypeID": 1066,
        "xCoord": 0.0,
        "yCoord": 0.0
      }
    ]
  },
  "67": {
    "Name": "Level 5 Death",
    "Icon": 72268,
    "Sources": [
      {
        "Info": "(Trash) Page 64",
        "AcquiringTips": "If Page 64 won't cast, try standing far enough away for everyone to untether.",
        "Type": 99,
        "TerritoryTypeID": 1109,
        "xCoord": 0.0,
        "yCoord": 0.0
      }
    ]
  },
  "68": {
    "Name": "Launcher",
    "Icon": 72269,
    "Sources": [
      {
        "Info": "(2nd Boss) Armored Weapon",
        "AcquiringTips": "",
        "Type": 99,
        "TerritoryTypeID": 1114,
        "xCoord": 0.0,
        "yCoord": 0.0
      },
      {
        "Info": "(Trash) Doman Armored Weapon",
        "AcquiringTips": "",
        "Type": 13,
        "TerritoryTypeID": 660,
        "xCoord": 0.0,
        "yCoord": 0.0
      }
    ]
  },
  "69": {
    "Name": "Perpetual Ray",
    "Icon": 72270,
    "Sources": [
      {
        "Info": "The Manipulator",
        "AcquiringTips": "",
        "Type": 99,
        "TerritoryTypeID": 445,
        "xCoord": 0.0,
        "yCoord": 0.0
      }
    ]
  },
  "70": {
    "Name": "Cactguard",
    "Icon": 72271,
    "Sources": [
      {
        "Info": "(2nd Boss - Trash) Sabotender Gaurdia",
        "AcquiringTips": "Sabotender Gaurdia will spawn during the last phase of the fight against Sabotender Emperatriz (the 2nd boss of the dungeon).\nOnce a diamond shaped barrier appears around the boss, the spell has been cast.",
        "Type": 99,
        "TerritoryTypeID": 367,
        "xCoord": 0.0,
        "yCoord": 0.0
      }
    ]
  },
  "71": {
    "Name": "Revenge Blast",
    "Icon": 72272,
    "Sources": [
      {
        "Info": "Available after learning 50 spells.",
        "AcquiringTips": "",
        "Type": 3,
        "TerritoryTypeID": 0,
        "xCoord": 0.0,
        "yCoord": 0.0
      }
    ]
  },
  "72": {
    "Name": "Angel Whisper",
    "Icon": 72273,
    "Sources": [
      {
        "Info": "Clear 30 Stages in The Masked Carnivale",
        "AcquiringTips": "",
        "Type": 3,
        "TerritoryTypeID": 0,
        "xCoord": 0.0,
        "yCoord": 0.0
      }
    ]
  },
  "73": {
    "Name": "Exuviation",
    "Icon": 72274,
    "Sources": [
      {
        "Info": "Lvl. 57-58 Abalathian Wamoura",
        "AcquiringTips": "If acquiring this from Abalathian Wamoura, you may need to pull at least two enemies so that the Abalathian Wamoura has a target to cast Exuviation on.\nExample: Pull a Window Wamoura along with an Abalathian Wamoura, then use Aqua Breath (or a similar spell that causes a debuff) on the Window Wamoura that entices the Abalathian Wamoura to cast Exuviation.",
        "Type": 2,
        "TerritoryTypeID": 401,
        "xCoord": 10.0,
        "yCoord": 17.0
      },
      {
        "Info": "(Trash) Wamoura",
        "AcquiringTips": "",
        "Type": 13,
        "TerritoryTypeID": 363,
        "xCoord": 0.0,
        "yCoord": 0.0
      }
    ]
  },
  "74": {
    "Name": "Reflux",
    "Icon": 72275,
    "Sources": [
      {
        "Info": "Lvl. 56 Cloud Wyvern",
        "AcquiringTips": "",
        "Type": 2,
        "TerritoryTypeID": 400,
        "xCoord": 24.0,
        "yCoord": 28.5
      }
    ]
  },
  "75": {
    "Name": "Devour",
    "Icon": 72276,
    "Sources": [
      {
        "Info": "(Last Boss) Caduceus",
        "AcquiringTips": "",
        "Type": 99,
        "TerritoryTypeID": 241,
        "xCoord": 0.0,
        "yCoord": 0.0
      },
      {
        "Info": "(1st Boss) Decaying Gourmand",
        "AcquiringTips": "A party member is normally required if attempting to acquire it from Decaying Gourmand. If you get eaten, you will need an ally to get you out if you don't have any damage over time spells.\nThis spell can be obtained solo from Decaying Gourmand by reducing it to low HP, putting a damage over time effect on it, then being Devoured. So long as it gets the spell off, then dies from the DoT before killing you, you can learn it.",
        "Type": 13,
        "TerritoryTypeID": 363,
        "xCoord": 0.0,
        "yCoord": 0.0
      },
      {
        "Info": "Rafflesia",
        "AcquiringTips": "",
        "Type": 99,
        "TerritoryTypeID": 355,
        "xCoord": 0.0,
        "yCoord": 0.0
      },
      {
        "Info": "(Trash) Nullchu",
        "AcquiringTips": "",
        "Type": 13,
        "TerritoryTypeID": 788,
        "xCoord": 0.0,
        "yCoord": 0.0
      }
    ]
  },
  "76": {
    "Name": "Condensed Libra",
    "Icon": 72277,
    "Sources": [
      {
        "Info": "(Trash) Mechanoscribe",
        "AcquiringTips": "",
        "Type": 99,
        "TerritoryTypeID": 578,
        "xCoord": 0.0,
        "yCoord": 0.0
      },
      {
        "Info": "Arena Scribe (Stage 24 Masked Carnivale - Amazing Technicolor Pit Fiends)",
        "AcquiringTips": "",
        "Type": 99,
        "TerritoryTypeID": 796,
        "xCoord": 0.0,
        "yCoord": 0.0
      }
    ]
  },
  "77": {
    "Name": "Aetheric Mimicry",
    "Icon": 72278,
    "Sources": [
      {
        "Info": "(1st Boss) Ghrah Luminary",
        "AcquiringTips": "Ghrah Luminary will summon a monster called \"Corruption\". Killing the corruption is enough to obtain Aetheric Mimicry.",
        "Type": 99,
        "TerritoryTypeID": 510,
        "xCoord": 0.0,
        "yCoord": 0.0
      }
    ]
  },
  "78": {
    "Name": "Surpanakha",
    "Icon": 72279,
    "Sources": [
      {
        "Info": "Ravana",
        "AcquiringTips": "",
        "Type": 99,
        "TerritoryTypeID": 432,
        "xCoord": 0.0,
        "yCoord": 0.0
      }
    ]
  },
  "79": {
    "Name": "Quasar",
    "Icon": 72280,
    "Sources": [
      {
        "Info": "Sophia",
        "AcquiringTips": "",
        "Type": 99,
        "TerritoryTypeID": 576,
        "xCoord": 0.0,
        "yCoord": 0.0
      }
    ]
  },
  "80": {
    "Name": "J Kick",
    "Icon": 72281,
    "Sources": [
      {
        "Info": "(Last Phase) Brute Justice",
        "AcquiringTips": "Naturally performs J Kick at the start of the boss group attack. Be aware of all the mechanics and dodge or heal through all the attacks.",
        "Type": 99,
        "TerritoryTypeID": 523,
        "xCoord": 0.0,
        "yCoord": 0.0
      }
    ]
  },
  "81": {
    "Name": "Triple Trident",
    "Icon": 72282,
    "Sources": [
      {
        "Info": "Lvl. 67 Ebisu Catfish",
        "AcquiringTips": "",
        "Type": 2,
        "TerritoryTypeID": 614,
        "xCoord": 28.0,
        "yCoord": 6.0
      },
      {
        "Info": "Gyorai Quickstrike",
        "AcquiringTips": "",
        "Type": 101,
        "TerritoryTypeID": 614,
        "xCoord": 0.0,
        "yCoord": 0.0
      }
    ]
  },
  "82": {
    "Name": "Tingle",
    "Icon": 72283,
    "Sources": [
      {
        "Info": "Lvl. 67 Ebisu Catfish",
        "AcquiringTips": "",
        "Type": 2,
        "TerritoryTypeID": 614,
        "xCoord": 28.0,
        "yCoord": 6.0
      },
      {
        "Info": "Gyorai Quickstrike",
        "AcquiringTips": "",
        "Type": 101,
        "TerritoryTypeID": 614,
        "xCoord": 0.0,
        "yCoord": 0.0
      }
    ]
  },
  "83": {
    "Name": "Tatami-gaeshi",
    "Icon": 72284,
    "Sources": [
      {
        "Info": "(2nd Boss) Dojun-maru",
        "AcquiringTips": "",
        "Type": 99,
        "TerritoryTypeID": 662,
        "xCoord": 0.0,
        "yCoord": 0.0
      }
    ]
  },
  "84": {
    "Name": "Cold Fog",
    "Icon": 72285,
    "Sources": [
      {
        "Info": "(Last Boss) Mist Dragon",
        "AcquiringTips": "When the Mist Dragon begins casting Vaporize, it will summon 3 Draconic Regards (white dragon heads). You must leave at least one head alive in order for the cast to go off, otherwise the Mist Dragon will cast White Death instead and you will not get the spell.\nUse Diamondback or other mitigation to help survive the damage.",
        "Type": 99,
        "TerritoryTypeID": 1173,
        "xCoord": 0.0,
        "yCoord": 0.0
      }
    ]
  },
  "85": {
    "Name": "Stotram",
    "Icon": 72286,
    "Sources": [
      {
        "Info": "Lakshmi",
        "AcquiringTips": "Stotram is used early on as a party wide unavoidable attack that damages the party and heals adds, so nothing needs to be done to make it be cast.",
        "Type": 99,
        "TerritoryTypeID": 719,
        "xCoord": 0.0,
        "yCoord": 0.0
      }
    ]
  },
  "86": {
    "Name": "Saintly Beam",
    "Icon": 72287,
    "Sources": [
      {
        "Info": "Phantom Train",
        "AcquiringTips": "This attack targets a different number of people throughout the fight with a marker and creates a large spotlight shining on the ground, exploding into light. The attack is guaranteed to happen early in the fight, so nothing needs to be done to make it be cast.\nIt's important to not get kidnapped by the ghosts when the Phantom Train is killed. If you are taken away by the ghost when the train dies, you will not acquire the ability.",
        "Type": 99,
        "TerritoryTypeID": 748,
        "xCoord": 0.0,
        "yCoord": 0.0
      }
    ]
  },
  "87": {
    "Name": "Feculent Flood",
    "Icon": 72288,
    "Sources": [
      {
        "Info": "(Last Boss) Tokkapchi",
        "AcquiringTips": "This attack occurs midway through the Tokkapchi fight, so you may have to wait for it to cast it before killing it. Tokkapchi targets the Mud Slime it has periodically been creating during the fight (the one you should be managing the position of) with a cone shaped AoE attack.",
        "Type": 99,
        "TerritoryTypeID": 788,
        "xCoord": 0.0,
        "yCoord": 0.0
      }
    ]
  },
  "88": {
    "Name": "Angel's Snack",
    "Icon": 72289,
    "Sources": [
      {
        "Info": "Available after reaching level 70",
        "AcquiringTips": "",
        "Type": 3,
        "TerritoryTypeID": 0,
        "xCoord": 0.0,
        "yCoord": 0.0
      }
    ]
  },
  "89": {
    "Name": "Chelonian Gate",
    "Icon": 72290,
    "Sources": [
      {
        "Info": "(Last Boss) Genbu",
        "AcquiringTips": "",
        "Type": 99,
        "TerritoryTypeID": 742,
        "xCoord": 0.0,
        "yCoord": 0.0
      }
    ]
  },
  "90": {
    "Name": "The Rose of Destruction",
    "Icon": 72291,
    "Sources": [
      {
        "Info": "(Last Boss) Ivon Coeurlfish",
        "AcquiringTips": "",
        "Type": 99,
        "TerritoryTypeID": 663,
        "xCoord": 0.0,
        "yCoord": 0.0
      }
    ]
  },
  "91": {
    "Name": "Basic Instinct",
    "Icon": 72292,
    "Sources": [
      {
        "Info": "Lvl. 24 Master Coeurl",
        "AcquiringTips": "Master Coeurl uses this immediately. Wait for it to finish casting before slaying it.",
        "Type": 2,
        "TerritoryTypeID": 139,
        "xCoord": 8.9,
        "yCoord": 21.4
      },
      {
        "Info": "(1st Boss) Coeurl Smriti",
        "AcquiringTips": "Coeurl Smriti casts it if both Coeurls don't die together.",
        "Type": 13,
        "TerritoryTypeID": 663,
        "xCoord": 0.0,
        "yCoord": 0.0
      }
    ]
  },
  "92": {
    "Name": "Ultravibration",
    "Icon": 72293,
    "Sources": [
      {
        "Info": "Lvl. 68 Kongamato",
        "AcquiringTips": "",
        "Type": 2,
        "TerritoryTypeID": 620,
        "xCoord": 13.5,
        "yCoord": 26.2
      },
      {
        "Info": "Gwas-y-neidr",
        "AcquiringTips": "",
        "Type": 101,
        "TerritoryTypeID": 620,
        "xCoord": 0.0,
        "yCoord": 0.0
      }
    ]
  },
  "93": {
    "Name": "Blaze",
    "Icon": 72294,
    "Sources": [
      {
        "Info": "Alte Roite",
        "AcquiringTips": "",
        "Type": 99,
        "TerritoryTypeID": 691,
        "xCoord": 0.0,
        "yCoord": 0.0
      }
    ]
  },
  "94": {
    "Name": "Mustard Bomb",
    "Icon": 72295,
    "Sources": [
      {
        "Info": "Omega",
        "AcquiringTips": "",
        "Type": 99,
        "TerritoryTypeID": 800,
        "xCoord": 0.0,
        "yCoord": 0.0
      }
    ]
  },
  "95": {
    "Name": "Dragon Force",
    "Icon": 72296,
    "Sources": [
      {
        "Info": "Available after learning 100 spells.",
        "AcquiringTips": "",
        "Type": 3,
        "TerritoryTypeID": 0,
        "xCoord": 0.0,
        "yCoord": 0.0
      }
    ]
  },
  "96": {
    "Name": "Aetherial Spark",
    "Icon": 72297,
    "Sources": [
      {
        "Info": "Lvl. 69 Salt Dhruva",
        "AcquiringTips": "",
        "Type": 2,
        "TerritoryTypeID": 621,
        "xCoord": 22.4,
        "yCoord": 22.8
      }
    ]
  },
  "97": {
    "Name": "Hydro Pull",
    "Icon": 72298,
    "Sources": [
      {
        "Info": "(1st Boss) Kelpie",
        "AcquiringTips": "",
        "Type": 99,
        "TerritoryTypeID": 1172,
        "xCoord": 0.0,
        "yCoord": 0.0
      }
    ]
  },
  "98": {
    "Name": "Malediction of Water",
    "Icon": 72299,
    "Sources": [
      {
        "Info": "(Corridor Wave) Sai Taisui",
        "AcquiringTips": "",
        "Type": 99,
        "TerritoryTypeID": 768,
        "xCoord": 0.0,
        "yCoord": 0.0
      }
    ]
  },
  "99": {
    "Name": "Choco Meteor",
    "Icon": 72300,
    "Sources": [
      {
        "Info": "Lvl. 53 Courser Chocobo",
        "AcquiringTips": "Courser Chocobo will cast this after attacking a few times. Be sure to get out of the way as it can cause heavy damage!",
        "Type": 2,
        "TerritoryTypeID": 398,
        "xCoord": 37.5,
        "yCoord": 23.7
      }
    ]
  },
  "100": {
    "Name": "Matra Magic",
    "Icon": 72301,
    "Sources": [
      {
        "Info": "Available after learning 100 spells.",
        "AcquiringTips": "",
        "Type": 3,
        "TerritoryTypeID": 0,
        "xCoord": 0.0,
        "yCoord": 0.0
      }
    ]
  },
  "101": {
    "Name": "Peripheral Synthesis",
    "Icon": 72302,
    "Sources": [
      {
        "Info": "Omega",
        "AcquiringTips": "",
        "Type": 99,
        "TerritoryTypeID": 800,
        "xCoord": 0.0,
        "yCoord": 0.0
      }
    ]
  },
  "102": {
    "Name": "Both Ends",
    "Icon": 72303,
    "Sources": [
      {
        "Info": "(Last Boss) Qitian Dasheng",
        "AcquiringTips": "",
        "Type": 99,
        "TerritoryTypeID": 768,
        "xCoord": 0.0,
        "yCoord": 0.0
      }
    ]
  },
  "103": {
    "Name": "Phantom Flurry",
    "Icon": 72304,
    "Sources": [
      {
        "Info": "Suzaku",
        "AcquiringTips": "",
        "Type": 99,
        "TerritoryTypeID": 810,
        "xCoord": 0.0,
        "yCoord": 0.0
      }
    ]
  },
  "104": {
    "Name": "Nightbloom",
    "Icon": 72305,
    "Sources": [
      {
        "Info": "Tsukuyomi",
        "AcquiringTips": "",
        "Type": 99,
        "TerritoryTypeID": 778,
        "xCoord": 0.0,
        "yCoord": 0.0
      }
    ]
  },
  "105": {
    "Name": "Goblin Punch",
    "Icon": 72306,
    "Sources": [
      {
        "Info": "Hobgoblin",
        "AcquiringTips": "",
        "Type": 2,
        "TerritoryTypeID": 870,
        "xCoord": 34.0,
        "yCoord": 32.5
      }
    ]
  },
  "106": {
    "Name": "Right Round",
    "Icon": 72307,
    "Sources": [
      {
        "Info": "Greater Armadillo",
        "AcquiringTips": "",
        "Type": 13,
        "TerritoryTypeID": 836,
        "xCoord": 0.0,
        "yCoord": 0.0
      }
    ]
  },
  "107": {
    "Name": "Schiltron",
    "Icon": 72308,
    "Sources": [
      {
        "Info": "Hardscale Armadillo",
        "AcquiringTips": "",
        "Type": 2,
        "TerritoryTypeID": 872,
        "xCoord": 15.3,
        "yCoord": 29.3
      }
    ]
  },
  "108": {
    "Name": "Rehydration",
    "Icon": 72309,
    "Sources": [
      {
        "Info": "Slippery Armadillo",
        "AcquiringTips": "",
        "Type": 2,
        "TerritoryTypeID": 872,
        "xCoord": 32.2,
        "yCoord": 9.2
      }
    ]
  },
  "109": {
    "Name": "Breath of Magic",
    "Icon": 72310,
    "Sources": [
      {
        "Info": "Achieve Blue Mage level 80.",
        "AcquiringTips": "",
        "Type": 3,
        "TerritoryTypeID": 0,
        "xCoord": 0.0,
        "yCoord": 0.0
      }
    ]
  },
  "110": {
    "Name": "Wild Rage",
    "Icon": 72311,
    "Sources": [
      {
        "Info": "Spectral Berserker",
        "AcquiringTips": "",
        "Type": 13,
        "TerritoryTypeID": 916,
        "xCoord": 0.0,
        "yCoord": 0.0
      }
    ]
  },
  "111": {
    "Name": "Peat Pelt",
    "Icon": 72312,
    "Sources": [
      {
        "Info": "Mudman",
        "AcquiringTips": "",
        "Type": 13,
        "TerritoryTypeID": 933,
        "xCoord": 0.0,
        "yCoord": 0.0
      }
    ]
  },
  "112": {
    "Name": "Deep Clean",
    "Icon": 72313,
    "Sources": [
      {
        "Info": "Seeker Of Solitude",
        "AcquiringTips": "",
        "Type": 13,
        "TerritoryTypeID": 884,
        "xCoord": 0.0,
        "yCoord": 0.0
      }
    ]
  },
  "113": {
    "Name": "Ruby Dynamics",
    "Icon": 72314,
    "Sources": [
      {
        "Info": "",
        "AcquiringTips": "",
        "Type": 99,
        "TerritoryTypeID": 897,
        "xCoord": 0.0,
        "yCoord": 0.0
      }
    ]
  },
  "114": {
    "Name": "Divination Rune",
    "Icon": 72315,
    "Sources": [
      {
        "Info": "",
        "AcquiringTips": "",
        "Type": 99,
        "TerritoryTypeID": 845,
        "xCoord": 0.0,
        "yCoord": 0.0
      }
    ]
  },
  "115": {
    "Name": "Dimensional Shift",
    "Icon": 72316,
    "Sources": [
      {
        "Info": "",
        "AcquiringTips": "",
        "Type": 99,
        "TerritoryTypeID": 849,
        "xCoord": 0.0,
        "yCoord": 0.0
      }
    ]
  },
  "116": {
    "Name": "Conviction Marcato",
    "Icon": 72317,
    "Sources": [
      {
        "Info": "Forgiven Obscenity",
        "AcquiringTips": "",
        "Type": 13,
        "TerritoryTypeID": 822,
        "xCoord": 0.0,
        "yCoord": 0.0
      }
    ]
  },
  "117": {
    "Name": "Force Field",
    "Icon": 72318,
    "Sources": [
      {
        "Info": "Available after learning 120 spells.",
        "AcquiringTips": "",
        "Type": 3,
        "TerritoryTypeID": 0,
        "xCoord": 0.0,
        "yCoord": 0.0
      }
    ]
  },
  "118": {
    "Name": "Winged Reprobation",
    "Icon": 72319,
    "Sources": [
      {
        "Info": "",
        "AcquiringTips": "",
        "Type": 99,
        "TerritoryTypeID": 846,
        "xCoord": 0.0,
        "yCoord": 0.0
      }
    ]
  },
  "119": {
    "Name": "Laser Eye",
    "Icon": 72320,
    "Sources": [
      {
        "Info": "",
        "AcquiringTips": "",
        "Type": 99,
        "TerritoryTypeID": 945,
        "xCoord": 0.0,
        "yCoord": 0.0
      }
    ]
  },
  "120": {
    "Name": "Candy Cane",
    "Icon": 72321,
    "Sources": [
      {
        "Info": "Aenc Thon",
        "AcquiringTips": "",
        "Type": 13,
        "TerritoryTypeID": 821,
        "xCoord": 0.0,
        "yCoord": 0.0
      }
    ]
  },
  "121": {
    "Name": "Mortal Flame",
    "Icon": 72322,
    "Sources": [
      {
        "Info": "Lugus",
        "AcquiringTips": "",
        "Type": 13,
        "TerritoryTypeID": 884,
        "xCoord": 0.0,
        "yCoord": 0.0
      }
    ]
  },
  "122": {
    "Name": "Sea Shanty",
    "Icon": 72323,
    "Sources": [
      {
        "Info": "Nixie",
        "AcquiringTips": "",
        "Type": 13,
        "TerritoryTypeID": 933,
        "xCoord": 0.0,
        "yCoord": 0.0
      }
    ]
  },
  "123": {
    "Name": "Apokalypsis",
    "Icon": 72324,
    "Sources": [
      {
        "Info": "Therion",
        "AcquiringTips": "",
        "Type": 13,
        "TerritoryTypeID": 838,
        "xCoord": 0.0,
        "yCoord": 0.0
      }
    ]
  },
  "124": {
    "Name": "Being Mortal",
    "Icon": 72325,
    "Sources": [
      {
        "Info": "",
        "AcquiringTips": "",
        "Type": 99,
        "TerritoryTypeID": 845,
        "xCoord": 0.0,
        "yCoord": 0.0
      }
    ]
  }
}