{
  "Author": "Meoiswa",
  "Name": "Tilted",
  "InternalName": "Tilted",
  "AssemblyVersion": "3.2.0.0",
  "Description": "Automatically adjusts the Third Person Camera Angle/Distance given certain conditions.",
  "ApplicableVersion": "any",
  "Tags": [
    "UI",
    "tweak",
    "camera",
    "combat"
  ],
  "DalamudApiLevel": 9,
  "LoadRequiredState": 0,
  "LoadSync": false,
  "CanUnloadAsync": false,
  "LoadPriority": 0,
  "Punchline": "Tilt the camera, not yourself.",
  "AcceptsFeedback": true
}