{
  "Author": "AlexCSDev",
  "Name": "XIVWindowResizer",
  "InternalName": "XIVWindowResizer",
  "AssemblyVersion": "1.0.0.7",
  "Description": "Game window resizing plugin mostly intended for users who want to take screenshots at resolutions higher than their display resolution without going fullscreen and using DSR and similar features.",
  "ApplicableVersion": "any",
  "Tags": [
    "gpose",
    "posing",
    "utility"
  ],
  "DalamudApiLevel": 14,
  "LoadRequiredState": 0,
  "LoadSync": false,
  "CanUnloadAsync": false,
  "LoadPriority": 0,
  "Punchline": "Game window resizing plugin. Ever wanted to take 8K screenshots on 144p screen? Now you can.",
  "AcceptsFeedback": true
}