{
  "Author": "Tischel",
  "Name": "DelvUI",
  "InternalName": "DelvUI",
  "AssemblyVersion": "2.2.0.10",
  "Description": "DelvUI provides a highly configurable HUD replacement and is highly inspired by ElvUI from WoW",
  "ApplicableVersion": "any",
  "RepoUrl": "https://github.com/delvui/delvui",
  "Tags": [
    "UI"
  ],
  "DalamudApiLevel": 10,
  "LoadRequiredState": 0,
  "LoadSync": false,
  "CanUnloadAsync": false,
  "LoadPriority": 0,
  "Punchline": "A modern HUD replacement built for customization.",
  "AcceptsFeedback": true
}