{
  "Author": "daemitus",
  "Name": "ezMiniCactpot",
  "InternalName": "MiniCactpotSolver",
  "AssemblyVersion": "1.3.0.0",
  "Description": "This plugin highlights tiles and lines in MiniCactpot that represent the best potential action you can take.",
  "ApplicableVersion": "any",
  "RepoUrl": "https://github.com/daemitus/MiniCactpotSolver",
  "DalamudApiLevel": 9,
  "LoadRequiredState": 0,
  "LoadSync": false,
  "CanUnloadAsync": false,
  "LoadPriority": 0,
  "IconUrl": "https://raw.githubusercontent.com/daemitus/MiniCactpotSolver/master/res/icon.png",
  "Punchline": "Shows the next best move in Mini Cactpot.",
  "AcceptsFeedback": true
}