{
  "Author": "daemitus, Minmoose, MidoriKami",
  "Name": "ezMiniCactpot",
  "InternalName": "MiniCactpotSolver",
  "AssemblyVersion": "4.0.0.0",
  "Description": "Highlights the tiles and lines in the MiniCactpot board that represent the next best potential move you can make. Maximizing your MGP reward!",
  "ApplicableVersion": "any",
  "RepoUrl": "https://github.com/Etheirys/EzMiniCactpot",
  "Tags": [
    "cactpot",
    "mini cactpot",
    "gold saucer",
    "utility",
    "ui"
  ],
  "DalamudApiLevel": 14,
  "LoadRequiredState": 0,
  "LoadSync": false,
  "CanUnloadAsync": false,
  "LoadPriority": 0,
  "Punchline": "Shows the next best move in Mini Cactpot.",
  "AcceptsFeedback": true
}