{
  "Author": "wompscode",
  "Name": "NowPlaying",
  "InternalName": "NowPlaying",
  "AssemblyVersion": "1.3.0.5",
  "Description": "Display what is playing in your server bar, and play/pause/skip. Great with macros! (--> Windows only <--)",
  "ApplicableVersion": "any",
  "Tags": [
    "music",
    "background",
    "utility"
  ],
  "DalamudApiLevel": 13,
  "LoadRequiredState": 0,
  "LoadSync": false,
  "CanUnloadAsync": false,
  "LoadPriority": 0,
  "Punchline": "Display what is playing in your server bar, and play/pause/skip. (Windows only)",
  "AcceptsFeedback": true
}