{
  "Author": "daemitus, hiroa, MidoriKami",
  "Name": "ZodiacBuddy",
  "InternalName": "ZodiacBuddy",
  "AssemblyVersion": "1.1.0.1",
  "Description": "This plugin attempts to help you complete your Zodiac weapon in various ways.",
  "ApplicableVersion": "any",
  "RepoUrl": "https://github.com/MidoriKami/ZodiacBuddy",
  "DalamudApiLevel": 11,
  "LoadRequiredState": 0,
  "LoadSync": false,
  "CanUnloadAsync": false,
  "LoadPriority": 0,
  "Punchline": "Complete your Zodiac relic with style.",
  "AcceptsFeedback": true
}