{
  "Author": "ocealot",
  "Name": "JobBars",
  "InternalName": "JobBars",
  "AssemblyVersion": "1.3.1.0",
  "Description": "Additional job gauges, party buff timers, mitigation trackers, and more. Icon by PAPACHIN",
  "ApplicableVersion": "any",
  "RepoUrl": "https://github.com/0ceal0t/JobBars",
  "Tags": [
    "UI",
    "Bars"
  ],
  "DalamudApiLevel": 10,
  "LoadRequiredState": 0,
  "LoadSync": false,
  "CanUnloadAsync": false,
  "LoadPriority": 0,
  "Punchline": "Extra job gauges",
  "AcceptsFeedback": true
}