{
  "Author": "MidoriKami",
  "Name": "Chill Frames",
  "InternalName": "ChillFrames",
  "AssemblyVersion": "1.6.2.0",
  "Description": "Tired of your GPU melting your face off while just running around? Why render at 240 FPS when you're just staring at that gathering node? Fret no more! Chill Frames allows you dynamically limit your framerate when doing unimportant tasks!",
  "ApplicableVersion": "any",
  "RepoUrl": "https://github.com/MidoriKami/ChillFrames",
  "Tags": [
    "utility"
  ],
  "CategoryTags": [
    "Utility"
  ],
  "DalamudApiLevel": 8,
  "LoadRequiredState": 0,
  "LoadSync": false,
  "LoadPriority": 0,
  "Punchline": "Limit Framerate while out of combat",
  "AcceptsFeedback": true
}