{
  "Author": "Khayle, daemitus, attick",
  "Name": "XIV Uncombo",
  "InternalName": "XIVUncombo",
  "AssemblyVersion": "1.0.3.0",
  "Description": "This plugin splits combos and native abilities into more buttons.",
  "ApplicableVersion": "any",
  "RepoUrl": "https://github.com/MKhayle/XIVUncombo",
  "DalamudApiLevel": 14,
  "LoadRequiredState": 0,
  "LoadSync": false,
  "CanUnloadAsync": false,
  "LoadPriority": 0,
  "ImageUrls": [],
  "IconUrl": "https://raw.githubusercontent.com/MKhayle/XIVUncombo/master/res/icon.png",
  "Punchline": "Splits combos into more button for more button bloating. Requires BLU spells.",
  "AcceptsFeedback": true
}