<?xml version="1.0"?>
<doc>
    <assembly>
        <name>XIVUncombo</name>
    </assembly>
    <members>
        <member name="T:XIVUncombo.Attributes.CustomUncomboInfoAttribute">
            <summary>
            Attribute documenting additional information for each combo.
            </summary>
        </member>
        <member name="M:XIVUncombo.Attributes.CustomUncomboInfoAttribute.#ctor(System.String,System.String,System.Byte,System.Int32)">
            <summary>
            Initializes a new instance of the <see cref="T:XIVUncombo.Attributes.CustomUncomboInfoAttribute"/> class.
            </summary>
            <param name="fancyName">Display name.</param>
            <param name="description">Combo description.</param>
            <param name="jobID">Associated job ID.</param>
            <param name="order">Display order.</param>
        </member>
        <member name="P:XIVUncombo.Attributes.CustomUncomboInfoAttribute.FancyName">
            <summary>
            Gets the display name.
            </summary>
        </member>
        <member name="P:XIVUncombo.Attributes.CustomUncomboInfoAttribute.Description">
            <summary>
            Gets the description.
            </summary>
        </member>
        <member name="P:XIVUncombo.Attributes.CustomUncomboInfoAttribute.JobID">
            <summary>
            Gets the job ID.
            </summary>
        </member>
        <member name="P:XIVUncombo.Attributes.CustomUncomboInfoAttribute.Order">
            <summary>
            Gets the display order.
            </summary>
        </member>
        <member name="P:XIVUncombo.Attributes.CustomUncomboInfoAttribute.JobName">
            <summary>
            Gets the job name.
            </summary>
        </member>
        <member name="P:XIVUncombo.Attributes.CustomUncomboInfoAttribute.RoleName">
            <summary>
            Gets the role name.
            </summary>
        </member>
        <member name="M:XIVUncombo.Attributes.CustomUncomboInfoAttribute.JobIDToName(System.Byte)">
            <summary>
            Gets the job name from a job ID.
            </summary>
            <returns>The job name.</returns>
        </member>
        <member name="T:XIVUncombo.Attributes.IconsUncomboAttribute">
            <summary>
            Attribute designating icons to display in action presets.
            </summary>
        </member>
        <member name="M:XIVUncombo.Attributes.IconsUncomboAttribute.#ctor(System.UInt32)">
            <summary>
            Initializes a new instance of the <see cref="T:XIVUncombo.Attributes.IconsUncomboAttribute"/> class with a single icon.
            </summary>
            <param name="icon">Icon that should be displayed next to the action preset.</param>
        </member>
        <member name="M:XIVUncombo.Attributes.IconsUncomboAttribute.#ctor(System.UInt32[])">
            <summary>
            Initializes a new instance of the <see cref="T:XIVUncombo.Attributes.IconsUncomboAttribute"/> class with up to 3 icons.
            </summary>
            <param name="icons">Array of icon that should be displayed next to the action preset.</param>
        </member>
        <member name="P:XIVUncombo.Attributes.IconsUncomboAttribute.Icons">
            <summary>
            Gets the icon ID.
            </summary>
        </member>
        <member name="T:XIVUncombo.Attributes.ParentUncomboAttribute">
            <summary>
            Attribute documenting required combo relationships.
            </summary>
        </member>
        <member name="M:XIVUncombo.Attributes.ParentUncomboAttribute.#ctor(XIVUncombo.CustomUncomboPreset)">
            <summary>
            Initializes a new instance of the <see cref="T:XIVUncombo.Attributes.ParentUncomboAttribute"/> class.
            </summary>
            <param name="parentPreset">Presets that depend on the given combo.</param>
        </member>
        <member name="P:XIVUncombo.Attributes.ParentUncomboAttribute.ParentPreset">
            <summary>
            Gets the display name.
            </summary>
        </member>
        <member name="T:XIVUncombo.Uncombos.CustomUncombo">
            <summary>
            Base class for each combo.
            </summary>
            <summary>
            Passthrough methods and properties to IconReplacer. Shortens what it takes to call each method.
            </summary>
        </member>
        <member name="M:XIVUncombo.Uncombos.CustomUncombo.#ctor">
            <summary>
            Initializes a new instance of the <see cref="T:XIVUncombo.Uncombos.CustomUncombo"/> class.
            </summary>
        </member>
        <member name="P:XIVUncombo.Uncombos.CustomUncombo.Preset">
            <summary>
            Gets the preset associated with this combo.
            </summary>
        </member>
        <member name="P:XIVUncombo.Uncombos.CustomUncombo.ClassID">
            <summary>
            Gets the class ID associated with this combo.
            </summary>
        </member>
        <member name="P:XIVUncombo.Uncombos.CustomUncombo.JobID">
            <summary>
            Gets the job ID associated with this combo.
            </summary>
        </member>
        <member name="M:XIVUncombo.Uncombos.CustomUncombo.TryInvoke(System.UInt32,System.Byte,System.UInt32@)">
            <summary>
            Performs various checks then attempts to invoke the combo.
            </summary>
            <param name="actionID">Starting action ID.</param>
            <param name="level">Player level.</param>
            <param name="newActionID">Replacement action ID.</param>
            <returns>True if the action has changed, otherwise false.</returns>
        </member>
        <member name="M:XIVUncombo.Uncombos.CustomUncombo.Invoke(System.UInt32,System.Byte)">
            <summary>
            Invokes the combo.
            </summary>
            <param name="actionID">Starting action ID.</param>
            <param name="level">Current player level.</param>
            <returns>The replacement action ID.</returns>
        </member>
        <member name="P:XIVUncombo.Uncombos.CustomUncombo.LocalPlayer">
            <summary>
            Gets the player or null.
            </summary>
        </member>
        <member name="M:XIVUncombo.Uncombos.CustomUncombo.OriginalHook(System.UInt32)">
            <summary>
            Calls the original hook.
            </summary>
            <param name="actionID">Action ID.</param>
            <returns>The result from the hook.</returns>
        </member>
        <member name="M:XIVUncombo.Uncombos.CustomUncombo.IsOriginal(System.UInt32)">
            <summary>
            Compare the original hook to the given action ID.
            </summary>
            <param name="actionID">Action ID.</param>
            <returns>A value indicating whether the action would be modified.</returns>
        </member>
        <member name="M:XIVUncombo.Uncombos.CustomUncombo.IsEnabled(XIVUncombo.CustomUncomboPreset)">
            <summary>
            Determine if the given preset is enabled.
            </summary>
            <param name="preset">Preset to check.</param>
            <returns>A value indicating whether the preset is enabled.</returns>
        </member>
        <member name="T:XIVUncombo.CustomUncomboPreset">
            <summary>
            Combo presets.
            </summary>
        </member>
        <member name="T:XIVUncombo.IconReplacer">
            <summary>
            This class facilitates the icon replacing.
            </summary>
        </member>
        <member name="M:XIVUncombo.IconReplacer.#ctor(Dalamud.Plugin.Services.IGameInteropProvider)">
            <summary>
            Initializes a new instance of the <see cref="T:XIVUncombo.IconReplacer"/> class.
            </summary>
        </member>
        <member name="M:XIVUncombo.IconReplacer.Dispose">
            <inheritdoc/>
        </member>
        <member name="M:XIVUncombo.IconReplacer.OriginalHook(System.UInt32)">
            <summary>
            Calls the original hook.
            </summary>
            <param name="actionID">Action ID.</param>
            <returns>The result from the hook.</returns>
        </member>
        <member name="T:XIVUncombo.Interface.ConfigWindow">
            <summary>
            Plugin configuration window.
            </summary>
        </member>
        <member name="M:XIVUncombo.Interface.ConfigWindow.#ctor(XIVUncombo.XIVUncombo)">
            <summary>
            Initializes a new instance of the <see cref="T:XIVUncombo.Interface.ConfigWindow"/> class.
            </summary>
        </member>
        <member name="M:XIVUncombo.Interface.ConfigWindow.Draw">
            <inheritdoc/>
        </member>
        <member name="M:XIVUncombo.Interface.ConfigWindow.GetJobIcon(System.Byte)">
            <summary>
            Returns a ISharedImmediateTexture for the appropriate job.
            </summary>
            <param name="jobID">ID of the job.</param>
        </member>
        <member name="M:XIVUncombo.Interface.ConfigWindow.GetSkillIcon(System.UInt32)">
            <summary>
            Returns a ISharedImmediateTexture for the appropriate skill.
            </summary>
            <param name="skillID">ID of the skill.</param>
        </member>
        <member name="M:XIVUncombo.Interface.ConfigWindow.GetSkillName(System.UInt32)">
            <summary>
            Returns the localized string name for the appropriate skill/status.
            </summary>
            <param name="skillID">ID of the skill.</param>
        </member>
        <member name="M:XIVUncombo.Interface.ConfigWindow.GetIcon(System.UInt32)">
            <summary>
            Returns a ISharedImmediateTexture for the appropriate icon.
            </summary>
            <param name="iconID">ID of the icon.</param>
        </member>
        <member name="T:XIVUncombo.PluginAddressResolver">
            <summary>
            Plugin address resolver.
            </summary>
        </member>
        <member name="P:XIVUncombo.PluginAddressResolver.IsActionIdReplaceable">
            <summary>
            Gets the address of fpIsIconReplacable.
            </summary>
        </member>
        <member name="M:XIVUncombo.PluginAddressResolver.Setup64Bit(Dalamud.Plugin.Services.ISigScanner)">
            <inheritdoc/>
        </member>
        <member name="T:XIVUncombo.PluginConfiguration">
            <summary>
            Plugin configuration.
            </summary>
        </member>
        <member name="P:XIVUncombo.PluginConfiguration.Version">
            <summary>
            Gets or sets the collection of enabled combos.
            </summary>
        </member>
        <member name="P:XIVUncombo.PluginConfiguration.EnabledActions">
            <summary>
            Gets or sets the collection of enabled combos.
            </summary>
        </member>
        <member name="P:XIVUncombo.PluginConfiguration.EnablePlugin">
            <summary>
            Gets or sets a value indicating whether to enable the plugin or not.
            </summary>
        </member>
        <member name="P:XIVUncombo.PluginConfiguration.CurrentJobTab">
            <summary>
            Gets or sets a value indicating which is the current tab.
            </summary>
        </member>
        <member name="P:XIVUncombo.PluginConfiguration.AutoJobChange">
            <summary>
            Gets or sets a value indicating whether the plugin automatically changes to the current job upon opening the GUI.
            </summary>
        </member>
        <member name="P:XIVUncombo.PluginConfiguration.HideKofi">
            <summary>
            Gets or sets a value indicating whether to hide the Ko-Fi link.
            </summary>
        </member>
        <member name="P:XIVUncombo.PluginConfiguration.HideIcons">
            <summary>
            Gets or sets a value indicating whether to hide the icons of a feature.
            </summary>
        </member>
        <member name="P:XIVUncombo.PluginConfiguration.BigJobIcons">
            <summary>
            Gets or sets a value indicating whether to increase the icons of the jobs on the sidebar or not.
            </summary>
        </member>
        <member name="P:XIVUncombo.PluginConfiguration.BigComboIcons">
            <summary>
            Gets or sets a value indicating whether increase the icons featured in the combo lists or not.
            </summary>
        </member>
        <member name="M:XIVUncombo.PluginConfiguration.Save">
            <summary>
            Save the configuration to disk.
            </summary>
        </member>
        <member name="M:XIVUncombo.PluginConfiguration.IsEnabled(XIVUncombo.CustomUncomboPreset)">
            <summary>
            Gets a value indicating whether a preset is enabled.
            </summary>
            <param name="preset">Preset to check.</param>
            <returns>The boolean representation.</returns>
        </member>
        <member name="M:XIVUncombo.PluginConfiguration.GetParent(XIVUncombo.CustomUncomboPreset)">
            <summary>
            Gets the parent combo preset if it exists, or null.
            </summary>
            <param name="preset">Preset to check.</param>
            <returns>The parent preset.</returns>
        </member>
        <member name="T:XIVUncombo.Service">
            <summary>
            Dalamud and plugin services.
            </summary>
        </member>
        <member name="P:XIVUncombo.Service.Configuration">
            <summary>
            Gets or sets the plugin configuration.
            </summary>
        </member>
        <member name="P:XIVUncombo.Service.IconReplacer">
            <summary>
            Gets or sets the plugin icon replacer.
            </summary>
        </member>
        <member name="P:XIVUncombo.Service.Address">
            <summary>
            Gets or sets the plugin address resolver.
            </summary>
        </member>
        <member name="P:XIVUncombo.Service.Interface">
            <summary>
            Gets the Dalamud plugin interface.
            </summary>
        </member>
        <member name="P:XIVUncombo.Service.ChatGui">
            <summary>
            Gets the Dalamud chat gui.
            </summary>
        </member>
        <member name="P:XIVUncombo.Service.ClientState">
            <summary>
            Gets the Dalamud client state.
            </summary>
        </member>
        <member name="P:XIVUncombo.Service.CommandManager">
            <summary>
            Gets the Dalamud command manager.
            </summary>
        </member>
        <member name="P:XIVUncombo.Service.DataManager">
            <summary>
            Gets the Dalamud data manager.
            </summary>
        </member>
        <member name="P:XIVUncombo.Service.TextureProvider">
            <summary>
            Gets the Dalamud texture provider.
            </summary>
        </member>
        <member name="P:XIVUncombo.Service.PluginLog">
            <summary>
            Gets the Dalamud plugin log.
            </summary>
        </member>
        <member name="T:XIVUncombo.XIVUncombo">
            <summary>
            Main plugin implementation.
            </summary>
        </member>
        <member name="M:XIVUncombo.XIVUncombo.#ctor(Dalamud.Plugin.IDalamudPluginInterface,Dalamud.Plugin.Services.ISigScanner,Dalamud.Plugin.Services.IGameInteropProvider)">
            <summary>
            Initializes a new instance of the <see cref="T:XIVUncombo.XIVUncombo"/> class.
            </summary>
            <param name="pluginInterface">Dalamud plugin interface.</param>
            <param name="sigScanner">Dalamud signature scanner.</param>
            <param name="gameInteropProvider">Dalamud game interop provider.</param>
        </member>
        <member name="P:XIVUncombo.XIVUncombo.Name">
            <inheritdoc/>
        </member>
        <member name="M:XIVUncombo.XIVUncombo.Dispose">
            <inheritdoc/>
        </member>
    </members>
</doc>
