{
  "Author": "Khayle, daemitus, attick",
  "Name": "XIV Uncombo",
  "InternalName": "XIVUncombo",
  "AssemblyVersion": "1.0.1.0",
  "Description": "This plugin splits combos and mutually exclusive abilities onto several buttons. For example, a 1-1-1 combo would become 1-2-3.",
  "ApplicableVersion": "any",
  "RepoUrl": "https://github.com/MKhayle/XIVUncombo",
  "DalamudApiLevel": 12,
  "LoadRequiredState": 0,
  "LoadSync": false,
  "CanUnloadAsync": false,
  "LoadPriority": 0,
  "ImageUrls": [],
  "IconUrl": "https://raw.githubusercontent.com/MKhayle/XIVUncombo/master/res/icon.png",
  "Punchline": "Splits combos into more button for more button bloating. Requires BLU spells.",
  "AcceptsFeedback": true
}