{
  "Author": "MgAl2O4",
  "Name": "Harp Hero",
  "InternalName": "HarpHero",
  "AssemblyVersion": "1.13.0.0",
  "Description": "Assist mode for bards who want to play music but don't know how to.\n- does NOT play anything automatically\n- needs MIDI files to work\n- adapts MIDI tracks to fit in game limitations for you\n- you will be scored :O",
  "ApplicableVersion": "any",
  "Tags": [
    "bard",
    "music",
    "performance",
    "midi",
    "harp"
  ],
  "DalamudApiLevel": 13,
  "LoadRequiredState": 0,
  "LoadSync": false,
  "CanUnloadAsync": false,
  "LoadPriority": 0,
  "Punchline": "Bard performance assistant",
  "AcceptsFeedback": true
}