{
  "Author": "attick, perchbird & Speedas",
  "Name": "Title Edit",
  "InternalName": "TitleEdit",
  "AssemblyVersion": "3.0.1.2",
  "Description": "Create your own custom title or character select screen of your favorite location in-game, and open the game right up to that spot every time.\nIncludes a number of preinstalled title screens for you to use or get inspiration from, and an easy to use importer to use title screens that others have shared!\nCharacter select supports recording your last visited location, per character display setting and even displaying yourself on a mount.",
  "ApplicableVersion": "any",
  "RepoUrl": "https://github.com/RokasKil/TitleEdit",
  "Tags": [
    "UI"
  ],
  "DalamudApiLevel": 10,
  "LoadRequiredState": 2,
  "LoadSync": true,
  "CanUnloadAsync": false,
  "LoadPriority": 0,
  "Punchline": "Create, share, and shuffle custom title screens and character select screen for FFXIV.",
  "AcceptsFeedback": true
}