{
  "Author": "attick & perchbird",
  "Name": "Title Edit",
  "InternalName": "TitleEdit",
  "AssemblyVersion": "2.2.6.11",
  "Description": "Create your own custom title screen of your favorite location in-game, and open the game right up to that spot every time.\nIncludes a number of preinstalled title screens for you to use or get inspiration from, and an easy to use importer to\nuse title screens that others have shared!",
  "ApplicableVersion": "any",
  "RepoUrl": "https://github.com/lmcintyre/TitleEditPlugin",
  "DalamudApiLevel": 8,
  "LoadRequiredState": 2,
  "LoadSync": true,
  "LoadPriority": 10,
  "Punchline": "Create, share, and shuffle custom title screens for FFXIV.",
  "AcceptsFeedback": true
}