{
  "Author": "Snowy, KangasZ",
  "Name": "Eureka Helper",
  "InternalName": "EurekaHelper",
  "AssemblyVersion": "2.0.3.3",
  "Description": "A plugin to enchance your Eureka experience, updated for the most current patch",
  "ApplicableVersion": "any",
  "RepoUrl": "https://github.com/KangasZ/EurekaHelper",
  "Tags": [
    "Eureka",
    "Tracker",
    "QoL",
    "Instance",
    "Weather",
    "NM",
    "Elemental",
    "Fairy",
    "Relic",
    "Alarms"
  ],
  "CategoryTags": [
    "Utility"
  ],
  "DalamudApiLevel": 14,
  "LoadRequiredState": 0,
  "LoadSync": false,
  "CanUnloadAsync": false,
  "LoadPriority": 0,
  "Punchline": "Eureka Tracker in a plugin with many other features.",
  "AcceptsFeedback": true
}