{
  "Author": "Snowy",
  "Name": "Eureka Helper",
  "InternalName": "EurekaHelper",
  "AssemblyVersion": "1.0.0.7",
  "Description": "A tool to assist you on your Eureka adventures. Type /eurekahelper to get started.",
  "ApplicableVersion": "any",
  "RepoUrl": "https://github.com/snooooowy/EurekaHelper",
  "Tags": [
    "eureka",
    "tracker",
    "QoL"
  ],
  "CategoryTags": [
    "utility"
  ],
  "DalamudApiLevel": 8,
  "LoadRequiredState": 0,
  "LoadSync": false,
  "LoadPriority": 0,
  "Punchline": "Eureka Tracker in a plugin with QoL features",
  "AcceptsFeedback": true
}