{
  "Author": "Snowy",
  "Name": "Eureka Helper",
  "InternalName": "EurekaHelper",
  "AssemblyVersion": "1.4.1.1",
  "Description": "A tool to assist you on your Eureka adventures. Type /eurekahelper to get started.\nFeatures include:\n- In-Game Tracker GUI\n- Instance Tracker\n- Elementals Tracker\n- Relic Helper\n- Money NM weather times\n- More to come",
  "ApplicableVersion": "any",
  "RepoUrl": "https://github.com/snooooowy/EurekaHelper",
  "Tags": [
    "eureka",
    "tracker",
    "QoL",
    "Instance",
    "Weather",
    "NM",
    "Elemental",
    "Fairy",
    "Relic"
  ],
  "CategoryTags": [
    "utility"
  ],
  "DalamudApiLevel": 8,
  "LoadRequiredState": 0,
  "LoadSync": false,
  "CanUnloadAsync": false,
  "LoadPriority": 0,
  "Punchline": "Eureka Tracker in a plugin with QoL features",
  "AcceptsFeedback": true
}