{
  "Author": "ascclemens",
  "Name": "Peeping Tom",
  "InternalName": "PeepingTom",
  "AssemblyVersion": "1.7.14",
  "Description": "Shows who is currently or was previously targeting you.",
  "ApplicableVersion": "any",
  "RepoUrl": "https://git.annaclemens.io/ascclemens/PeepingTom",
  "DalamudApiLevel": 8,
  "LoadRequiredState": 0,
  "LoadSync": false,
  "CanUnloadAsync": false,
  "LoadPriority": 0,
  "Punchline": "Shows who is currently or was previously targeting you.",
  "AcceptsFeedback": true
}