{
  "Author": "Anna, Maintained by Caraxi",
  "Name": "Peeping Tom",
  "InternalName": "PeepingTom",
  "AssemblyVersion": "1.7.23",
  "Description": "Shows who is currently or was previously targeting you.",
  "ApplicableVersion": "any",
  "RepoUrl": "https://github.com/Caraxi/PeepingTom",
  "DalamudApiLevel": 14,
  "LoadRequiredState": 0,
  "LoadSync": false,
  "CanUnloadAsync": false,
  "LoadPriority": 0,
  "Punchline": "Shows who is currently or was previously targeting you.",
  "AcceptsFeedback": true
}