{
  "Author": "PunishedPineapple",
  "Name": "Distance",
  "InternalName": "Distance",
  "AssemblyVersion": "1.0.1.3",
  "Description": "Displays the distance in yalms to the target (or optionally to the target's ring), and can display distance until aggro range for supported bosses.",
  "ApplicableVersion": "any",
  "RepoUrl": "https://github.com/PunishedPineapple/Distance",
  "Tags": [
    "Distance",
    "Range",
    "Aggro",
    "Enmity",
    "Hate",
    "Pull",
    "Hitbox",
    "Ring",
    "Target"
  ],
  "DalamudApiLevel": 8,
  "LoadRequiredState": 0,
  "LoadSync": false,
  "LoadPriority": 0,
  "ImageUrls": [
    "https://github.com/PunishedPineapple/Distance/raw/main/docs/Images/image1.png",
    "https://github.com/PunishedPineapple/Distance/raw/main/docs/Images/image2.png"
  ],
  "IconUrl": "https://github.com/PunishedPineapple/Distance/raw/main/docs/Images/icon.png",
  "Punchline": "Target distance widgets.",
  "AcceptsFeedback": true
}