{
  "Author": "Drahsid",
  "Name": "Better Shadows",
  "InternalName": "BetterShadows",
  "AssemblyVersion": "1.1.5.0",
  "Description": "Directly adjust the distance of each shadow cascade! Now introducing 4k shadowmap!",
  "ApplicableVersion": "any",
  "RepoUrl": "https://github.com/Drahsid/BetterShadows",
  "DalamudApiLevel": 8,
  "LoadRequiredState": 0,
  "LoadSync": false,
  "CanUnloadAsync": false,
  "LoadPriority": 0,
  "Punchline": "Take control of your shadows!",
  "AcceptsFeedback": true
}