{
  "Author": "James Keesey",
  "Name": "Chatter",
  "InternalName": "Chatter",
  "AssemblyVersion": "1.2.0.0",
  "Description": "Allows for saving char conversations, separated by groups of people and chat types.",
  "ApplicableVersion": "any",
  "RepoUrl": "https://github.com/jlkeesey/Chatter",
  "Tags": [
    "chat",
    "plugin",
    "cats"
  ],
  "DalamudApiLevel": 10,
  "LoadRequiredState": 0,
  "LoadSync": false,
  "CanUnloadAsync": false,
  "LoadPriority": 0,
  "Punchline": "Saves and filters chats.",
  "AcceptsFeedback": true
}