{
  "Author": "Pistachio Herald",
  "Name": "Flash On Ready Check",
  "InternalName": "FlashOnReadyCheck",
  "AssemblyVersion": "0.1.0.1",
  "Description": "Pass those ready checks, even when alt-tabbed.",
  "ApplicableVersion": "any",
  "Tags": [
    "ready",
    "check",
    "alt",
    "tab",
    "party",
    "duty",
    "alert"
  ],
  "DalamudApiLevel": 14,
  "LoadRequiredState": 0,
  "LoadSync": false,
  "CanUnloadAsync": false,
  "LoadPriority": 0,
  "Punchline": "I'm ready, I was just alt tabbed!",
  "AcceptsFeedback": true
}