{
  "Author": "Infi, kalilistic",
  "Name": "PlayerTrack",
  "InternalName": "PlayerTrack",
  "AssemblyVersion": "3.5.0.1",
  "Description": "PlayerTrack helps you keep a record of who you meet and the content you played together.\nOrganize players into categories, keep notes, and track them across name/world changes.\nCustomization options include colors, icons, nameplates, and alerts.",
  "ApplicableVersion": "any",
  "RepoUrl": "https://github.com/Infiziert90/PlayerTrack",
  "Tags": [
    "player",
    "track",
    "orwell"
  ],
  "DalamudApiLevel": 11,
  "LoadRequiredState": 0,
  "LoadSync": false,
  "CanUnloadAsync": false,
  "LoadPriority": 0,
  "Punchline": "Keep track of players you meet.",
  "AcceptsFeedback": true
}