{
  "Author": "Felscream",
  "Name": "DragoonMayCry",
  "InternalName": "DragoonMayCry",
  "AssemblyVersion": "1.3.2.0",
  "Description": "DragoonMayCry",
  "ApplicableVersion": "any",
  "RepoUrl": "https://github.com/Felscream/DragoonMayCry",
  "Tags": [
    "dmc",
    "style",
    "dragoon",
    "combo",
    "cry",
    "greed"
  ],
  "DalamudApiLevel": 14,
  "LoadRequiredState": 0,
  "LoadSync": false,
  "CanUnloadAsync": false,
  "LoadPriority": 0,
  "Punchline": "A plugin that ranks your performance based on your fundamentals in combat",
  "AcceptsFeedback": true
}