{
  "Author": "Felscream",
  "Name": "DragoonMayCry",
  "InternalName": "DragoonMayCry",
  "AssemblyVersion": "1.2.1.2",
  "Description": "A plugin that tries to add flavour to combat. You score by dealing damage, and lose points if you are not greeding correctly. Now with dynamic BGM.",
  "ApplicableVersion": "any",
  "RepoUrl": "https://github.com/Felscream/DragoonMayCry",
  "Tags": [
    "dmc",
    "style",
    "dragoon",
    "combo",
    "cry",
    "greed"
  ],
  "DalamudApiLevel": 11,
  "LoadRequiredState": 0,
  "LoadSync": false,
  "CanUnloadAsync": false,
  "LoadPriority": 0,
  "Punchline": "A plugin that ranks your performance based on your fundamentals in combat",
  "AcceptsFeedback": true
}