{
  "Author": "Infi, attick",
  "Name": "Mouseover Action",
  "InternalName": "MOAction",
  "AssemblyVersion": "4.9.0.0",
  "Description": "This plugin allows for actions to be used on mouseover targets without a macro.",
  "ApplicableVersion": "any",
  "RepoUrl": "https://github.com/Infiziert90/MOActionPlugin",
  "Tags": [
    "Mouseover",
    "Macro",
    "Ground Queue",
    "Skills",
    "Job"
  ],
  "DalamudApiLevel": 14,
  "LoadRequiredState": 0,
  "LoadSync": false,
  "CanUnloadAsync": false,
  "LoadPriority": 0,
  "Punchline": "Mo' actions no problems",
  "AcceptsFeedback": true
}