{
  "Author": "Infi, attick",
  "Name": "Mouseover Action",
  "InternalName": "MOAction",
  "AssemblyVersion": "4.8.0.0",
  "Description": "This plugin lets you target friends or enemies like a macro, without the clunkiness of a macro. /mo opens the configuration.",
  "ApplicableVersion": "any",
  "RepoUrl": "https://github.com/Infiziert90/MOActionPlugin",
  "Tags": [
    "Mouseover",
    "Macro"
  ],
  "DalamudApiLevel": 13,
  "LoadRequiredState": 0,
  "LoadSync": false,
  "CanUnloadAsync": false,
  "LoadPriority": 0,
  "Punchline": "Mo' actions no problems",
  "AcceptsFeedback": true
}