{
  "Author": "Infi, Cadaeix",
  "Name": "XIVLogger",
  "InternalName": "XIVLogger",
  "AssemblyVersion": "1.0.7.1",
  "Description": "Save chat logs as text files from when this is loaded. /xivlogger for settings, /savelog to save logs, /copylogs to copy logs.",
  "ApplicableVersion": "any",
  "RepoUrl": "https://github.com/Infiziert90/XIVLogger",
  "Tags": [
    "xivlauncher",
    "plugin",
    "chat",
    "chat log"
  ],
  "DalamudApiLevel": 10,
  "LoadRequiredState": 0,
  "LoadSync": false,
  "CanUnloadAsync": false,
  "LoadPriority": 0,
  "Punchline": "Save chat logs to your computer as text files or copy them!",
  "AcceptsFeedback": true
}