{
  "Author": "Cyenia, 53m1k0l0n, rennerdo30",
  "Name": "SimpleCompare",
  "InternalName": "SimpleCompare",
  "AssemblyVersion": "2.1.0.0",
  "Description": "Show simple item comparison when pressing SHIFT and hovering over item",
  "ApplicableVersion": "any",
  "RepoUrl": "https://github.com/Cyenia/ffxiv-simplecompare",
  "Tags": [
    "compare",
    "gear"
  ],
  "DalamudApiLevel": 12,
  "LoadRequiredState": 0,
  "LoadSync": false,
  "CanUnloadAsync": false,
  "LoadPriority": 0,
  "IconUrl": "https://raw.githubusercontent.com/Cyenia/ffxiv-simplecompare/main/SimpleCompare/Images/icon.png",
  "Punchline": "Simple item comparison",
  "AcceptsFeedback": true
}