{
  "Author": "Kouzukii",
  "Name": "Price Insight",
  "InternalName": "PriceInsight",
  "AssemblyVersion": "2.2.0.0",
  "Description": "Whenever you mouseover an item, it will show you the NQ/HQ marketboard prices at the bottom as well as the most recent purchase.\nThe marketboard info will sometimes not be immediately available, you can move your mouse or tap the ctrl key to refresh the tooltip.\n",
  "ApplicableVersion": "any",
  "RepoUrl": "https://github.com/kouzukii/ffxiv-priceinsight",
  "Tags": [
    "marketboard",
    "items",
    "price"
  ],
  "CategoryTags": [
    "ui",
    "utility"
  ],
  "DalamudApiLevel": 7,
  "LoadPriority": 0,
  "ImageUrls": [
    "https://raw.githubusercontent.com/Kouzukii/ffxiv-priceinsight/master/PriceInsight/images/image1.png"
  ],
  "IconUrl": "https://raw.githubusercontent.com/Kouzukii/ffxiv-priceinsight/master/PriceInsight/images/icon.png",
  "Punchline": "See item marketboard prices on hover!"
}