{
  "Author": "Liza Carvelli",
  "Name": "CollectableCalculator",
  "InternalName": "CollectableCalculator",
  "AssemblyVersion": "2.0",
  "Description": "Shows how many scrips and items you would receive if you turn in your current inventory.",
  "ApplicableVersion": "any",
  "RepoUrl": "https://github.com/mabako/CollectableCalculator",
  "Tags": [
    "scrips",
    "collectable"
  ],
  "DalamudApiLevel": 9,
  "LoadRequiredState": 0,
  "LoadSync": false,
  "CanUnloadAsync": false,
  "LoadPriority": 0,
  "Punchline": "Shows how many scrips and items you would receive if you turn in your current inventory.",
  "AcceptsFeedback": true
}