{
  "Author": "Stonewind",
  "Name": "Toastingway",
  "InternalName": "ToastingwayPlugin",
  "AssemblyVersion": "1.3.0.2",
  "Description": "The Toastingway plugin.",
  "ApplicableVersion": "any",
  "RepoUrl": "https://github.com/powellad/Toastingway",
  "Tags": [
    "item",
    "notification",
    "toast",
    "toastingway"
  ],
  "DalamudApiLevel": 14,
  "LoadRequiredState": 0,
  "LoadSync": false,
  "CanUnloadAsync": false,
  "LoadPriority": 0,
  "Punchline": "Keep on top of new items.",
  "AcceptsFeedback": true
}