{
  "Author": "Aida Enna",
  "Name": "Doorbell",
  "InternalName": "Doorbell",
  "AssemblyVersion": "1.0.4.0",
  "Description": "Play a chime when someone comes into a house, when they leave or when entering a house people are already inside.\n\nIcon by Flaticon",
  "ApplicableVersion": "any",
  "RepoUrl": "https://github.com/Aida-Enna/Doorbell",
  "Tags": [
    "doorbell",
    "house",
    "aida"
  ],
  "DalamudApiLevel": 13,
  "LoadRequiredState": 0,
  "LoadSync": false,
  "CanUnloadAsync": false,
  "LoadPriority": 0,
  "IconUrl": "https://i.imgur.com/wtOolxu.png",
  "Punchline": "Play a chime when someone comes into a house.",
  "AcceptsFeedback": true
}