{
  "Author": "mabako, Liza Carvelli",
  "Name": "Title Roulette",
  "InternalName": "TitleRoulette",
  "AssemblyVersion": "4.4",
  "Description": "Allows you to pick any number of titles, setting a random one each time you use \"/ptitle\" or \"/ptitle groupName\".",
  "ApplicableVersion": "any",
  "RepoUrl": "https://github.com/mabako/TitleRoulette",
  "Tags": [],
  "DalamudApiLevel": 13,
  "LoadRequiredState": 0,
  "LoadSync": false,
  "CanUnloadAsync": false,
  "LoadPriority": 0,
  "Punchline": "Pick titles you want in a title roulette.",
  "AcceptsFeedback": true
}