{
  "Author": "perchbird (originally Meli)",
  "Name": "Orchestrion Plugin",
  "InternalName": "orchestrion",
  "AssemblyVersion": "2.2.0.10",
  "Description": "Orchestrion Plugin allows you to change the currently playing in-game BGM. It includes\na curated list of the most accurate in-game song titles, so you know exactly what's playing,\nif you want to know later! Add favorite songs to separate them from the rest.\nNote: This plugin does not currently allow you to play actual orchestrion songs.",
  "ApplicableVersion": "any",
  "RepoUrl": "https://github.com/perchbirdd/OrchestrionPlugin",
  "Tags": [
    "bgm",
    "music"
  ],
  "DalamudApiLevel": 12,
  "LoadRequiredState": 0,
  "LoadSync": false,
  "CanUnloadAsync": false,
  "LoadPriority": 0,
  "Punchline": "Adds a simple front-end for browsing and changing the in-game BGM.",
  "Changelog": "Update for 6.2.",
  "AcceptsFeedback": true
}