{
  "Chat - Error Not In Eureka": {
    "message": "Du bist nicht in Eureka, dieser Befehl ist nicht verfügbar.",
    "description": "Plugin.OnBunnyCommand"
  },
  "Chat - New Chest Found": {
    "message": "Du hast eine neue Schatztruhe entdeckt",
    "description": "Plugin.BunnyCheck"
  },
  "Chat - New Chest Found Dev Note": {
    "message": "Bitte überlege dir die folgenden Informationen den Entwickler mitzuteilen:",
    "description": "Plugin.BunnyCheck"
  },
  "Chat - New Chest Found Feedback": {
    "message": "(Bitte nutze nicht die Feedback-Funktion um dies mitzuteilen)",
    "description": "Plugin.BunnyCheck"
  },
  "Chat - Dead Fairy Note": {
    "message": "Entferne inaktive Feen aus dem Tracking.",
    "description": "Plugin.FairyCheck"
  },
  "Chat - Error Map Markers": {
    "message": "Es konnten nicht alle Marker auf der Karte platziert werden",
    "description": "Plugin.AddChestsLocationsMap"
  },
  "Chat - Error Minimap Markers": {
    "message": "Es konnten nicht alle Marker auf der Minimap platziert werden",
    "description": "Plugin.AddChestsLocationsMap"
  },
  "Chat - Error Fairy Markers": {
    "message": "Die Liste der lebenden Feen muss aktualisiert werden, bitte gehe alle bekannten Standorte ab.",
    "description": "Plugin.AddFairyLocationsMap"
  },
  "Chat - Error Fairy Map Markers": {
    "message": "Es konnten nicht alle Feen Marker auf der Karte platziert werden",
    "description": "Plugin.AddFairyLocationsMap"
  },
  "Chat - Error Fairy Minimap Markers": {
    "message": "Es konnten nicht alle Feen Marker auf der Minimap platziert werden",
    "description": "Plugin.AddFairyLocationsMap"
  },
  "QuestLog - Aetheryte Text": {
    "message": "Freischaltung der Ätheryt:",
    "description": "QuestHelper.Quests"
  },
  "QuestLog - Anemos 1 Step 1": {
    "message": "Sprech mit Krile und Gerolt",
    "description": "QuestHelper.Anemos"
  },
  "QuestLog - Anemos 1 Tip 1": {
    "message": "Du musst einen 'Instabiler Kristall' von einem normalen Monster erhalten.",
    "description": "QuestHelper.Anemos"
  },
  "QuestLog - Anemos 1 Tip 2": {
    "message": "Du kannst Anemos-Kristalle nicht gegen 'Instabile Kristalle' tauschen, bis du diese Quest abgeschlossen hast.",
    "description": "QuestHelper.Anemos"
  },
  "QuestLog - TalkToKrile": {
    "message": "Sprech mit Krile",
    "description": "QuestHelper.Anemos"
  },
  "QuestLog - Anemos 3 Step 2": {
    "message": "Beweg dich ins Observatorium für Frühe Naturgeschichte und interagiere mit der Äetherstauung",
    "description": "QuestHelper.Anemos"
  },
  "QuestLog - ReturnToKrile": {
    "message": "Kehre zurück zu Krile",
    "description": "QuestHelper.Anemos"
  },
  "QuestLog - Anemos 3 Tip 1": {
    "message": "Monster erscheinen in der Nacht um und im Gebäudes, es wird daher empfohlen diese Quest tagsüber zu erledigen (6:00 bis 18:00 Uhr ET).",
    "description": "QuestHelper.Anemos"
  },
  "QuestLog - Anemos 5 Step 2": {
    "message": "Beweg dich zum Obstgarten und interagiere mit der Äetherstauung",
    "description": "QuestHelper.Anemos"
  },
  "QuestLog - Anemos 13 Step 2": {
    "message": "Beweg dich zum Val-Becken nahe dem Wasserfall und interagiere mit der Äetherstauung",
    "description": "QuestHelper.Anemos"
  },
  "QuestLog - Anemos 17 Step 2": {
    "message": "Beweg dich zum Schaudertal und interagiere mit der Äetherstauung",
    "description": "QuestHelper.Anemos"
  },
  "QuestLog - Anemos 17 Step 4": {
    "message": "Beweg dich in die Ätherytennetz-Kontrolle und interagiere mit dem Ätherytenrelais",
    "description": "QuestHelper.Anemos"
  },
  "QuestLog - Anemos 17 Step 5": {
    "message": "Interagiere erneut mit dem Ätherytenrelais und übergebe 99 Anemos-Kristalle",
    "description": "QuestHelper.Anemos"
  },
  "QuestLog - Pagos 21 Step 2": {
    "message": "Finde den versiegten Ätherstrom beim Kegel (Auf dem Grashügel)",
    "description": "QuestHelper.Pagos"
  },
  "QuestLog - Pagos 23 Step 2": {
    "message": "Finden den versiegten Ätherstrom beim gefrorenen See",
    "description": "QuestHelper.Pagos"
  },
  "QuestLog - Pagos 25 Step 2": {
    "message": "Finde den Magicite bei der Ostklippe",
    "description": "QuestHelper.Pagos"
  },
  "QuestLog - Pagos 25 Step 3": {
    "message": "Interagiere erneut ein kleines Stück südwestlich",
    "description": "QuestHelper.Pagos"
  },
  "QuestLog - Pagos 25 Tip 1": {
    "message": "Nach einem Gespräch mit Krile kannst du zu jederzeit mit Gerolt reden um die Relikt Quest für Pagos freizuschalten.",
    "description": "QuestHelper.Pagos"
  },
  "QuestLog - Pagos 29 Step 2": {
    "message": "Hier die Klippe herunterfallen",
    "description": "QuestHelper.Pagos"
  },
  "QuestLog - Pagos 29 Step 3": {
    "message": "Sprech mit Ejika Tsunjika",
    "description": "QuestHelper.Pagos"
  },
  "QuestLog - Pagos 35 Step 2": {
    "message": "Finde die Äther-Column bei Fumarole",
    "description": "QuestHelper.Pagos"
  },
  "QuestLog - Pyros 35 Step 2": {
    "message": "Beweg dich ins Magielabor und sprech mit Krile",
    "description": "QuestHelper.Pyros"
  },
  "QuestLog - ReturnToGerolt": {
    "message": "Kehre zurück zu Gerolt",
    "description": "QuestHelper.Pyros"
  },
  "QuestLog - TalkToDrake": {
    "message": "Sprech mit Drake",
    "description": "QuestHelper.Pyros"
  },
  "QuestLog - Pyros 35 Step 5": {
    "message": "Verwende den Logos-Manipulator, wähle ein Logos-Splitter der Paralyse aus und extrahiere diesen als Mneme",
    "description": "QuestHelper.Pyros"
  },
  "QuestLog - Pyros 35 Step 7": {
    "message": "Beweg dich zu den Nortöstlichen Eisnadeln und interagiere mit der Äetherstauung",
    "description": "QuestHelper.Pyros"
  },
  "QuestLog - Pyros 38 Step 2": {
    "message": "Beweg dich zum Surgate-Landhaus und interagiere mit der defekten Apparatur",
    "description": "QuestHelper.Pyros"
  },
  "QuestLog - ReturnToDrake": {
    "message": "Kehre zurück zu Drake",
    "description": "QuestHelper.Pyros"
  },
  "QuestLog - Pyros 38 Step 4": {
    "message": "Beweg dich zur Brennkammer und interagiere mit der Äetherstauung",
    "description": "QuestHelper.Pyros"
  },
  "QuestLog - Pyros 38 Tip 1": {
    "message": "Diese Quest schaltet zusätzliche Kapazität für deinen Logos-Manipulator frei.",
    "description": "QuestHelper.Pyros"
  },
  "QuestLog - Pyros 40 Step 2": {
    "message": "Beweg dich zum Westlichen Flammenfels und interagiere mit der Äetherstauung",
    "description": "QuestHelper.Pyros"
  },
  "QuestLog - Pyros 45 Step 1": {
    "message": "Sprech mit Krile (ein paar Zwischensequenzen folgen)",
    "description": "QuestHelper.Pyros"
  },
  "QuestLog - Pyros 45 Step 2": {
    "message": "Beweg dich ins Magielabor und sprech mit Krile",
    "description": "QuestHelper.Pyros"
  },
  "QuestLog - Pyros 50 Step 2": {
    "message": "Beweg dich zum Östlichen Flammenfels und interagiere mit der Äetherstauung",
    "description": "QuestHelper.Pyros"
  },
  "QuestLog - Pyros 50 Step 4": {
    "message": "Beweg dich zur Singenden Eisgrotte und interagiere mit der Äetherstauung",
    "description": "QuestHelper.Pyros"
  },
  "QuestLog - TalkToGerolt": {
    "message": "Sprech mit Gerolt",
    "description": "QuestHelper.Hydatos"
  },
  "QuestLog - Hydatos 51 Step 2": {
    "message": "Beweg dich zur Zentralplattform und sprech erneut mit Krile",
    "description": "QuestHelper.Hydatos"
  },
  "QuestLog - Hydatos 51 Step 3": {
    "message": "Beweg dich südlich in das Val-Delta und finde die Ätherstörung",
    "description": "QuestHelper.Hydatos"
  },
  "QuestLog - Hydatos 51 Step 4": {
    "message": "Kehre zur Zentralplattform zurück und sprech mit Krile",
    "description": "QuestHelper.Hydatos"
  },
  "QuestLog - Hydatos 54 Step 2": {
    "message": "Beweg dich zur Westplattform und sprech erneut mit Krile",
    "description": "QuestHelper.Hydatos"
  },
  "QuestLog - Hydatos 54 Step 3": {
    "message": "Beweg dich zum Westufer des Val",
    "description": "QuestHelper.Hydatos"
  },
  "QuestLog - Hydatos 54 Step 4": {
    "message": "Lauf den großen Felsen hoch um die Ätherstörung zu finden",
    "description": "QuestHelper.Hydatos"
  },
  "QuestLog - Hydatos 54 Step 5": {
    "message": "Kehre zur Westplattform zurück und sprech mit Krile",
    "description": "QuestHelper.Hydatos"
  },
  "QuestLog - Hydatos 57 Step 1": {
    "message": "Sprech mit Krile bei der Westplattform",
    "description": "QuestHelper.Hydatos"
  },
  "QuestLog - Hydatos 57 Step 2": {
    "message": "Beweg dich zur Ostplattform und sprech erneut mit Krile",
    "description": "QuestHelper.Hydatos"
  },
  "QuestLog - Hydatos 57 Step 3": {
    "message": "Beweg dich nördlich zum Ostufer des Val und finde die Ätherstörung",
    "description": "QuestHelper.Hydatos"
  },
  "QuestLog - Hydatos 57 Step 4": {
    "message": "Kehre zur Ostplattform zurück und sprech mit Krile",
    "description": "QuestHelper.Hydatos"
  },
  "QuestLog - Hydatos 60 Step 1": {
    "message": "Beweg dich zur Ostplattform und sprech mit Krile",
    "description": "QuestHelper.Hydatos"
  },
  "QuestLog - Hydatos 60 Step 2": {
    "message": "Beweg dich zur Transportplattform und sprech erneut mit Krile",
    "description": "QuestHelper.Hydatos"
  },
  "QuestLog - Hydatos 60 Step 3": {
    "message": "Betrete das Hauptquartier (Eingang ist neben dir)",
    "description": "QuestHelper.Hydatos"
  },
  "QuestLog - Hydatos 60 Step 4": {
    "message": "Sprech nochmal einmal mit Krile",
    "description": "QuestHelper.Hydatos"
  },
  "QuestLog - Hydatos 60 Step 5": {
    "message": "Beweg dich in das Arbeitszimmer Galufs und sprech erneut mit Krile",
    "description": "QuestHelper.Hydatos"
  },
  "QuestLog - Hydatos 60 Step 6": {
    "message": "Interagiere mit dem eingestürzten Bücherstapel",
    "description": "QuestHelper.Hydatos"
  },
  "QuestLog - Hydatos 60 Step 7": {
    "message": "Sprech noch einmal mit Krile (ein paar Zwischensequenzen folgen)",
    "description": "QuestHelper.Hydatos"
  },
  "QuestLog - Hydatos 60 Step 8": {
    "message": "Wähle zwischen Kriles (Versiegelung) oder Ejika Tsunjikas (Zerstörung) Pfad",
    "description": "QuestHelper.Hydatos"
  },
  "QuestLog - Hydatos 60 Step 9": {
    "message": "Kehre zum Zentralen Sammelpunkt zurück und spreche mit Krile oder Ejika Tsunjika (Gegenteil was du gewählt hattest)",
    "description": "QuestHelper.Hydatos"
  },
  "QuestLog - Hydatos 60 Tip 1": {
    "message": "Diese Quest schaltet Baldesions Arsenal frei.",
    "description": "QuestHelper.Hydatos"
  },
  "QuestLog - Hydatos 60 Tip 2": {
    "message": "Sprech mit der Inselforscherin, nachdem du die Quest abgeschlossen hast.",
    "description": "QuestHelper.Hydatos"
  },
  "Area Name - Anemos": {
    "message": "Anemos",
    "description": "QuestHelper.TerritoryToPlaceName"
  },
  "Area Name - Pagos": {
    "message": "Pagos",
    "description": "QuestHelper.TerritoryToPlaceName"
  },
  "Area Name - Pyros": {
    "message": "Pyros",
    "description": "QuestHelper.TerritoryToPlaceName"
  },
  "Area Name - Hydatos": {
    "message": "Hydatos",
    "description": "QuestHelper.TerritoryToPlaceName"
  },
  "Bunny Window - Status Alive": {
    "message": "Am Leben",
    "description": "BunnyWindow.Draw"
  },
  "Bunny Window - Respawning": {
    "message": "Erscheint in:",
    "description": "BunnyWindow.Draw"
  },
  "Bunny Window - Respawning soon": {
    "message": " bald ",
    "description": "BunnyWindow.Draw"
  },
  "Bunny Window - Status Unknown": {
    "message": "Unbekannt",
    "description": "BunnyWindow.Draw"
  },
  "Log - Wrong Tab Note": {
    "message": "Der Fortschritt konnte nicht festgestellt werden.",
    "description": "LogWindow.Draw"
  },
  "Log - Wrong Tab": {
    "message": "Bitte öffne dein Challenge-Log in der Kategorie 'Andere'.",
    "description": "LogWindow.Draw"
  },
  "Log - Error": {
    "message": "Log konnte nicht gelesen werden.",
    "description": "LogWindow.Draw"
  },
  "Table Label: Monster": {
    "message": "Monster",
    "description": "LogWindow.Draw"
  },
  "Table Label: Done": {
    "message": "Fertig",
    "description": "LogWindow.Draw"
  },
  "Table Label: Enemy Lvl": {
    "message": "Level des Gegners",
    "description": "LogWindow.Draw"
  },
  "Log - Category IL": {
    "message": "Eis und Donner",
    "description": "LogWindow.IndexToName"
  },
  "Log - Category FE": {
    "message": "Feuer und Erde",
    "description": "LogWindow.IndexToName"
  },
  "Log - Category WW": {
    "message": "Wasser und Wind",
    "description": "LogWindow.IndexToName"
  },
  "Log - Category Night": {
    "message": "Nacht",
    "description": "LogWindow.IndexToName"
  },
  "Log - Category Sprites": {
    "message": "Elemente",
    "description": "LogWindow.IndexToName"
  },
  "Tab Header - General": {
    "message": "Allgemein",
    "description": "MainWindow.TabGeneral"
  },
  "Config Header - Pop": {
    "message": "Pop",
    "description": "MainWindow.TabGeneral"
  },
  "Config Option - Echo NM": {
    "message": "Echo",
    "description": "MainWindow.TabGeneral"
  },
  "Config Option - Toast NM": {
    "message": "Toast-Benachrichtigungen anzeigen",
    "description": "MainWindow.TabGeneral"
  },
  "Config Option - Short Names": {
    "message": "Kurznamen verwenden",
    "description": "MainWindow.TabGeneral"
  },
  "Config Header - Tracker": {
    "message": "Tracker:",
    "description": "MainWindow.TabGeneral"
  },
  "Config Input - URL": {
    "message": "Instanz-URL",
    "description": "MainWindow.TabGeneral"
  },
  "Config Input - PW": {
    "message": "Passwort",
    "description": "MainWindow.TabGeneral"
  },
  "Config Button - Start New": {
    "message": "Neuen Tracker starten",
    "description": "MainWindow.TabGeneral"
  },
  "Config Tooltip - Open Tracker": {
    "message": "Tracker im Browser öffnen",
    "description": "MainWindow.TabGeneral"
  },
  "Tab Header - Chat": {
    "message": "Chat",
    "description": "MainWindow.TabChat"
  },
  "Config Option - Open Shout Window": {
    "message": "Schreien-Fenster anzeigen",
    "description": "MainWindow.TabChat"
  },
  "Config Option - Randomize Coords": {
    "message": "Zufällige Karten-Koordinaten",
    "description": "MainWindow.TabChat"
  },
  "Config Option - Show PT": {
    "message": "Zeige PT im Schreien-Fenster",
    "description": "MainWindow.TabChat"
  },
  "Config Tooltip - Show PT": {
    "message": "Durch die Deaktivierung dieser Option wird das zeitliche Element aus der Schreien-Nachricht entfernt.",
    "description": "MainWindow.TabChat"
  },
  "Config Option - Use ET": {
    "message": "Eorzea-Zeit verwenden",
    "description": "MainWindow.TabChat"
  },
  "Config Option - Use 12h": {
    "message": "12-Stunden-Zählung verwenden",
    "description": "MainWindow.TabChat"
  },
  "Config Header - Format": {
    "message": "Formatierung:",
    "description": "MainWindow.TabChat"
  },
  "Tab Header - Fairy": {
    "message": "Fee",
    "description": "MainWindow.TabFairy"
  },
  "Config Header - Fairy": {
    "message": "Fee / Elementar",
    "description": "MainWindow.TabFairy"
  },
  "Config Option - Echo Fairy": {
    "message": "Echo",
    "description": "MainWindow.TabFairy"
  },
  "Config Option - Toast Fairy": {
    "message": "Toast-Benachrichtigungen anzeigen",
    "description": "MainWindow.TabFairy"
  },
  "Config Header - Known Locations": {
    "message": "Bekannte Standorte",
    "description": "MainWindow.TabFairy"
  },
  "Config Button - Fairy All": {
    "message": "Echo Alle",
    "description": "MainWindow.TabFairy"
  },
  "Config Button - Add Map Markers": {
    "message": "Symbole einzeichnen",
    "description": "MainWindow.TabFairy"
  },
  "Config Button - Remove Map Markers": {
    "message": "Symbole entfernen",
    "description": "MainWindow.TabFairy"
  },
  "Tab Header - Bunny": {
    "message": "Hase",
    "description": "MainWindow.TabBunny"
  },
  "Config Header - Bunny": {
    "message": "Glückshase",
    "description": "MainWindow.TabBunny"
  },
  "Config Option - Bunny Window": {
    "message": "Zeig Fenster beim Betreten",
    "description": "MainWindow.TabBunny"
  },
  "Config Tooltip - Bunny Window": {
    "message": "Oder verwende den '/elbunny' Befehl.",
    "description": "MainWindow.TabBunny"
  },
  "Config Option - Coffer Icons": {
    "message": "Schatzkisten-Icons beim Eintreten hinzufügen",
    "description": "MainWindow.TabBunny"
  },
  "Config Tooltip - Coffer Icons": {
    "message": "Fügt die Schatzkisten Standorte beim Eintreten in Eureka hinzu.",
    "description": "MainWindow.TabBunny"
  },
  "Config Option - Bunny Low Level Fates": {
    "message": "Nur niedriges Level anzeigen",
    "description": "MainWindow.TabBunny"
  },
  "Config Tooltip - Bunny Low Level Fates": {
    "message": "Zeigt nur die niedrig stufigen Hasen-FATEs in Pagos und Pyros.",
    "description": "MainWindow.TabBunny"
  },
  "Config Option - Draw Circle": {
    "message": "Zeichne Kreis wenn Nahe",
    "description": "MainWindow.TabBunny"
  },
  "Config Tooltip - Draw Circle": {
    "message": "Zeichnet einen Kreis, wenn sich der Spieler in der Nähe einer Schatzkiste befindet.",
    "description": "MainWindow.TabBunny"
  },
  "Config Button - Circle Preview": {
    "message": "Vorschau",
    "description": "MainWindow.TabBunny"
  },
  "Tab Header - Stats": {
    "message": "Statistik",
    "description": "MainWindow.TabStats"
  },
  "Config Header - Total Stats": {
    "message": "Gesamt-Statistik:",
    "description": "MainWindow.TabStats"
  },
  "Stats Entry - Time": {
    "message": "Zeit in Eureka:",
    "description": "MainWindow.TabStats"
  },
  "Stats Entry - Killed": {
    "message": "Getötete Häschen:",
    "description": "MainWindow.TabStats"
  },
  "Stats Entry - Found": {
    "message": "Truhen gefunden:",
    "description": "MainWindow.TabStats"
  },
  "Stats Entry - Bronze": {
    "message": "Bronze:",
    "description": "MainWindow.TabStats"
  },
  "Stats Entry - Silver": {
    "message": "Silber:",
    "description": "MainWindow.TabStats"
  },
  "Stats Entry - Gold": {
    "message": "Gold:",
    "description": "MainWindow.TabStats"
  },
  "Config Header - Map Stats": {
    "message": "Karten Statistik:",
    "description": "MainWindow.TabStats"
  },
  "Tab Header - About": {
    "message": "Über uns",
    "description": "MainWindow.TabAbout"
  },
  "About Entry - Author": {
    "message": "Ersteller:",
    "description": "MainWindow.TabAbout"
  },
  "About Entry - Discord": {
    "message": "Discord:",
    "description": "MainWindow.TabAbout"
  },
  "About Entry - Version": {
    "message": "Version:",
    "description": "MainWindow.TabAbout"
  },
  "Config Button - Discord Forum Thread": {
    "message": "Discord-Thread",
    "description": "MainWindow.TabAbout"
  },
  "Config Button - Github Issues": {
    "message": "Probleme",
    "description": "MainWindow.TabAbout"
  },
  "Config Option - Sound NM": {
    "message": "Ton abspielen",
    "description": "MainWindow.AddSoundOption"
  },
  "QuestLog - Header": {
    "message": "Aktuelles Gebiet",
    "description": "QuestWindow.Draw"
  },
  "QuestLog - Outside": {
    "message": "Nicht in Eureka...",
    "description": "QuestWindow.Draw"
  },
  "QuestLog - Tab Item Quest Level": {
    "message": "Level",
    "description": "QuestWindow.TabItem"
  },
  "Shout Button - Post": {
    "message": "Senden",
    "description": "ShoutWindow.Draw"
  },
  "Shout Window - Limit": {
    "message": "Schreien wird 20s nachdem erscheinen verfügbar sein.",
    "description": "ShoutWindow.Draw"
  },
  "Shout Button - Close": {
    "message": "Schließen",
    "description": "ShoutWindow.Draw"
  }
}