{
  "HotbarN": {
    "message": "Menü {0}",
    "description": ""
  },
  "CrossHotbarMenuTerm": {
    "message": "Menü-Set {0}, {1}",
    "description": ""
  },
  "WXHB": {
    "message": "Doppeltes Kreuz-Kommandomenü",
    "description": ""
  },
  "Left": {
    "message": "links",
    "description": ""
  },
  "Right": {
    "message": "rechts",
    "description": ""
  },
  "DoubleTap": {
    "message": "{0} einblenden",
    "description": ""
  },
  "Set": {
    "message": "Set",
    "description": ""
  },
  "HudSlot": {
    "message": "Layout-Slot",
    "description": ""
  },
  "SetNumText": {
    "message": "Set # Text",
    "description": ""
  },
  "ChangeSetDisplay": {
    "message": "SETWECHSEL Display",
    "description": ""
  },
  "HudAllSame": {
    "message": "Apply the same settings to all Layout Slots",
    "description": ""
  },
  "HudUnique": {
    "message": "Apply different settings to each Layout Slot",
    "description": ""
  },
  "CurrentHudSlot": {
    "message": "Current Layout Slot:",
    "description": ""
  },
  "AllHudSlots": {
    "message": "All Layout Slots",
    "description": ""
  },
  "HudOptions": {
    "message": "Layout Options",
    "description": ""
  },
  "CenterNote": {
    "message": "This will override your Layout setting for the bar's horizontal position.",
    "description": ""
  },
  "HighlightMsg": {
    "message": "Settings that are|highlighted|will change with your Layout.",
    "description": ""
  }
}