{
  "Author": "rekyuu, gaypotatoemma",
  "Name": "Stanley Parable XIV",
  "InternalName": "StanleyParableXiv",
  "AssemblyVersion": "4.1.0.2",
  "Description": "Witty commentary to the brilliant things you do.",
  "ApplicableVersion": "any",
  "RepoUrl": "https://github.com/gaypotatoemma/StanleyParableXiv",
  "Tags": [
    "narrator",
    "sound",
    "plugin",
    "Stanley Parable",
    "narrator"
  ],
  "DalamudApiLevel": 14,
  "LoadRequiredState": 0,
  "LoadSync": false,
  "CanUnloadAsync": false,
  "LoadPriority": 0,
  "IconUrl": "https://raw.githubusercontent.com/rekyuu/StanleyParableXiv/main/images/icon.png",
  "Punchline": "Witty commentary to the brilliant things you do.",
  "AcceptsFeedback": true
}