{
  "Author": "K-Cli",
  "Name": "Bozja Buddy",
  "InternalName": "BozjaBuddy",
  "AssemblyVersion": "1.0.0.2",
  "Description": "Features:\n• Info about Lost Actions, Fragments, FATEs/CE, Field Notes e.g. location, drops, marketboard price, fate chains, mettle rewards, exp rewards, etc. Options to copy the info to clipboard, then paste it on chat.\n• Weather forecast.\n• Alarms based on time, weather, and FATE/CE.\n• Custom loadouts planning, saving, and sharing. Featuring recommended loadouts from many communities.\n• Overlay for Lost Find Cache. Filterable by name, role, fragment, weight, and Custom Loadout of choice.\n• View Bozja stats and Cache from anywhere. Customisable alert for actions that are running low.\n• Delubrum Reginae (Savage) resources and communities.",
  "ApplicableVersion": "any",
  "Tags": [
    "bozja",
    "buddy",
    "zadnor",
    "foray",
    "fate",
    "fragment",
    "relic",
    "alarm"
  ],
  "DalamudApiLevel": 8,
  "LoadRequiredState": 0,
  "LoadSync": false,
  "CanUnloadAsync": false,
  "LoadPriority": 0,
  "Punchline": "Improve your Bozja sufferring. Maybe.",
  "AcceptsFeedback": true
}