{
  "Author": "K-Cli",
  "Name": "Bozja Buddy",
  "InternalName": "BozjaBuddy",
  "AssemblyVersion": "1.1.6.8",
  "Description": "A plugin for Bozja content.",
  "ApplicableVersion": "any",
  "Tags": [
    "bozja",
    "buddy",
    "zadnor",
    "foray",
    "fate",
    "fragment",
    "relic",
    "alarm",
    "node",
    "graph"
  ],
  "DalamudApiLevel": 14,
  "LoadRequiredState": 0,
  "LoadSync": false,
  "CanUnloadAsync": false,
  "LoadPriority": 0,
  "Punchline": "Improve your Bozja sufferring. Maybe.",
  "AcceptsFeedback": true
}