{
  "Author": "Chivalrik",
  "Name": "GentleTouch",
  "InternalName": "GentleTouch",
  "AssemblyVersion": "1.6.3",
  "Description": "You need to configure patterns and triggers before it will work, \nopen the configuration window to do that. \nDS5 is currently unsupported. \nCurrently supported triggers are:\n- Cooldowns\n- Near Aether Current",
  "ApplicableVersion": "any",
  "RepoUrl": "https://github.com/fitzchivalrik/gentletouch",
  "DalamudApiLevel": 8,
  "LoadRequiredState": 0,
  "LoadSync": false,
  "LoadPriority": 0,
  "Punchline": "Create vibration patterns for the controller and specify triggers to make it vibrate.",
  "Changelog": "- fix: Do not vibrate on already attuned Aether Currents",
  "AcceptsFeedback": true
}