{
  "Author": "Meoiswa",
  "Name": "Clarity In Chaos",
  "InternalName": "ClarityInChaos",
  "AssemblyVersion": "2.1.1.0",
  "Description": "Automatically adjusts the Battle Effects settings according to Party size.",
  "ApplicableVersion": "any",
  "Tags": [
    "UI",
    "tweak",
    "battle effects",
    "party"
  ],
  "DalamudApiLevel": 12,
  "LoadRequiredState": 0,
  "LoadSync": false,
  "CanUnloadAsync": false,
  "LoadPriority": 0,
  "Punchline": "Seek visual serenity in the midst of Chaos",
  "AcceptsFeedback": true
}