{
  "Author": "Megurt",
  "Name": "Which Mount",
  "InternalName": "WhichMount",
  "AssemblyVersion": "1.4.0.0",
  "Description": "Searching for other player's mount",
  "ApplicableVersion": "any",
  "RepoUrl": "https://github.com/megurte/WhichMount",
  "Tags": [
    "Character",
    "Mount",
    "Search",
    "Information",
    "GameData"
  ],
  "DalamudApiLevel": 14,
  "LoadRequiredState": 0,
  "LoadSync": false,
  "CanUnloadAsync": false,
  "LoadPriority": 0,
  "ImageUrls": [
    "https://raw.githubusercontent.com/megurte/WhichMount/master/Icon/example1.png",
    "https://raw.githubusercontent.com/megurte/WhichMount/master/Icon/example2.png",
    "https://raw.githubusercontent.com/megurte/WhichMount/master/Icon/example3.png"
  ],
  "Punchline": "Check what mount someone is using and browse the full mount collection.",
  "AcceptsFeedback": true
}