{
  "Author": "spide-r",
  "Name": "Who Did That?",
  "InternalName": "WhoDidThat",
  "AssemblyVersion": "1.9.3.0",
  "Description": "Who Did That?",
  "ApplicableVersion": "any",
  "Tags": [
    "mit",
    "rescue",
    "whodidthat",
    "combat",
    "log",
    "shirk"
  ],
  "CategoryTags": [
    "utility",
    "other"
  ],
  "DalamudApiLevel": 14,
  "LoadRequiredState": 0,
  "LoadSync": false,
  "CanUnloadAsync": false,
  "LoadPriority": 0,
  "IconUrl": "https://github.com/spide-r/WhoDidThat/blob/main/images/icon.png",
  "Punchline": "Actively logs healing, cleanses, buffs, and more. Finally figure out who rescued you.",
  "AcceptsFeedback": false
}