{
  "Author": "spide-r",
  "Name": "Who Did That?",
  "InternalName": "WhoDidThat",
  "AssemblyVersion": "1.7.1.0",
  "Description": "This plugin can track the following actions:\n- Rescues\n- Healing actions\n- Status/Buff Application\n- Cleanses \n- Heals\n- Mitigation\n- Provoke\n- Shirk\n\nThese will be logged in your chat when they are used on your character.",
  "ApplicableVersion": "any",
  "RepoUrl": "https://github.com/spide-r/WhoDidThat",
  "Tags": [
    "mit",
    "rescue",
    "whodidthat",
    "combat",
    "log",
    "shirk"
  ],
  "CategoryTags": [
    "utility",
    "other"
  ],
  "DalamudApiLevel": 11,
  "LoadRequiredState": 0,
  "LoadSync": false,
  "CanUnloadAsync": false,
  "LoadPriority": 0,
  "Punchline": "Actively logs healing, cleanses, buffs, and more. Finally figure out who rescued you.",
  "AcceptsFeedback": true
}