{
  "Author": "pyrite_radio",
  "Name": "Party List Extras",
  "InternalName": "PartyListExtras",
  "AssemblyVersion": "0.1.1.0",
  "Description": "Adds Text and Icons next to the party list describing active buffs. Still missing some jobs - See github for progress. Please note the overlay goes to the left of your party list.",
  "ApplicableVersion": "any",
  "RepoUrl": "https://github.com/PYRiTEmonark/PartyListExtras",
  "Tags": [],
  "DalamudApiLevel": 9,
  "LoadRequiredState": 0,
  "LoadSync": false,
  "CanUnloadAsync": false,
  "LoadPriority": 0,
  "Punchline": "Parses Buffs to help understand what your party is doing.",
  "AcceptsFeedback": true
}