{
    "PLD": {
        "Standard (The Balance)": [
            7384,
            9,
            15,
            3539,
            20,
            36921,
            16459,
            23,
            25747,
            25748,
            16461,
            25749,
            16461,
            25750,
            36922,
            3538,
            16460,
            36918,
            36919,
            7384
        ]
    },
    "WAR": {
        "Standard (The Balance)": [
            46,
            52,
            31,
            37,
            45,
            7389,
            16465,
            7387,
            7386,
            25753,
            7386,
            36925,
            7386,
            3549,
            3549,
            3549,
            36924,
            52,
            16465,
            31,
            37,
            42,
            3549,
            52,
            16465
        ],
        "Early IR (The Balance)": [
            31,
            7389,
            52,
            37,
            45,
            16465,
            7387,
            7386,
            3549,
            7386,
            3549,
            7386,
            3549,
            36924,
            25753,
            36925,
            52,
            16465,
            31,
            37,
            42,
            3549,
            52,
            16465
        ]
    },
    "DRK": {
        "Standard (The Balance)": [
            3624,
            16470,
            3617,
            16472,
            3623,
            3632,
            7390,
            36932,
            3639,
            16470,
            36928,
            25757,
            16470,
            36929,
            3643,
            16470,
            36930,
            25757,
            16470,
            7392,
            25755
        ]
    },
    "GNB": {
        "GNB (The Balance)": [
          16143,
          16164,
          16137,
          16139,
          16138,
          16146,
          16156,
          16159,
          25760,
          16165,
          16153,
          16147,
          16157,
          16150,
          16158,
          36937,
          36938,
          36939,
          16145,
          16146,
          16156
        ]
    },
    "WHM": {
        "Standard (The Balance)": [
            25859,
            16532,
            25859,
            25859,
            136,
            37009,
            3571,
            37009,
            25859,
            25859,
            25859,
            25859,
            25859,
            25859,
            37009,
            16532
        ]
    },
    "SCH": {
        "Standard (The Balance)": [
            25865,
            16540,
            166,
            25865,
            25865,
            7436,
            25865,
            167,
            25865,
            167,
            25865,
            167,
            25865,
            3587,
            25865,
            37012,
            25865,
            167,
            25865,
            167,
            25865,
            167,
            16540
        ],
        "Standard Diss (The Balance)": [
            25865,
            16540,
            3587,
            25865,
            25865,
            7436,
            25865,
            167,
            25865,
            167,
            25865,
            167,
            25865,
            166,
            25865,
            37012,
            25865,
            167,
            25865,
            167,
            25865,
            167,
            16540
        ]
    },
    "AST": {
        "Lightspeed (The Balance)": [
            25871,
            16554,
            25871,
            3606,
            25871,
            16552,
            37023,
            25871,
            7444,
            37017,
            25871,
            37026,
            37029,
            25871,
            25871,
            25871,
            25871,
            25871,
            16554
        ]
    },
    "SGE": {
        "Standard Toxikon (The Balance)": [
            24290,
            24316,
            24314,
            24312,
            24312,
            24312,
            24313,
            37033,
            24313,
            24312,
            24312,
            24312,
            24312,
            24290,
            24314,
            24312,
            24312,
            24312
        ],
        "Pneuma (The Balance)": [
            24290,
            24318,
            24314,
            24312,
            24312,
            24312,
            24313,
            37033,
            24313,
            24312,
            24312,
            24312,
            24312,
            24290,
            24314,
            24312,
            24312,
            24312
        ]
    },
    "DRG": {
        "Standard (The Balance)": [
            75,
            36955,
            85,
            25772,
            3557,
            3555,
            3556,
            16478,
            83,
            36952,
            96,
            7400,
            16479,
            16480,
            36954,
            36956,
            83,
            25771,
            7400,
            36953,
            3554,
            7400,
            7399,
            36952,
            16479,
            25773,
            36955
        ],
        "4th GCD Geirskogul (The Balance)": [
            75,
            36955,
            25772,
            3557,
            85,
            3556,
            3555,
            83,
            36952,
            16478,
            7400,
            16479,
            96,
            7400,
            36954,
            36953,
            83,
            25771,
            16480,
            3554,
            36956,
            7400,
            36952,
            7399,
            16479,
            25773,
            36955
        ],
        "2nd GCD Battle Litany (The Balance)": [
            75,
            36955,
            85,
            3557,
            25772,
            3555,
            3556,
            16478,
            83,
            36952,
            96,
            7400,
            16479,
            16480,
            36954,
            36956,
            83,
            25771,
            7400,
            36953,
            3554,
            7400,
            7399,
            36952,
            16479,
            25773,
            36955
        ],
        "2nd GCD Geirskogul (The Balance)": [
            75,
            36955,
            85,
            3555,
            25772,
            3557,
            3556,
            16478,
            83,
            36952,
            96,
            7400,
            16479,
            16480,
            36954,
            36956,
            83,
            25771,
            7400,
            36953,
            3554,
            7400,
            7399,
            36952,
            16479,
            25773,
            36955
        ]
    },
    "NIN": {
        "Standard 4th GCD Kunai (The Balance)": [
            2259,
            2261,
            2263,
            2271,
            2264,
            2240,
            2242,
            36957,
            16493,
            25774,
            3563,
            36958,
            -2,
            -2,
            16492,
            3566,
            -2,
            -2,
            2267,
            7403,
            2265,
            2267,
            2271,
            16489,
            25778,
            36960,
            36961,
            25778,
            7402,
            -2,
            -2,
            2267,
            25778
        ],
        "Standard 3rd GCD Dokumori (The Balance)": [
            2259,
            2261,
            2263,
            2271,
            2264,
            2240,
            2242,
            36957,
            16493,
            25774,
            36958,
            -2,
            -2,
            16492,
            3566,
            -2,
            -2,
            2267,
            7403,
            2265,
            2267,
            2271,
            16489,
            25778,
            36960,
            36961,
            25778,
            3563,
            7402,
            -2,
            -2,
            2267,
            25778
        ]
    },
    "SAM": {
        "Standard": [
            7499,
            7546,
            7481,
            7482,
            16482,
            7480,
            36966,
            16481,
            36968,
            7499,
            7481,
            36964,
            7489,
            25781,
            16487,
            25782,
            7482,
            7490,
            7481,
            7492,
            36963,
            7480,
            7490,
            36966,
            36968
        ]
    },
    "RPR": {
        "Standard 2nd GCD AC (The Balance)": [
            24386,
            24378,
            24380,
            24405,
            24393,
            36970,
            36971,
            24385,
            24394,
            24395,
            36969,
            24396,
            24399,
            24395,
            24396,
            24399,
            24398,
            36973,
            24380,
            24390,
            24382,
            24378,
            24373
        ]
    },
    "VPR": {
        "Standard (The Balance)": [
            34607,
            34647,
            34609,
            34620,
            34621,
            34636,
            34637,
            34622,
            34637,
            34636,
            34626,
            34627,
            34640,
            34628,
            34641,
            34629,
            34642,
            34630,
            34643,
            34631,
            34612,
            34634,
            34633,
            34644,
            34645,
            34633,
            34644,
            34645,
            34620,
            34633,
            34644,
            34645,
            34621,
            34636,
            34637,
            34622,
            34637,
            34636
        ]
    },
    "BRD": {
        "Standard (The Balance)": [
            7407,
            3559,
            3558,
            7406,
            118,
            -3,
            25785,
            101,
            -3,
            36975,
            36977,
            107,
            7409,
            3562,
            36976,
            3558,
            7409,
            -3,
            3560,
            36975,
            -3,
            7404
        ],
        "Adjusted Standard 2.47/2.48 (The Balance)": [
            36975,
            7407,
            3559,
            3558,
            7406,
            118,
            -3,
            25785,
            101,
            -3,
            107,
            7409,
            3562,
            36977,
            36976,
            3558,
            7409,
            -3,
            3560,
            -3,
            7404
        ],
        "3-6-9 2.49/2.50 (The Balance)": [
            7407,
            36975,
            3559,
            7406,
            25785,
            -3,
            118,
            101,
            -3,
            3558,
            36977,
            107,
            7409,
            3562,
            36976,
            7409,
            -3,
            3560,
            3558,
            -3,
            7404
        ],
        "Standard 2.49 (The Balance)": [
            7407,
            36975,
            3559,
            7406,
            3558,
            25785,
            -3,
            118,
            101,
            -3,
            107,
            7409,
            3562,
            36977,
            36976,
            3558,
            7409,
            -3,
            3560,
            -3,
            7404
        ]
    },
    "MCH": {
        "Standard (The Balance)": [
            2876,
            16500,
            36980,
            36979,
            16498,
            7414,
            25788,
            36981,
            16501,
            2876,
            16498,
            36980,
            2878,
            36982,
            36979,
            17209,
            36978,
            36980,
            36978,
            36979,
            36978,
            36980,
            36978,
            36979,
            36978,
            36980,
            16498,
            36979,
            36980,
            7411,
            36979,
            7412,
            7413
        ],
        "Standard Drill (The Balance)": [
            2876,
            16498,
            36980,
            36979,
            16500,
            7414,
            25788,
            36981,
            16501,
            2876,
            16498,
            36980,
            2878,
            36982,
            36979,
            17209,
            36978,
            36980,
            36978,
            36979,
            36978,
            36980,
            36978,
            36979,
            36978,
            36980,
            16498,
            36979,
            36980,
            7411,
            36979,
            7412,
            7413
        ]
    },
    "DNC": {
        "Standard (The Balance)": [
            15997,
            -1,
            -1,
            16192,
            15998,
            -1,
            -1,
            -1,
            -1,
            16196,
            16011,
            25790,
            16013,
            36985,
            25791,
            36983,
            16009,
            36984,
            -5,
            -6,
            -6,
            -6,
            -6
        ]
    },
    "BLM": {
        "Standard (The Balance)": [
            152,
            36986,
            7561,
            25796,
            3577,
            3577,
            16507,
            7421,
            3573,
            3577,
            3577,
            16505,
            158,
            7421,
            3577,
            3577,
            36989,
            3577,
            36986,
            25797,
            3577,
            3577,
            3577,
            16505
        ]
    },
    "SMN": {
        "Standard (The Balance)": [
            3579,
            36992,
            36994,
            25801,
            36994,
            36994,
            16508,
            36994,
            36998,
            36990,
            36994,
            36996,
            36990,
            36994,
            36991,
            25839,
            25824,
            25836,
            25824,
            25836,
            25824,
            25836,
            25824,
            25836,
            25840
        ]
    },
    "RDM": {
        "Standard (The Balance)": [
            25856,
            25855,
            7561,
            25855,
            7517,
            7518,
            25855,
            7520,
            7521,
            7527,
            7519,
            7528,
            16527,
            7529,
            7506,
            7526,
            37005,
            16530,
            7506,
            16527,
            25858,
            37007,
            37006,
            7518,
            7510,
            37006,
            25855,
            7517,
            25856,
            7510,
            25855,
            7511,
            25856,
            7561,
            25856,
            7519
        ],
        "Ealy C6 (The Balance)": [
            25856,
            25855,
            7518,
            25855,
            7517,
            7519,
            37006,
            7520,
            7521,
            7527,
            16527,
            7528,
            7506,
            7529,
            37005,
            7526,
            7506,
            16527,
            16530,
            25858,
            7518,
            37007,
            37006,
            7510,
            25855,
            25856,
            7517,
            7511,
            25856,
            7510,
            25856,
            7561,
            7519,
            25855
        ],
        "Single Weave Potion (The Balance)": [
            25856,
            25855,
            7517,
            7518,
            25855,
            37006,
            7520,
            7521,
            7527,
            7519,
            7528,
            16527,
            7529,
            7506,
            7526,
            37005,
            7506,
            16530,
            7561,
            25858,
            7518,
            37007,
            37006,
            25856,
            25855,
            7517,
            7511,
            25856,
            7510,
            25855,
            37004,
            25856,
            37004,
            25855,
            7519
        ]
    },
    "PCT": {
        "9 Spell Single Muse (The Balance)": [
            34688,
            34674,
            34662,
            34670,
            34665,
            34675,
            34678,
            34671,
            34679,
            34676,
            34680,
            34683,
            34653,
            34654,
            34655,
            34663,
            34681,
            34688
        ]
    }
}
