{
  "Author": "electr0sheep",
  "Name": "Item Vendor Location",
  "InternalName": "ItemVendorLocation",
  "AssemblyVersion": "1.1.0.2",
  "Description": "Adds a context menu option for items that will show you where to find items you can buy off a vendor",
  "ApplicableVersion": "any",
  "RepoUrl": "https://github.com/electr0sheep/ItemVendorLocation",
  "Tags": [
    "vendor",
    "plugin",
    "item"
  ],
  "DalamudApiLevel": 8,
  "LoadRequiredState": 0,
  "LoadSync": false,
  "LoadPriority": 0,
  "Punchline": "Shows you where to buy vendor items",
  "AcceptsFeedback": true
}