{
  "Author": "Anna, maintained by Khayle",
  "Name": "Namingway",
  "InternalName": "Namingway",
  "AssemblyVersion": "1.1.17.1",
  "Description": "Rename abilities and status effects.",
  "ApplicableVersion": "any",
  "RepoUrl": "https://github.com/reiichi001/NamingWay/",
  "Tags": [
    "names",
    "actions",
    "abilities",
    "rename",
    "namingway"
  ],
  "DalamudApiLevel": 12,
  "LoadRequiredState": 0,
  "LoadSync": false,
  "CanUnloadAsync": false,
  "LoadPriority": 0,
  "Punchline": "Rename abilities and status effects.",
  "Changelog": "API 12 update. Credits to Franz for the API11 update.",
  "AcceptsFeedback": true
}