{
  "Author": "Anna, maintained by Khayle",
  "Name": "Namingway",
  "InternalName": "Namingway",
  "AssemblyVersion": "1.1.19.0",
  "Description": "Rename abilities and status effects.",
  "ApplicableVersion": "any",
  "RepoUrl": "https://github.com/MKhayle/NamingWay/",
  "Tags": [
    "names",
    "actions",
    "abilities",
    "rename",
    "namingway"
  ],
  "DalamudApiLevel": 13,
  "LoadRequiredState": 0,
  "LoadSync": false,
  "CanUnloadAsync": false,
  "LoadPriority": 0,
  "Punchline": "Rename abilities and status effects.",
  "Changelog": "- Added Occult Crescent actions to the Player Actions filter - Added commands (/namingway <enable|disable|toggle> <GUID>) - Added a GUID field to copy/paste them for macros use - Added the ID of actions in the edit window to differentiate actions with the same name - Fixed an issue with names not being updated at some times",
  "AcceptsFeedback": true
}