{
  "Author": "Anna, maintained by Khayle",
  "Name": "Namingway",
  "InternalName": "Namingway",
  "AssemblyVersion": "1.1.21.0",
  "Description": "Rename abilities and status effects.",
  "ApplicableVersion": "any",
  "RepoUrl": "https://github.com/MKhayle/NamingWay/",
  "Tags": [
    "names",
    "actions",
    "abilities",
    "rename",
    "namingway"
  ],
  "DalamudApiLevel": 14,
  "LoadRequiredState": 0,
  "LoadSync": false,
  "CanUnloadAsync": false,
  "LoadPriority": 0,
  "Punchline": "Rename abilities and status effects.",
  "Changelog": "-# API 14 update",
  "AcceptsFeedback": true
}