{
  "Author": "Det",
  "Name": "Target Furniture",
  "InternalName": "TargetFurniture",
  "AssemblyVersion": "1.0.2.0",
  "Description": "Currently, the only possible way to select a housing item is to click the furniture itself, and this can be a problem if you have multiple items close to each other.\n\nThis plugin adds a new option in the Housing Menu that targets the furniture for you",
  "ApplicableVersion": "any",
  "RepoUrl": "https://github.com/InitialDet/TargetFurniture",
  "Tags": [
    "Casual",
    "Housing"
  ],
  "CategoryTags": [
    "utility"
  ],
  "DalamudApiLevel": 10,
  "LoadRequiredState": 0,
  "LoadSync": false,
  "CanUnloadAsync": false,
  "LoadPriority": 0,
  "ImageUrls": [
    "https://raw.githubusercontent.com/InitialDet/TargetFurniture/main/TargetFurniture/images/image1.png"
  ],
  "IconUrl": "https://raw.githubusercontent.com/InitialDet/TargetFurniture/main/TargetFurniture/images/icon.png",
  "Punchline": "You can now select furnitures from the Housing Menu",
  "Changelog": "6.5 update",
  "AcceptsFeedback": true
}