{
  "Author": "Det",
  "Name": "Target Furniture",
  "InternalName": "TargetFurniture",
  "AssemblyVersion": "1.0.2.4",
  "Description": "You can now select furnitures from the Housing Menu",
  "ApplicableVersion": "any",
  "RepoUrl": "https://github.com/InitialDet/TargetFurniture",
  "Tags": [
    "Casual",
    "Housing"
  ],
  "CategoryTags": [
    "utility"
  ],
  "DalamudApiLevel": 14,
  "LoadRequiredState": 0,
  "LoadSync": false,
  "CanUnloadAsync": false,
  "LoadPriority": 0,
  "ImageUrls": [
    "https://raw.githubusercontent.com/InitialDet/TargetFurniture/main/TargetFurniture/images/image1.png"
  ],
  "IconUrl": "https://raw.githubusercontent.com/InitialDet/TargetFurniture/main/TargetFurniture/images/icon.png",
  "Punchline": "You can now select furnitures from the Housing Menu",
  "Changelog": "6.5 update",
  "AcceptsFeedback": true
}