{
  "Author": "Anna, Caitlyn",
  "Name": "Glamaholic",
  "InternalName": "Glamaholic",
  "AssemblyVersion": "1.10.13.0",
  "Description": "Create and save as many glamour plates as you want. Activate up to 15 of them\nat once at the Glamour Dresser. Supports exporting and importing plates for\neasy sharing.\n",
  "ApplicableVersion": "any",
  "RepoUrl": "https://github.com/caitlyn-gg/Glamaholic",
  "DalamudApiLevel": 11,
  "LoadRequiredState": 0,
  "LoadSync": false,
  "CanUnloadAsync": false,
  "LoadPriority": 0,
  "Punchline": "Save and swap your glamour plates.",
  "AcceptsFeedback": true
}