{
  "Author": "Gotest",
  "Name": "Kingdom Hearts UI Bars",
  "InternalName": "KingdomHeartsPlugin",
  "AssemblyVersion": "1.0.6.2",
  "Description": "A plugin that makes Kingdom Hearts UI stuff, such as a health bar for the player.\nIf you have any questions, issues or suggestions, please post an issue in the github or ping me in the Discord!",
  "ApplicableVersion": "any",
  "RepoUrl": "https://github.com/Arrenton/KingdomHeartsPlugin",
  "DalamudApiLevel": 8,
  "LoadRequiredState": 0,
  "LoadSync": false,
  "LoadPriority": 0,
  "Punchline": "HP bar, MP bar, EXP bar, oh my!",
  "Changelog": "Updated for API 8",
  "AcceptsFeedback": true
}