{
  "Author": "Nightshade System",
  "Name": "PushyFinder",
  "InternalName": "PushyFinder",
  "AssemblyVersion": "1.3.2.0",
  "Description": "Check on your party while away from the computer.",
  "ApplicableVersion": "any",
  "Tags": [
    "party-finder",
    "afk",
    "notifications"
  ],
  "DalamudApiLevel": 14,
  "LoadRequiredState": 0,
  "LoadSync": false,
  "CanUnloadAsync": false,
  "LoadPriority": 0,
  "Punchline": "Mobile push notifications for the Party Finder.",
  "AcceptsFeedback": true
}