{
  "Author": "ocealot",
  "Name": "VFXEditor",
  "InternalName": "VFXEditor",
  "AssemblyVersion": "1.8.0.4",
  "Description": "VFX, animation, and sound editing plugin. Icon by PAPACHIN",
  "ApplicableVersion": "any",
  "RepoUrl": "https://github.com/0ceal0t/Dalamud-VFXEditor",
  "Tags": [
    "VFX",
    "AVFX"
  ],
  "DalamudApiLevel": 9,
  "LoadRequiredState": 0,
  "LoadSync": false,
  "CanUnloadAsync": false,
  "LoadPriority": 69,
  "Punchline": "VFX editor and viewer",
  "AcceptsFeedback": true
}