{
  "Author": "QuackieMackie",
  "Name": "QuestJournal",
  "InternalName": "QuestJournal",
  "AssemblyVersion": "1.4.0.0",
  "Description": "Quest Journal is a detailed quest tracker / viewer. Letting you see information about quest chains without using a wiki.",
  "ApplicableVersion": "any",
  "RepoUrl": "https://github.com/quackiemackie/QuestJournal",
  "Tags": [
    "quest",
    "journal",
    "questjournal"
  ],
  "DalamudApiLevel": 14,
  "LoadRequiredState": 0,
  "LoadSync": false,
  "CanUnloadAsync": false,
  "LoadPriority": 0,
  "Punchline": "See details about quests that the FFXIV doesn't tell you.",
  "AcceptsFeedback": true
}