{
  "Author": "NightmareXIV",
  "Name": "EnemyListHP (former EnmityHp)",
  "InternalName": "EnmityHp",
  "AssemblyVersion": "2.0.1.4",
  "Description": "Displays enemies hp in enemy list. Just does that, nothing else. ",
  "ApplicableVersion": "any",
  "RepoUrl": "https://github.com/NightmareXIV/EnmityHp",
  "DalamudApiLevel": 10,
  "LoadRequiredState": 0,
  "LoadSync": false,
  "CanUnloadAsync": false,
  "LoadPriority": 0,
  "Punchline": "Displays enemies hp in enemy list.",
  "AcceptsFeedback": false
}