{
  "Author": "Eidolon",
  "Name": "Dynamic UI Scaling",
  "InternalName": "DynamicUIScaling",
  "AssemblyVersion": "1.14.1.0",
  "Description": "Dynamic UI Scaling for FFXIV",
  "ApplicableVersion": "any",
  "Tags": [
    "plugin",
    "ui"
  ],
  "DalamudApiLevel": 14,
  "LoadRequiredState": 0,
  "LoadSync": false,
  "CanUnloadAsync": false,
  "LoadPriority": 0,
  "IconUrl": "https://raw.githubusercontent.com/HybridEidolon/eid-ffxiv-plugins/main/DynamicUIScaling/images/DynamicUIScaling.png",
  "Punchline": "Automatically finely scales the game UI by resolution.",
  "AcceptsFeedback": true
}