{
  "Author": "Infi, electr0sheep",
  "Name": "Eureka Linker",
  "InternalName": "EurekaTrackerAutoPopper",
  "AssemblyVersion": "1.0.0.2",
  "Description": "Automatically notifies you about NMs in Eureka, with the ability to pop them on a tracker.\n- Fairy Finder\n- Bunny Timer Window\n- Bunny Chest Helper\n- Quest Guide (clickable coords)",
  "ApplicableVersion": "any",
  "RepoUrl": "https://github.com/Infiziert90/EurekaTrackerAutoPopper",
  "Tags": [
    "plugin",
    "eureka",
    "tracker"
  ],
  "DalamudApiLevel": 8,
  "LoadRequiredState": 0,
  "LoadSync": false,
  "LoadPriority": 0,
  "Punchline": "Notify and Pop",
  "AcceptsFeedback": true
}