{
  "Author": "Infi, electr0sheep",
  "Name": "Eureka Linker",
  "InternalName": "EurekaTrackerAutoPopper",
  "AssemblyVersion": "1.5.4.10",
  "Description": "Automatically notifies you about NMs in Eureka, with the ability to pop them on a tracker.\nOther Features:\n- Fairy Finder\n- Bunny Timer Window\n- Bunny Coffer Helper\n- Stats\n- Quest Guide (clickable coords)\n- Localized (DE, FR, JA)\n\nOccult:\n- Random Treasure Proximity Notification\n- Bunny Carrot Proximity Notification\n- Pot Coffer Helper\n- Pot Timer Window\n- Map Markers For Treasure, Bunny, Pot",
  "ApplicableVersion": "any",
  "RepoUrl": "https://github.com/Infiziert90/EurekaTrackerAutoPopper",
  "Tags": [
    "Plugin",
    "Eureka",
    "Tracker",
    "Quest",
    "Elemental",
    "Fairy",
    "Bunny",
    "Occult",
    "Treasure",
    "Pots",
    "Carrot"
  ],
  "DalamudApiLevel": 12,
  "LoadRequiredState": 0,
  "LoadSync": false,
  "CanUnloadAsync": false,
  "LoadPriority": 0,
  "Punchline": "We All Love Eureka And Occult",
  "AcceptsFeedback": true
}