{
  "Author": "electr0sheep",
  "Name": "Eureka Tracker Auto Popper",
  "InternalName": "EurekaTrackerAutoPopper",
  "AssemblyVersion": "0.0.0.4",
  "Description": "Automatically pops NMs in the Eureka Tracker",
  "ApplicableVersion": "any",
  "RepoUrl": "https://github.com/electr0sheep/EurekaTrackerAutoPopper",
  "Tags": [
    "plugin",
    "eureka",
    "tracker"
  ],
  "DalamudApiLevel": 8,
  "LoadRequiredState": 0,
  "LoadSync": false,
  "LoadPriority": 0,
  "Punchline": "",
  "AcceptsFeedback": true
}