{
  "Author": "Infi, electr0sheep",
  "Name": "Eureka Linker",
  "InternalName": "EurekaTrackerAutoPopper",
  "AssemblyVersion": "1.5.0.2",
  "Description": "Automatically notifies you about NMs in Eureka, with the ability to pop them on a tracker.\nOther Features:\n- Fairy Finder\n- Bunny Timer Window\n- Bunny Coffer Helper\n- Stats\n- Quest Guide (clickable coords)\n- Localized (DE, FR, JA)",
  "ApplicableVersion": "any",
  "RepoUrl": "https://github.com/Infiziert90/EurekaTrackerAutoPopper",
  "Tags": [
    "Plugin",
    "Eureka",
    "Tracker",
    "Quest",
    "Elemental",
    "Fairy",
    "Bunny"
  ],
  "DalamudApiLevel": 9,
  "LoadRequiredState": 0,
  "LoadSync": false,
  "CanUnloadAsync": false,
  "LoadPriority": 0,
  "Punchline": "Help, Link and Pop",
  "AcceptsFeedback": true
}