{
  "Author": "Infi, electr0sheep",
  "Name": "Eureka Linker",
  "InternalName": "EurekaTrackerAutoPopper",
  "AssemblyVersion": "1.6.1.0",
  "Description": "Easy helper for Eureka and Occult",
  "ApplicableVersion": "any",
  "RepoUrl": "https://github.com/Infiziert90/EurekaTrackerAutoPopper",
  "Tags": [
    "Plugin",
    "Eureka",
    "Tracker",
    "Quest",
    "Elemental",
    "Fairy",
    "Bunny",
    "Occult",
    "Treasure",
    "Pots",
    "Carrot",
    "Forked Tower",
    "Fates",
    "CEs"
  ],
  "DalamudApiLevel": 14,
  "LoadRequiredState": 0,
  "LoadSync": false,
  "CanUnloadAsync": false,
  "LoadPriority": 0,
  "Punchline": "We All Love Eureka And Occult",
  "AcceptsFeedback": true
}