{
  "Author": "Lunalicious",
  "Name": "Simple Todo",
  "InternalName": "SimpleTodo",
  "AssemblyVersion": "0.0.5.0",
  "Description": "Todo List Plugin",
  "ApplicableVersion": "any",
  "RepoUrl": "https://gitlab.com/moonfox-projects/simpletodo",
  "Tags": [
    "list",
    "order",
    "todo"
  ],
  "CategoryTags": [
    "utility"
  ],
  "DalamudApiLevel": 14,
  "LoadRequiredState": 0,
  "LoadSync": false,
  "CanUnloadAsync": false,
  "LoadPriority": 0,
  "ImageUrls": [
    ""
  ],
  "Punchline": "A simple Todo List",
  "AcceptsFeedback": true
}