{
  "Author": "Marconsou",
  "Name": "Deep Dungeon Tracker",
  "InternalName": "DeepDungeonTracker",
  "AssemblyVersion": "1.0.0.8",
  "Description": "-Keep track of the number of kills, coffers opened, regeneration potions consumed, potsherds obtained, total time and more.\n-Examine the collected data.\n-Scoring.",
  "ApplicableVersion": "any",
  "RepoUrl": "https://github.com/marconsou/deep-dungeon-tracker",
  "Tags": [
    "deep",
    "dungeon",
    "tracker",
    "dd",
    "potd",
    "hoh",
    "eo"
  ],
  "DalamudApiLevel": 9,
  "LoadRequiredState": 0,
  "LoadSync": false,
  "CanUnloadAsync": false,
  "LoadPriority": 0,
  "Punchline": "Track things inside Deep Dungeons (Solo only).",
  "AcceptsFeedback": true
}