{
  "Author": "NotNite",
  "Name": "Distant Seas",
  "InternalName": "DistantSeas",
  "AssemblyVersion": "1.0.0.2",
  "Description": "The ultimate Ocean Fishing plugin. Automatically suggests baits, logs each boat you're on, tracks progress to achievements, adds a global point leaderboard, and more!\n\nIcon from the Mutant Standard project.",
  "ApplicableVersion": "any",
  "Tags": [
    "ocean",
    "fishing"
  ],
  "DalamudApiLevel": 9,
  "LoadRequiredState": 0,
  "LoadSync": false,
  "CanUnloadAsync": false,
  "LoadPriority": 0,
  "IconUrl": "https://raw.githubusercontent.com/NotNite/DistantSeas/main/Data/icon.png",
  "Punchline": "The ultimate Ocean Fishing plugin.",
  "AcceptsFeedback": true
}