[{"Type":"GaladionBay","IsSpectral":false,"Fish":[{"ItemId":28937,"CellType":"None","VoyageMissionType":"None","CanCauseSpectral":false,"RequiredBait":null,"BiteTimes":{"29714":{"Range":{"Type":"Range","Start":4,"End":8},"CellType":"BestOrRequired"},"29715":{"Range":{"Type":"Range","Start":4,"End":8},"CellType":"Usable"},"29716":{"Range":{"Type":"Range","Start":4,"End":8},"CellType":"Usable"},"29717":{"Range":{"Type":"Range","Start":7,"End":11},"CellType":"Usable"}},"DoubleHook":{"Type":"Single","Start":2,"End":null},"TripleHook":{"Type":"Single","Start":3,"End":null},"BitePower":1,"Hookset":"Precision","AveragePoints":10,"Stars":1,"TimeAvailability":{},"WeatherAvailability":{"FairSkies":true,"Clouds":true,"Fog":true,"Rain":true,"Showers":true,"ClearSkies":true},"Intuition":null,"Mooch":null},{"ItemId":28938,"CellType":"None","VoyageMissionType":"None","CanCauseSpectral":false,"RequiredBait":null,"BiteTimes":{"29714":{"Range":{"Type":"Range","Start":7,"End":11},"CellType":"Usable"},"29715":{"Range":{"Type":"Range","Start":7,"End":11},"CellType":"BestOrRequired"},"29716":{"Range":{"Type":"Range","Start":7,"End":11},"CellType":"Usable"},"29717":{"Range":{"Type":"Range","Start":9,"End":14},"CellType":"Usable"}},"DoubleHook":{"Type":"Single","Start":2,"End":null},"TripleHook":{"Type":"Single","Start":3,"End":null},"BitePower":1,"Hookset":"Precision","AveragePoints":11,"Stars":1,"TimeAvailability":{},"WeatherAvailability":{"FairSkies":true,"Clouds":true,"Fog":true,"Rain":true,"Showers":true,"ClearSkies":true},"Intuition":null,"Mooch":null},{"ItemId":29723,"CellType":"None","VoyageMissionType":"None","CanCauseSpectral":false,"RequiredBait":null,"BiteTimes":{"29714":{"Range":{"Type":"Range","Start":10,"End":16},"CellType":"Usable"},"29715":{"Range":{"Type":"Range","Start":10,"End":16},"CellType":"Usable"},"29716":{"Range":{"Type":"Range","Start":8,"End":16},"CellType":"BestOrRequired"},"29717":{"Range":{"Type":"Range","Start":12,"End":20},"CellType":"Usable"}},"DoubleHook":{"Type":"Single","Start":2,"End":null},"TripleHook":{"Type":"Single","Start":3,"End":null},"BitePower":2,"Hookset":"Powerful","AveragePoints":14,"Stars":1,"TimeAvailability":{},"WeatherAvailability":{"FairSkies":true,"Clouds":true,"Fog":true,"Rain":false,"Showers":false,"ClearSkies":true},"Intuition":null,"Mooch":null},{"ItemId":29719,"CellType":"None","VoyageMissionType":"None","CanCauseSpectral":false,"RequiredBait":null,"BiteTimes":{"29714":{"Range":{"Type":"Range","Start":16,"End":24},"CellType":"Usable"},"29715":{"Range":{"Type":"Range","Start":12,"End":19},"CellType":"BestOrRequired"},"29716":{"Range":{"Type":"Range","Start":12,"End":24},"CellType":"Usable"},"29717":{"Range":{"Type":"Range","Start":15,"End":25},"CellType":"Usable"}},"DoubleHook":{"Type":"Single","Start":2,"End":null},"TripleHook":{"Type":"Single","Start":3,"End":null},"BitePower":2,"Hookset":"Powerful","AveragePoints":40,"Stars":2,"TimeAvailability":{},"WeatherAvailability":{"FairSkies":true,"Clouds":false,"Fog":false,"Rain":true,"Showers":true,"ClearSkies":true},"Intuition":null,"Mooch":null},{"ItemId":28942,"CellType":"None","VoyageMissionType":"Shark","CanCauseSpectral":false,"RequiredBait":null,"BiteTimes":{"29714":{"Range":{"Type":"Range","Start":19,"End":37},"CellType":"Usable"},"29715":{"Range":{"Type":"Range","Start":15,"End":37},"CellType":"Usable"},"29716":{"Range":{"Type":"Range","Start":15,"End":33},"CellType":"BestOrRequired"},"29717":{"Range":{"Type":"Range","Start":22,"End":37},"CellType":"Usable"}},"DoubleHook":{"Type":"Single","Start":2,"End":null},"TripleHook":{"Type":"Single","Start":3,"End":null},"BitePower":3,"Hookset":"Powerful","AveragePoints":34,"Stars":2,"TimeAvailability":{},"WeatherAvailability":{"FairSkies":true,"Clouds":true,"Fog":true,"Rain":true,"Showers":false,"ClearSkies":true},"Intuition":null,"Mooch":null},{"ItemId":28939,"CellType":"None","VoyageMissionType":"None","CanCauseSpectral":false,"RequiredBait":null,"BiteTimes":{"29714":{"Range":{"Type":"Range","Start":12,"End":19},"CellType":"Usable"},"29715":{"Range":{"Type":"Range","Start":7,"End":13},"CellType":"BestOrRequired"},"29716":{"Range":{"Type":"Range","Start":12,"End":18},"CellType":"Usable"},"29717":{"Range":{"Type":"Range","Start":12,"End":19},"CellType":"Usable"}},"DoubleHook":{"Type":"Range","Start":3,"End":4},"TripleHook":{"Type":"Range","Start":5,"End":7},"BitePower":1,"Hookset":"Precision","AveragePoints":34,"Stars":2,"TimeAvailability":{},"WeatherAvailability":{"FairSkies":true,"Clouds":true,"Fog":true,"Rain":true,"Showers":true,"ClearSkies":true},"Intuition":null,"Mooch":null},{"ItemId":29734,"CellType":"None","VoyageMissionType":"None","CanCauseSpectral":false,"RequiredBait":null,"BiteTimes":{"29714":{"Range":{"Type":"Range","Start":18,"End":29},"CellType":"Usable"},"29715":{"Range":{"Type":"Range","Start":17,"End":28},"CellType":"BestOrRequired"},"29716":{"Range":{"Type":"Range","Start":18,"End":28},"CellType":"Usable"},"29717":{"Range":{"Type":"Range","Start":18,"End":29},"CellType":"Usable"}},"DoubleHook":{"Type":"Single","Start":4,"End":null},"TripleHook":{"Type":"Single","Start":7,"End":null},"BitePower":2,"Hookset":"Powerful","AveragePoints":59,"Stars":3,"TimeAvailability":{},"WeatherAvailability":{"FairSkies":true,"Clouds":true,"Fog":true,"Rain":true,"Showers":true,"ClearSkies":true},"Intuition":null,"Mooch":null},{"ItemId":29721,"CellType":"None","VoyageMissionType":"None","CanCauseSpectral":false,"RequiredBait":null,"BiteTimes":{"29714":{"Range":{"Type":"Range","Start":15,"End":25},"CellType":"BestOrRequired"},"29715":{"Range":{"Type":"Range","Start":15,"End":25},"CellType":"Usable"},"29716":{"Range":{"Type":"Range","Start":15,"End":25},"CellType":"Usable"},"29717":{"Range":{"Type":"Range","Start":16,"End":26},"CellType":"Usable"}},"DoubleHook":{"Type":"Single","Start":2,"End":null},"TripleHook":{"Type":"Single","Start":3,"End":null},"BitePower":1,"Hookset":"Precision","AveragePoints":50,"Stars":3,"TimeAvailability":{},"WeatherAvailability":{"FairSkies":true,"Clouds":true,"Fog":true,"Rain":true,"Showers":true,"ClearSkies":true},"Intuition":null,"Mooch":null},{"ItemId":29784,"CellType":"None","VoyageMissionType":"None","CanCauseSpectral":true,"RequiredBait":null,"BiteTimes":{"29714":{"Range":{"Type":"Range","Start":21,"End":37},"CellType":"Usable"},"29715":{"Range":{"Type":"Range","Start":19,"End":35},"CellType":"BestOrRequired"},"29716":{"Range":{"Type":"Range","Start":20,"End":36},"CellType":"Usable"},"29717":{"Range":{"Type":"Range","Start":23,"End":37},"CellType":"Usable"}},"DoubleHook":{"Type":"Single","Start":1,"End":null},"TripleHook":{"Type":"Single","Start":1,"End":null},"BitePower":3,"Hookset":"Powerful","AveragePoints":100,"Stars":4,"TimeAvailability":{},"WeatherAvailability":{"FairSkies":true,"Clouds":true,"Fog":true,"Rain":true,"Showers":true,"ClearSkies":false},"Intuition":null,"Mooch":null},{"ItemId":29744,"CellType":"Intuition","VoyageMissionType":"None","CanCauseSpectral":false,"RequiredBait":null,"BiteTimes":{"29715":{"Range":{"Type":"Range","Start":17,"End":28},"CellType":"BestOrRequired"}},"DoubleHook":{"Type":"Single","Start":1,"End":null},"TripleHook":{"Type":"Single","Start":1,"End":null},"BitePower":3,"Hookset":"Powerful","AveragePoints":253,"Stars":4,"TimeAvailability":{},"WeatherAvailability":{"FairSkies":true,"Clouds":true,"Fog":true,"Rain":true,"Showers":true,"ClearSkies":true},"Intuition":{"Fish":[{"Item1":28938,"Item2":3}],"Duration":60},"Mooch":null}]},{"Type":"GaladionBay","IsSpectral":true,"Fish":[{"ItemId":29766,"CellType":"None","VoyageMissionType":"None","CanCauseSpectral":false,"RequiredBait":null,"BiteTimes":{"29714":{"Range":{"Type":"Range","Start":2,"End":3},"CellType":"Usable"},"29715":{"Range":{"Type":"Range","Start":2,"End":3},"CellType":"BestOrRequired"},"29716":{"Range":{"Type":"Range","Start":2,"End":3},"CellType":"Usable"},"2603":{"Range":{"Type":"Range","Start":4,"End":6},"CellType":"Usable"}},"DoubleHook":{"Type":"Single","Start":4,"End":null},"TripleHook":{"Type":"Single","Start":7,"End":null},"BitePower":2,"Hookset":"Powerful","AveragePoints":94,"Stars":4,"TimeAvailability":{"Day":true,"Sunset":true,"Night":true},"WeatherAvailability":{},"Intuition":null,"Mooch":null},{"ItemId":29749,"CellType":"None","VoyageMissionType":"None","CanCauseSpectral":false,"RequiredBait":null,"BiteTimes":{"29714":{"Range":{"Type":"Range","Start":2,"End":3},"CellType":"BestOrRequired"},"29715":{"Range":{"Type":"Range","Start":2,"End":3},"CellType":"Usable"},"29716":{"Range":{"Type":"Range","Start":2,"End":3},"CellType":"Usable"},"2603":{"Range":{"Type":"Range","Start":2,"End":3},"CellType":"BestOrRequired"}},"DoubleHook":{"Type":"Single","Start":2,"End":null},"TripleHook":{"Type":"Single","Start":3,"End":null},"BitePower":1,"Hookset":"Precision","AveragePoints":67,"Stars":4,"TimeAvailability":{"Day":true,"Sunset":true,"Night":true},"WeatherAvailability":{},"Intuition":null,"Mooch":null},{"ItemId":29750,"CellType":"None","VoyageMissionType":"Shark","CanCauseSpectral":false,"RequiredBait":null,"BiteTimes":{"29714":{"Range":{"Type":"Range","Start":3,"End":4},"CellType":"Usable"},"29715":{"Range":{"Type":"Range","Start":3,"End":4},"CellType":"Usable"},"29716":{"Range":{"Type":"Range","Start":3,"End":4},"CellType":"BestOrRequired"},"2603":{"Range":{"Type":"Range","Start":5,"End":7},"CellType":"Usable"}},"DoubleHook":{"Type":"Single","Start":4,"End":null},"TripleHook":{"Type":"Single","Start":7,"End":null},"BitePower":2,"Hookset":"Powerful","AveragePoints":78,"Stars":4,"TimeAvailability":{"Day":true,"Sunset":true,"Night":true},"WeatherAvailability":{},"Intuition":null,"Mooch":null},{"ItemId":29754,"CellType":"None","VoyageMissionType":"None","CanCauseSpectral":false,"RequiredBait":null,"BiteTimes":{"29714":{"Range":{"Type":"Range","Start":5,"End":8},"CellType":"Usable"},"29715":{"Range":{"Type":"Range","Start":5,"End":8},"CellType":"Usable"},"29716":{"Range":{"Type":"Range","Start":5,"End":8},"CellType":"BestOrRequired"},"2603":{"Range":{"Type":"Range","Start":5,"End":8},"CellType":"Usable"}},"DoubleHook":{"Type":"Single","Start":2,"End":null},"TripleHook":{"Type":"Single","Start":3,"End":null},"BitePower":2,"Hookset":"Powerful","AveragePoints":78,"Stars":4,"TimeAvailability":{"Day":true,"Sunset":true,"Night":true},"WeatherAvailability":{},"Intuition":null,"Mooch":null},{"ItemId":29752,"CellType":"None","VoyageMissionType":"None","CanCauseSpectral":false,"RequiredBait":null,"BiteTimes":{"29714":{"Range":{"Type":"Range","Start":3,"End":4},"CellType":"Usable"},"29715":{"Range":{"Type":"Range","Start":3,"End":4},"CellType":"BestOrRequired"},"29716":{"Range":{"Type":"Range","Start":3,"End":4},"CellType":"Usable"},"2603":{"Range":{"Type":"Range","Start":3,"End":4},"CellType":"Usable"}},"DoubleHook":{"Type":"Single","Start":2,"End":null},"TripleHook":{"Type":"Single","Start":3,"End":null},"BitePower":1,"Hookset":"Precision","AveragePoints":71,"Stars":4,"TimeAvailability":{"Day":true,"Sunset":true,"Night":true},"WeatherAvailability":{},"Intuition":null,"Mooch":null},{"ItemId":29753,"CellType":"None","VoyageMissionType":"None","CanCauseSpectral":false,"RequiredBait":null,"BiteTimes":{"29714":{"Range":{"Type":"Range","Start":7,"End":11},"CellType":"BestOrRequired"}},"DoubleHook":{"Type":"Single","Start":2,"End":null},"TripleHook":{"Type":"Single","Start":3,"End":null},"BitePower":1,"Hookset":"Precision","AveragePoints":222,"Stars":4,"TimeAvailability":{"Day":true,"Sunset":false,"Night":false},"WeatherAvailability":{},"Intuition":null,"Mooch":null},{"ItemId":29751,"CellType":"None","VoyageMissionType":"Shark","CanCauseSpectral":false,"RequiredBait":null,"BiteTimes":{"29716":{"Range":{"Type":"Range","Start":5,"End":7},"CellType":"BestOrRequired"}},"DoubleHook":{"Type":"Single","Start":2,"End":null},"TripleHook":{"Type":"Single","Start":3,"End":null},"BitePower":2,"Hookset":"Powerful","AveragePoints":213,"Stars":4,"TimeAvailability":{"Day":false,"Sunset":true,"Night":false},"WeatherAvailability":{},"Intuition":null,"Mooch":null},{"ItemId":29782,"CellType":"None","VoyageMissionType":"Shark","CanCauseSpectral":false,"RequiredBait":null,"BiteTimes":{"29716":{"Range":{"Type":"Range","Start":7,"End":11},"CellType":"BestOrRequired"}},"DoubleHook":{"Type":"Single","Start":4,"End":null},"TripleHook":{"Type":"Single","Start":7,"End":null},"BitePower":3,"Hookset":"Powerful","AveragePoints":213,"Stars":4,"TimeAvailability":{"Day":false,"Sunset":true,"Night":false},"WeatherAvailability":{},"Intuition":null,"Mooch":null},{"ItemId":29756,"CellType":"None","VoyageMissionType":"None","CanCauseSpectral":false,"RequiredBait":null,"BiteTimes":{"29714":{"Range":{"Type":"Range","Start":12,"End":16},"CellType":"BestOrRequired"}},"DoubleHook":{"Type":"Single","Start":2,"End":null},"TripleHook":{"Type":"Single","Start":3,"End":null},"BitePower":1,"Hookset":"Precision","AveragePoints":444,"Stars":4,"TimeAvailability":{"Day":true,"Sunset":false,"Night":false},"WeatherAvailability":{},"Intuition":null,"Mooch":null},{"ItemId":29788,"CellType":"Intuition","VoyageMissionType":"None","CanCauseSpectral":false,"RequiredBait":2603,"BiteTimes":{"2603":{"Range":{"Type":"LooseRange","Start":9,"End":null},"CellType":"BestOrRequired"}},"DoubleHook":{"Type":"Single","Start":1,"End":null},"TripleHook":{"Type":"Single","Start":1,"End":null},"BitePower":3,"Hookset":"Powerful","AveragePoints":500,"Stars":5,"TimeAvailability":{"Day":false,"Sunset":false,"Night":true},"WeatherAvailability":{},"Intuition":{"Fish":[{"Item1":29749,"Item2":2},{"Item1":29752,"Item2":1}],"Duration":15},"Mooch":null}]},{"Type":"SouthernMerlthor","IsSpectral":false,"Fish":[{"ItemId":29722,"CellType":"Moochable","VoyageMissionType":"None","CanCauseSpectral":false,"RequiredBait":null,"BiteTimes":{"29714":{"Range":{"Type":"Range","Start":5,"End":9},"CellType":"Usable"},"29715":{"Range":{"Type":"Range","Start":5,"End":9},"CellType":"BestOrRequired"},"29716":{"Range":{"Type":"Range","Start":5,"End":9},"CellType":"Usable"},"29717":{"Range":{"Type":"Range","Start":7,"End":11},"CellType":"Usable"}},"DoubleHook":{"Type":"Single","Start":2,"End":null},"TripleHook":{"Type":"Single","Start":3,"End":null},"BitePower":2,"Hookset":"Powerful","AveragePoints":10,"Stars":1,"TimeAvailability":{},"WeatherAvailability":{"FairSkies":true,"Clouds":true,"Fog":true,"Wind":false,"Gales":false,"ClearSkies":true},"Intuition":null,"Mooch":null},{"ItemId":29739,"CellType":"None","VoyageMissionType":"Jellyfish","CanCauseSpectral":false,"RequiredBait":null,"BiteTimes":{"29714":{"Range":{"Type":"Range","Start":2,"End":5},"CellType":"BestOrRequired"},"29715":{"Range":{"Type":"Range","Start":2,"End":5},"CellType":"Usable"},"29716":{"Range":{"Type":"Range","Start":2,"End":5},"CellType":"Usable"},"29717":{"Range":{"Type":"Range","Start":5,"End":8},"CellType":"Usable"}},"DoubleHook":{"Type":"Range","Start":3,"End":4},"TripleHook":{"Type":"Range","Start":5,"End":7},"BitePower":1,"Hookset":"Precision","AveragePoints":10,"Stars":1,"TimeAvailability":{},"WeatherAvailability":{"FairSkies":true,"Clouds":true,"Fog":true,"Wind":true,"Gales":true,"ClearSkies":true},"Intuition":null,"Mooch":null},{"ItemId":28941,"CellType":"None","VoyageMissionType":"None","CanCauseSpectral":false,"RequiredBait":null,"BiteTimes":{"29714":{"Range":{"Type":"Range","Start":5,"End":9},"CellType":"BestOrRequired"},"29715":{"Range":{"Type":"Range","Start":5,"End":9},"CellType":"Usable"},"29716":{"Range":{"Type":"Range","Start":5,"End":9},"CellType":"Usable"},"29717":{"Range":{"Type":"Range","Start":8,"End":12},"CellType":"Usable"}},"DoubleHook":{"Type":"Single","Start":2,"End":null},"TripleHook":{"Type":"Single","Start":3,"End":null},"BitePower":1,"Hookset":"Precision","AveragePoints":10,"Stars":1,"TimeAvailability":{},"WeatherAvailability":{"FairSkies":true,"Clouds":true,"Fog":true,"Wind":true,"Gales":true,"ClearSkies":true},"Intuition":null,"Mooch":null},{"ItemId":29724,"CellType":"None","VoyageMissionType":"None","CanCauseSpectral":false,"RequiredBait":null,"BiteTimes":{"29714":{"Range":{"Type":"Range","Start":5,"End":9},"CellType":"Usable"},"29715":{"Range":{"Type":"Range","Start":5,"End":9},"CellType":"BestOrRequired"},"29716":{"Range":{"Type":"Range","Start":9,"End":14},"CellType":"Usable"},"29717":{"Range":{"Type":"Range","Start":10,"End":14},"CellType":"Usable"}},"DoubleHook":{"Type":"Single","Start":2,"End":null},"TripleHook":{"Type":"Single","Start":3,"End":null},"BitePower":1,"Hookset":"Precision","AveragePoints":27,"Stars":2,"TimeAvailability":{},"WeatherAvailability":{"FairSkies":true,"Clouds":true,"Fog":true,"Wind":true,"Gales":true,"ClearSkies":true},"Intuition":null,"Mooch":null},{"ItemId":29740,"CellType":"None","VoyageMissionType":"None","CanCauseSpectral":false,"RequiredBait":null,"BiteTimes":{"29714":{"Range":{"Type":"Range","Start":9,"End":16},"CellType":"BestOrRequired"},"29715":{"Range":{"Type":"Range","Start":14,"End":22},"CellType":"Usable"},"29716":{"Range":{"Type":"Range","Start":14,"End":22},"CellType":"Usable"},"29717":{"Range":{"Type":"Range","Start":14,"End":22},"CellType":"Usable"}},"DoubleHook":{"Type":"Single","Start":4,"End":null},"TripleHook":{"Type":"Single","Start":7,"End":null},"BitePower":1,"Hookset":"Precision","AveragePoints":35,"Stars":2,"TimeAvailability":{},"WeatherAvailability":{"FairSkies":true,"Clouds":false,"Fog":false,"Wind":true,"Gales":true,"ClearSkies":true},"Intuition":null,"Mooch":null},{"ItemId":29725,"CellType":"Mooched","VoyageMissionType":"None","CanCauseSpectral":false,"RequiredBait":null,"BiteTimes":{"29714":{"Range":{"Type":"Range","Start":13,"End":20},"CellType":"Usable"},"29715":{"Range":{"Type":"Range","Start":13,"End":20},"CellType":"Usable"},"29716":{"Range":{"Type":"Range","Start":8,"End":16},"CellType":"BestOrRequired"},"29717":{"Range":{"Type":"Range","Start":14,"End":22},"CellType":"Usable"}},"DoubleHook":{"Type":"Single","Start":2,"End":null},"TripleHook":{"Type":"Single","Start":3,"End":null},"BitePower":3,"Hookset":"Powerful","AveragePoints":22,"Stars":2,"TimeAvailability":{},"WeatherAvailability":{"FairSkies":true,"Clouds":true,"Fog":true,"Wind":true,"Gales":true,"ClearSkies":true},"Intuition":null,"Mooch":null},{"ItemId":29726,"CellType":"None","VoyageMissionType":"None","CanCauseSpectral":false,"RequiredBait":null,"BiteTimes":{"29714":{"Range":{"Type":"Range","Start":17,"End":27},"CellType":"BestOrRequired"},"29715":{"Range":{"Type":"Range","Start":17,"End":28},"CellType":"Usable"},"29716":{"Range":{"Type":"Range","Start":18,"End":28},"CellType":"Usable"},"29717":{"Range":{"Type":"Range","Start":18,"End":28},"CellType":"Usable"}},"DoubleHook":{"Type":"Single","Start":2,"End":null},"TripleHook":{"Type":"Single","Start":3,"End":null},"BitePower":1,"Hookset":"Precision","AveragePoints":51,"Stars":3,"TimeAvailability":{},"WeatherAvailability":{"FairSkies":true,"Clouds":true,"Fog":true,"Wind":true,"Gales":true,"ClearSkies":true},"Intuition":null,"Mooch":null},{"ItemId":29727,"CellType":"MoochOnly","VoyageMissionType":"None","CanCauseSpectral":false,"RequiredBait":null,"BiteTimes":{},"DoubleHook":{"Type":"Single","Start":2,"End":null},"TripleHook":{"Type":"Single","Start":3,"End":null},"BitePower":2,"Hookset":"Powerful","AveragePoints":49,"Stars":3,"TimeAvailability":{},"WeatherAvailability":{"FairSkies":true,"Clouds":true,"Fog":true,"Wind":true,"Gales":true,"ClearSkies":true},"Intuition":null,"Mooch":{"RequiredBait":null,"Range":{"Type":"Range","Start":7,"End":13}}},{"ItemId":29785,"CellType":"None","VoyageMissionType":"None","CanCauseSpectral":true,"RequiredBait":null,"BiteTimes":{"29714":{"Range":{"Type":"Range","Start":21,"End":36},"CellType":"Usable"},"29715":{"Range":{"Type":"Range","Start":21,"End":36},"CellType":"BestOrRequired"},"29716":{"Range":{"Type":"Range","Start":21,"End":36},"CellType":"Usable"},"29717":{"Range":{"Type":"Range","Start":23,"End":37},"CellType":"Usable"}},"DoubleHook":{"Type":"Single","Start":1,"End":null},"TripleHook":{"Type":"Single","Start":1,"End":null},"BitePower":3,"Hookset":"Precision","AveragePoints":100,"Stars":4,"TimeAvailability":{},"WeatherAvailability":{"FairSkies":true,"Clouds":true,"Fog":true,"Wind":true,"Gales":true,"ClearSkies":false},"Intuition":null,"Mooch":null},{"ItemId":29745,"CellType":"Intuition","VoyageMissionType":"None","CanCauseSpectral":false,"RequiredBait":null,"BiteTimes":{"29716":{"Range":{"Type":"Range","Start":18,"End":28},"CellType":"BestOrRequired"}},"DoubleHook":{"Type":"Single","Start":1,"End":null},"TripleHook":{"Type":"Single","Start":1,"End":null},"BitePower":3,"Hookset":"Powerful","AveragePoints":204,"Stars":4,"TimeAvailability":{},"WeatherAvailability":{"FairSkies":true,"Clouds":true,"Fog":true,"Wind":true,"Gales":true,"ClearSkies":true},"Intuition":{"Fish":[{"Item1":29727,"Item2":1}],"Duration":60},"Mooch":null}]},{"Type":"SouthernMerlthor","IsSpectral":true,"Fish":[{"ItemId":29757,"CellType":"None","VoyageMissionType":"Jellyfish","CanCauseSpectral":false,"RequiredBait":null,"BiteTimes":{"29714":{"Range":{"Type":"Range","Start":5,"End":8},"CellType":"BestOrRequired"}},"DoubleHook":{"Type":"Single","Start":4,"End":null},"TripleHook":{"Type":"Single","Start":7,"End":null},"BitePower":1,"Hookset":"Precision","AveragePoints":156,"Stars":4,"TimeAvailability":{"Day":false,"Sunset":true,"Night":false},"WeatherAvailability":{},"Intuition":null,"Mooch":null},{"ItemId":29758,"CellType":"MoochOnly","VoyageMissionType":"None","CanCauseSpectral":false,"RequiredBait":null,"BiteTimes":{},"DoubleHook":{"Type":"Single","Start":2,"End":null},"TripleHook":{"Type":"Single","Start":3,"End":null},"BitePower":2,"Hookset":"Powerful","AveragePoints":127,"Stars":4,"TimeAvailability":{"Day":true,"Sunset":true,"Night":true},"WeatherAvailability":{},"Intuition":null,"Mooch":{"RequiredBait":null,"Range":{"Type":"Range","Start":2,"End":3}}},{"ItemId":29759,"CellType":"Mooched","VoyageMissionType":"None","CanCauseSpectral":false,"RequiredBait":null,"BiteTimes":{"29714":{"Range":{"Type":"Range","Start":2,"End":3},"CellType":"Usable"},"29715":{"Range":{"Type":"Range","Start":2,"End":3},"CellType":"Usable"},"29716":{"Range":{"Type":"Range","Start":2,"End":3},"CellType":"BestOrRequired"},"2613":{"Range":{"Type":"Range","Start":2,"End":3},"CellType":"Usable"}},"DoubleHook":{"Type":"Single","Start":2,"End":null},"TripleHook":{"Type":"Single","Start":3,"End":null},"BitePower":2,"Hookset":"Powerful","AveragePoints":59,"Stars":4,"TimeAvailability":{"Day":true,"Sunset":true,"Night":true},"WeatherAvailability":{},"Intuition":null,"Mooch":null},{"ItemId":29779,"CellType":"None","VoyageMissionType":"None","CanCauseSpectral":false,"RequiredBait":null,"BiteTimes":{"29714":{"Range":{"Type":"Range","Start":3,"End":4},"CellType":"Usable"},"29715":{"Range":{"Type":"Range","Start":3,"End":4},"CellType":"BestOrRequired"},"29716":{"Range":{"Type":"Range","Start":3,"End":4},"CellType":"Usable"},"2613":{"Range":{"Type":"Range","Start":3,"End":4},"CellType":"Usable"}},"DoubleHook":{"Type":"Single","Start":2,"End":null},"TripleHook":{"Type":"Single","Start":3,"End":null},"BitePower":1,"Hookset":"Precision","AveragePoints":69,"Stars":4,"TimeAvailability":{"Day":true,"Sunset":true,"Night":true},"WeatherAvailability":{},"Intuition":null,"Mooch":null},{"ItemId":29761,"CellType":"Moochable","VoyageMissionType":"None","CanCauseSpectral":false,"RequiredBait":null,"BiteTimes":{"29714":{"Range":{"Type":"Range","Start":3,"End":4},"CellType":"BestOrRequired"},"29715":{"Range":{"Type":"Range","Start":3,"End":4},"CellType":"Usable"},"29716":{"Range":{"Type":"Range","Start":3,"End":4},"CellType":"Usable"},"2613":{"Range":{"Type":"Range","Start":3,"End":4},"CellType":"Usable"}},"DoubleHook":{"Type":"Single","Start":2,"End":null},"TripleHook":{"Type":"Single","Start":3,"End":null},"BitePower":1,"Hookset":"Precision","AveragePoints":65,"Stars":4,"TimeAvailability":{"Day":true,"Sunset":true,"Night":true},"WeatherAvailability":{},"Intuition":null,"Mooch":null},{"ItemId":29760,"CellType":"None","VoyageMissionType":"None","CanCauseSpectral":false,"RequiredBait":null,"BiteTimes":{"29714":{"Range":{"Type":"Range","Start":4,"End":6},"CellType":"Usable"},"29715":{"Range":{"Type":"Range","Start":4,"End":6},"CellType":"BestOrRequired"},"29716":{"Range":{"Type":"Range","Start":4,"End":6},"CellType":"Usable"},"2613":{"Range":{"Type":"Range","Start":3,"End":6},"CellType":"Usable"}},"DoubleHook":{"Type":"Single","Start":2,"End":null},"TripleHook":{"Type":"Single","Start":3,"End":null},"BitePower":1,"Hookset":"Precision","AveragePoints":69,"Stars":4,"TimeAvailability":{"Day":true,"Sunset":true,"Night":true},"WeatherAvailability":{},"Intuition":null,"Mooch":null},{"ItemId":29763,"CellType":"MoochOnly","VoyageMissionType":"None","CanCauseSpectral":false,"RequiredBait":null,"BiteTimes":{},"DoubleHook":{"Type":"Single","Start":2,"End":null},"TripleHook":{"Type":"Single","Start":3,"End":null},"BitePower":2,"Hookset":"Powerful","AveragePoints":245,"Stars":4,"TimeAvailability":{"Day":false,"Sunset":false,"Night":true},"WeatherAvailability":{},"Intuition":null,"Mooch":{"RequiredBait":null,"Range":{"Type":"Range","Start":3,"End":6}}},{"ItemId":29755,"CellType":"None","VoyageMissionType":"None","CanCauseSpectral":false,"RequiredBait":null,"BiteTimes":{"29715":{"Range":{"Type":"Range","Start":5,"End":6},"CellType":"BestOrRequired"}},"DoubleHook":{"Type":"Single","Start":2,"End":null},"TripleHook":{"Type":"Single","Start":3,"End":null},"BitePower":2,"Hookset":"Powerful","AveragePoints":196,"Stars":4,"TimeAvailability":{"Day":true,"Sunset":false,"Night":false},"WeatherAvailability":{},"Intuition":null,"Mooch":null},{"ItemId":29765,"CellType":"MoochOnly","VoyageMissionType":"None","CanCauseSpectral":false,"RequiredBait":null,"BiteTimes":{},"DoubleHook":{"Type":"Single","Start":2,"End":null},"TripleHook":{"Type":"Single","Start":3,"End":null},"BitePower":3,"Hookset":"Powerful","AveragePoints":345,"Stars":4,"TimeAvailability":{"Day":false,"Sunset":true,"Night":false},"WeatherAvailability":{},"Intuition":null,"Mooch":{"RequiredBait":null,"Range":{"Type":"Range","Start":3,"End":4}}},{"ItemId":29789,"CellType":"Intuition","VoyageMissionType":"None","CanCauseSpectral":false,"RequiredBait":2613,"BiteTimes":{"2613":{"Range":{"Type":"LooseRange","Start":9,"End":null},"CellType":"BestOrRequired"}},"DoubleHook":{"Type":"Single","Start":1,"End":null},"TripleHook":{"Type":"Single","Start":1,"End":null},"BitePower":3,"Hookset":"Powerful","AveragePoints":500,"Stars":5,"TimeAvailability":{"Day":false,"Sunset":false,"Night":true},"WeatherAvailability":{},"Intuition":{"Fish":[{"Item1":29758,"Item2":2}],"Duration":15},"Mooch":null}]},{"Type":"NorthernMerlthor","IsSpectral":false,"Fish":[{"ItemId":29736,"CellType":"None","VoyageMissionType":"None","CanCauseSpectral":false,"RequiredBait":null,"BiteTimes":{"29714":{"Range":{"Type":"Range","Start":4,"End":8},"CellType":"BestOrRequired"},"29715":{"Range":{"Type":"Range","Start":4,"End":8},"CellType":"Usable"},"29716":{"Range":{"Type":"Range","Start":4,"End":8},"CellType":"Usable"},"29717":{"Range":{"Type":"Range","Start":7,"End":11},"CellType":"Usable"}},"DoubleHook":{"Type":"Single","Start":2,"End":null},"TripleHook":{"Type":"Single","Start":3,"End":null},"BitePower":1,"Hookset":"Precision","AveragePoints":13,"Stars":1,"TimeAvailability":{},"WeatherAvailability":{"FairSkies":true,"Clouds":true,"Fog":true,"Snow":false,"Blizzards":false,"ClearSkies":true},"Intuition":null,"Mooch":null},{"ItemId":29737,"CellType":"None","VoyageMissionType":"None","CanCauseSpectral":false,"RequiredBait":null,"BiteTimes":{"29714":{"Range":{"Type":"Range","Start":6,"End":10},"CellType":"Usable"},"29715":{"Range":{"Type":"Range","Start":6,"End":10},"CellType":"Usable"},"29716":{"Range":{"Type":"Range","Start":6,"End":10},"CellType":"BestOrRequired"},"29717":{"Range":{"Type":"Range","Start":8,"End":14},"CellType":"Usable"}},"DoubleHook":{"Type":"Single","Start":2,"End":null},"TripleHook":{"Type":"Single","Start":3,"End":null},"BitePower":2,"Hookset":"Powerful","AveragePoints":11,"Stars":1,"TimeAvailability":{},"WeatherAvailability":{"FairSkies":true,"Clouds":true,"Fog":true,"Snow":true,"Blizzards":true,"ClearSkies":true},"Intuition":null,"Mooch":null},{"ItemId":29738,"CellType":"Mooched","VoyageMissionType":"None","CanCauseSpectral":false,"RequiredBait":null,"BiteTimes":{"29714":{"Range":{"Type":"Range","Start":12,"End":22},"CellType":"Usable"},"29715":{"Range":{"Type":"Range","Start":12,"End":22},"CellType":"Usable"},"29716":{"Range":{"Type":"Range","Start":10,"End":22},"CellType":"BestOrRequired"},"29717":{"Range":{"Type":"Range","Start":15,"End":26},"CellType":"Usable"}},"DoubleHook":{"Type":"Single","Start":2,"End":null},"TripleHook":{"Type":"Single","Start":3,"End":null},"BitePower":2,"Hookset":"Powerful","AveragePoints":11,"Stars":1,"TimeAvailability":{},"WeatherAvailability":{"FairSkies":true,"Clouds":true,"Fog":true,"Snow":true,"Blizzards":true,"ClearSkies":true},"Intuition":null,"Mooch":null},{"ItemId":29718,"CellType":"Moochable","VoyageMissionType":"None","CanCauseSpectral":false,"RequiredBait":null,"BiteTimes":{"29714":{"Range":{"Type":"Range","Start":7,"End":13},"CellType":"BestOrRequired"},"29715":{"Range":{"Type":"Range","Start":11,"End":18},"CellType":"Usable"},"29716":{"Range":{"Type":"Range","Start":11,"End":18},"CellType":"Usable"},"29717":{"Range":{"Type":"Range","Start":11,"End":16},"CellType":"Usable"}},"DoubleHook":{"Type":"Single","Start":2,"End":null},"TripleHook":{"Type":"Single","Start":3,"End":null},"BitePower":1,"Hookset":"Precision","AveragePoints":27,"Stars":2,"TimeAvailability":{},"WeatherAvailability":{"FairSkies":true,"Clouds":true,"Fog":true,"Snow":true,"Blizzards":false,"ClearSkies":true},"Intuition":null,"Mooch":null},{"ItemId":28940,"CellType":"None","VoyageMissionType":"None","CanCauseSpectral":false,"RequiredBait":null,"BiteTimes":{"29714":{"Range":{"Type":"Range","Start":15,"End":24},"CellType":"Usable"},"29715":{"Range":{"Type":"Range","Start":10,"End":19},"CellType":"BestOrRequired"},"29716":{"Range":{"Type":"Range","Start":15,"End":24},"CellType":"Usable"},"29717":{"Range":{"Type":"Range","Start":15,"End":24},"CellType":"Usable"}},"DoubleHook":{"Type":"Single","Start":2,"End":null},"TripleHook":{"Type":"Single","Start":3,"End":null},"BitePower":1,"Hookset":"Precision","AveragePoints":43,"Stars":2,"TimeAvailability":{},"WeatherAvailability":{"FairSkies":true,"Clouds":false,"Fog":false,"Snow":true,"Blizzards":true,"ClearSkies":true},"Intuition":null,"Mooch":null},{"ItemId":29741,"CellType":"None","VoyageMissionType":"Crab","CanCauseSpectral":false,"RequiredBait":null,"BiteTimes":{"29714":{"Range":{"Type":"Range","Start":13,"End":21},"CellType":"Usable"},"29715":{"Range":{"Type":"Range","Start":10,"End":16},"CellType":"BestOrRequired"},"29716":{"Range":{"Type":"Range","Start":13,"End":21},"CellType":"Usable"},"29717":{"Range":{"Type":"Range","Start":13,"End":22},"CellType":"Usable"}},"DoubleHook":{"Type":"Single","Start":2,"End":null},"TripleHook":{"Type":"Single","Start":3,"End":null},"BitePower":2,"Hookset":"Powerful","AveragePoints":36,"Stars":2,"TimeAvailability":{},"WeatherAvailability":{"FairSkies":true,"Clouds":true,"Fog":true,"Snow":true,"Blizzards":true,"ClearSkies":true},"Intuition":null,"Mooch":null},{"ItemId":29720,"CellType":"None","VoyageMissionType":"None","CanCauseSpectral":false,"RequiredBait":null,"BiteTimes":{"29714":{"Range":{"Type":"Range","Start":17,"End":28},"CellType":"Usable"},"29715":{"Range":{"Type":"Range","Start":16,"End":27},"CellType":"BestOrRequired"},"29716":{"Range":{"Type":"Range","Start":17,"End":28},"CellType":"Usable"},"29717":{"Range":{"Type":"Range","Start":18,"End":28},"CellType":"Usable"}},"DoubleHook":{"Type":"Single","Start":2,"End":null},"TripleHook":{"Type":"Single","Start":3,"End":null},"BitePower":1,"Hookset":"Precision","AveragePoints":45,"Stars":3,"TimeAvailability":{},"WeatherAvailability":{"FairSkies":true,"Clouds":true,"Fog":true,"Snow":true,"Blizzards":true,"ClearSkies":true},"Intuition":null,"Mooch":null},{"ItemId":29743,"CellType":"MoochOnly","VoyageMissionType":"None","CanCauseSpectral":false,"RequiredBait":null,"BiteTimes":{},"DoubleHook":{"Type":"Single","Start":2,"End":null},"TripleHook":{"Type":"Single","Start":3,"End":null},"BitePower":2,"Hookset":"Powerful","AveragePoints":52,"Stars":3,"TimeAvailability":{},"WeatherAvailability":{"FairSkies":true,"Clouds":true,"Fog":true,"Snow":true,"Blizzards":true,"ClearSkies":true},"Intuition":null,"Mooch":{"RequiredBait":null,"Range":{"Type":"Range","Start":8,"End":17}}},{"ItemId":29786,"CellType":"None","VoyageMissionType":"None","CanCauseSpectral":true,"RequiredBait":null,"BiteTimes":{"29714":{"Range":{"Type":"Range","Start":21,"End":36},"CellType":"BestOrRequired"},"29715":{"Range":{"Type":"Range","Start":21,"End":36},"CellType":"Usable"},"29716":{"Range":{"Type":"Range","Start":21,"End":36},"CellType":"Usable"},"29717":{"Range":{"Type":"Range","Start":25,"End":39},"CellType":"Usable"}},"DoubleHook":{"Type":"Single","Start":1,"End":null},"TripleHook":{"Type":"Single","Start":1,"End":null},"BitePower":3,"Hookset":"Precision","AveragePoints":100,"Stars":4,"TimeAvailability":{},"WeatherAvailability":{"FairSkies":true,"Clouds":true,"Fog":true,"Snow":true,"Blizzards":true,"ClearSkies":false},"Intuition":null,"Mooch":null},{"ItemId":29747,"CellType":"Intuition","VoyageMissionType":"None","CanCauseSpectral":false,"RequiredBait":null,"BiteTimes":{"29714":{"Range":{"Type":"Range","Start":20,"End":28},"CellType":"BestOrRequired"}},"DoubleHook":{"Type":"Single","Start":1,"End":null},"TripleHook":{"Type":"Single","Start":1,"End":null},"BitePower":3,"Hookset":"Precision","AveragePoints":226,"Stars":4,"TimeAvailability":{},"WeatherAvailability":{"FairSkies":true,"Clouds":true,"Fog":true,"Snow":true,"Blizzards":true,"ClearSkies":true},"Intuition":{"Fish":[{"Item1":29743,"Item2":1}],"Duration":60},"Mooch":null}]},{"Type":"NorthernMerlthor","IsSpectral":true,"Fish":[{"ItemId":29748,"CellType":"None","VoyageMissionType":"None","CanCauseSpectral":false,"RequiredBait":null,"BiteTimes":{"29714":{"Range":{"Type":"Range","Start":2,"End":3},"CellType":"Usable"},"29715":{"Range":{"Type":"Range","Start":2,"End":3},"CellType":"BestOrRequired"},"29716":{"Range":{"Type":"Range","Start":2,"End":3},"CellType":"Usable"},"2619":{"Range":{"Type":"Range","Start":3,"End":5},"CellType":"Usable"}},"DoubleHook":{"Type":"Single","Start":2,"End":null},"TripleHook":{"Type":"Single","Start":3,"End":null},"BitePower":1,"Hookset":"Precision","AveragePoints":69,"Stars":4,"TimeAvailability":{"Day":true,"Sunset":true,"Night":true},"WeatherAvailability":{},"Intuition":null,"Mooch":null},{"ItemId":29776,"CellType":"None","VoyageMissionType":"None","CanCauseSpectral":false,"RequiredBait":null,"BiteTimes":{"29714":{"Range":{"Type":"Range","Start":2,"End":3},"CellType":"Usable"},"29715":{"Range":{"Type":"Range","Start":2,"End":3},"CellType":"Usable"},"29716":{"Range":{"Type":"Range","Start":2,"End":3},"CellType":"BestOrRequired"},"2619":{"Range":{"Type":"Range","Start":2,"End":3},"CellType":"Usable"}},"DoubleHook":{"Type":"Single","Start":2,"End":null},"TripleHook":{"Type":"Single","Start":3,"End":null},"BitePower":2,"Hookset":"Powerful","AveragePoints":79,"Stars":4,"TimeAvailability":{"Day":true,"Sunset":true,"Night":true},"WeatherAvailability":{},"Intuition":null,"Mooch":null},{"ItemId":29777,"CellType":"None","VoyageMissionType":"Crab","CanCauseSpectral":false,"RequiredBait":null,"BiteTimes":{"29714":{"Range":{"Type":"Range","Start":5,"End":6},"CellType":"BestOrRequired"}},"DoubleHook":{"Type":"Single","Start":4,"End":null},"TripleHook":{"Type":"Single","Start":7,"End":null},"BitePower":1,"Hookset":"Precision","AveragePoints":221,"Stars":4,"TimeAvailability":{"Day":false,"Sunset":false,"Night":true},"WeatherAvailability":{},"Intuition":null,"Mooch":null},{"ItemId":29778,"CellType":"None","VoyageMissionType":"None","CanCauseSpectral":false,"RequiredBait":null,"BiteTimes":{"29714":{"Range":{"Type":"Range","Start":3,"End":4},"CellType":"BestOrRequired"},"29715":{"Range":{"Type":"Range","Start":3,"End":4},"CellType":"Usable"},"29716":{"Range":{"Type":"Range","Start":3,"End":4},"CellType":"Usable"},"2619":{"Range":{"Type":"Range","Start":3,"End":4},"CellType":"Usable"}},"DoubleHook":{"Type":"Single","Start":2,"End":null},"TripleHook":{"Type":"Single","Start":3,"End":null},"BitePower":1,"Hookset":"Precision","AveragePoints":79,"Stars":4,"TimeAvailability":{"Day":true,"Sunset":true,"Night":true},"WeatherAvailability":{},"Intuition":null,"Mooch":null},{"ItemId":29773,"CellType":"None","VoyageMissionType":"None","CanCauseSpectral":false,"RequiredBait":null,"BiteTimes":{"29715":{"Range":{"Type":"Range","Start":5,"End":8},"CellType":"BestOrRequired"}},"DoubleHook":{"Type":"Single","Start":4,"End":null},"TripleHook":{"Type":"Single","Start":7,"End":null},"BitePower":2,"Hookset":"Powerful","AveragePoints":198,"Stars":4,"TimeAvailability":{"Day":false,"Sunset":false,"Night":true},"WeatherAvailability":{},"Intuition":null,"Mooch":null},{"ItemId":29771,"CellType":"None","VoyageMissionType":"None","CanCauseSpectral":false,"RequiredBait":null,"BiteTimes":{"29714":{"Range":{"Type":"Range","Start":5,"End":7},"CellType":"BestOrRequired"},"29715":{"Range":{"Type":"Range","Start":5,"End":7},"CellType":"Usable"},"29716":{"Range":{"Type":"Range","Start":5,"End":7},"CellType":"Usable"},"2619":{"Range":{"Type":"Range","Start":6,"End":9},"CellType":"Usable"}},"DoubleHook":{"Type":"Single","Start":2,"End":null},"TripleHook":{"Type":"Single","Start":3,"End":null},"BitePower":1,"Hookset":"Precision","AveragePoints":79,"Stars":4,"TimeAvailability":{"Day":true,"Sunset":true,"Night":true},"WeatherAvailability":{},"Intuition":null,"Mooch":null},{"ItemId":29781,"CellType":"None","VoyageMissionType":"None","CanCauseSpectral":false,"RequiredBait":null,"BiteTimes":{"29714":{"Range":{"Type":"Range","Start":5,"End":8},"CellType":"Usable"},"29715":{"Range":{"Type":"Range","Start":5,"End":8},"CellType":"Usable"},"29716":{"Range":{"Type":"Range","Start":5,"End":8},"CellType":"BestOrRequired"},"2619":{"Range":{"Type":"Range","Start":5,"End":7},"CellType":"Usable"}},"DoubleHook":{"Type":"Range","Start":3,"End":4},"TripleHook":{"Type":"Range","Start":5,"End":7},"BitePower":3,"Hookset":"Powerful","AveragePoints":79,"Stars":4,"TimeAvailability":{"Day":true,"Sunset":true,"Night":true},"WeatherAvailability":{},"Intuition":null,"Mooch":null},{"ItemId":29764,"CellType":"None","VoyageMissionType":"None","CanCauseSpectral":false,"RequiredBait":null,"BiteTimes":{"29714":{"Range":{"Type":"Range","Start":7,"End":11},"CellType":"BestOrRequired"}},"DoubleHook":{"Type":"Single","Start":4,"End":null},"TripleHook":{"Type":"Single","Start":7,"End":null},"BitePower":1,"Hookset":"Precision","AveragePoints":189,"Stars":4,"TimeAvailability":{"Day":false,"Sunset":true,"Night":false},"WeatherAvailability":{},"Intuition":null,"Mooch":null},{"ItemId":29783,"CellType":"None","VoyageMissionType":"None","CanCauseSpectral":false,"RequiredBait":null,"BiteTimes":{"29715":{"Range":{"Type":"LooseRange","Start":7,"End":null},"CellType":"BestOrRequired"}},"DoubleHook":{"Type":"Single","Start":2,"End":null},"TripleHook":{"Type":"Single","Start":3,"End":null},"BitePower":2,"Hookset":"Powerful","AveragePoints":374,"Stars":4,"TimeAvailability":{"Day":false,"Sunset":true,"Night":false},"WeatherAvailability":{},"Intuition":null,"Mooch":null},{"ItemId":29791,"CellType":"Intuition","VoyageMissionType":"None","CanCauseSpectral":false,"RequiredBait":2619,"BiteTimes":{"2619":{"Range":{"Type":"LooseRange","Start":9,"End":null},"CellType":"BestOrRequired"}},"DoubleHook":{"Type":"Single","Start":1,"End":null},"TripleHook":{"Type":"Single","Start":1,"End":null},"BitePower":3,"Hookset":"Powerful","AveragePoints":500,"Stars":5,"TimeAvailability":{"Day":true,"Sunset":false,"Night":false},"WeatherAvailability":{},"Intuition":{"Fish":[{"Item1":29781,"Item2":3}],"Duration":15},"Mooch":null}]},{"Type":"RhotanoSea","IsSpectral":false,"Fish":[{"ItemId":29728,"CellType":"None","VoyageMissionType":"None","CanCauseSpectral":false,"RequiredBait":null,"BiteTimes":{"29714":{"Range":{"Type":"Range","Start":6,"End":10},"CellType":"Usable"},"29715":{"Range":{"Type":"Range","Start":6,"End":10},"CellType":"BestOrRequired"},"29716":{"Range":{"Type":"Range","Start":6,"End":10},"CellType":"Usable"},"29717":{"Range":{"Type":"Range","Start":9,"End":14},"CellType":"Usable"}},"DoubleHook":{"Type":"Single","Start":2,"End":null},"TripleHook":{"Type":"Single","Start":3,"End":null},"BitePower":2,"Hookset":"Powerful","AveragePoints":13,"Stars":1,"TimeAvailability":{},"WeatherAvailability":{"FairSkies":true,"Clouds":true,"Fog":true,"DustStorms":true,"HeatWaves":false,"ClearSkies":true},"Intuition":null,"Mooch":null},{"ItemId":29729,"CellType":"None","VoyageMissionType":"None","CanCauseSpectral":false,"RequiredBait":null,"BiteTimes":{"29714":{"Range":{"Type":"Range","Start":6,"End":10},"CellType":"BestOrRequired"},"29715":{"Range":{"Type":"Range","Start":6,"End":10},"CellType":"Usable"},"29716":{"Range":{"Type":"Range","Start":6,"End":10},"CellType":"Usable"},"29717":{"Range":{"Type":"Range","Start":9,"End":14},"CellType":"Usable"}},"DoubleHook":{"Type":"Single","Start":2,"End":null},"TripleHook":{"Type":"Single","Start":3,"End":null},"BitePower":1,"Hookset":"Precision","AveragePoints":10,"Stars":1,"TimeAvailability":{},"WeatherAvailability":{"FairSkies":true,"Clouds":true,"Fog":true,"DustStorms":true,"HeatWaves":true,"ClearSkies":true},"Intuition":null,"Mooch":null},{"ItemId":29730,"CellType":"None","VoyageMissionType":"None","CanCauseSpectral":false,"RequiredBait":null,"BiteTimes":{"29714":{"Range":{"Type":"Range","Start":8,"End":12},"CellType":"Usable"},"29715":{"Range":{"Type":"Range","Start":8,"End":12},"CellType":"BestOrRequired"},"29716":{"Range":{"Type":"Range","Start":8,"End":12},"CellType":"Usable"},"29717":{"Range":{"Type":"Range","Start":9,"End":15},"CellType":"Usable"}},"DoubleHook":{"Type":"Single","Start":2,"End":null},"TripleHook":{"Type":"Single","Start":3,"End":null},"BitePower":2,"Hookset":"Powerful","AveragePoints":15,"Stars":1,"TimeAvailability":{},"WeatherAvailability":{"FairSkies":true,"Clouds":true,"Fog":true,"DustStorms":false,"HeatWaves":false,"ClearSkies":true},"Intuition":null,"Mooch":null},{"ItemId":29731,"CellType":"None","VoyageMissionType":"None","CanCauseSpectral":false,"RequiredBait":null,"BiteTimes":{"29714":{"Range":{"Type":"Range","Start":12,"End":18},"CellType":"Usable"},"29715":{"Range":{"Type":"Range","Start":9,"End":18},"CellType":"Usable"},"29716":{"Range":{"Type":"Range","Start":9,"End":15},"CellType":"BestOrRequired"},"29717":{"Range":{"Type":"Range","Start":12,"End":19},"CellType":"Usable"}},"DoubleHook":{"Type":"Range","Start":3,"End":4},"TripleHook":{"Type":"Range","Start":5,"End":7},"BitePower":2,"Hookset":"Powerful","AveragePoints":32,"Stars":2,"TimeAvailability":{},"WeatherAvailability":{"FairSkies":true,"Clouds":true,"Fog":true,"DustStorms":true,"HeatWaves":true,"ClearSkies":true},"Intuition":null,"Mooch":null},{"ItemId":29735,"CellType":"None","VoyageMissionType":"Shark","CanCauseSpectral":false,"RequiredBait":null,"BiteTimes":{"29714":{"Range":{"Type":"Range","Start":19,"End":33},"CellType":"Usable"},"29715":{"Range":{"Type":"Range","Start":19,"End":33},"CellType":"Usable"},"29716":{"Range":{"Type":"Range","Start":15,"End":29},"CellType":"BestOrRequired"},"29717":{"Range":{"Type":"Range","Start":20,"End":34},"CellType":"Usable"}},"DoubleHook":{"Type":"Single","Start":4,"End":null},"TripleHook":{"Type":"Single","Start":7,"End":null},"BitePower":3,"Hookset":"Powerful","AveragePoints":32,"Stars":2,"TimeAvailability":{},"WeatherAvailability":{"FairSkies":true,"Clouds":true,"Fog":true,"DustStorms":true,"HeatWaves":true,"ClearSkies":true},"Intuition":null,"Mooch":null},{"ItemId":29733,"CellType":"None","VoyageMissionType":"None","CanCauseSpectral":false,"RequiredBait":null,"BiteTimes":{"29714":{"Range":{"Type":"Range","Start":12,"End":20},"CellType":"Usable"},"29715":{"Range":{"Type":"Range","Start":12,"End":20},"CellType":"Usable"},"29716":{"Range":{"Type":"Range","Start":9,"End":15},"CellType":"BestOrRequired"},"29717":{"Range":{"Type":"Range","Start":13,"End":20},"CellType":"Usable"}},"DoubleHook":{"Type":"Single","Start":2,"End":null},"TripleHook":{"Type":"Single","Start":3,"End":null},"BitePower":2,"Hookset":"Powerful","AveragePoints":38,"Stars":2,"TimeAvailability":{},"WeatherAvailability":{"FairSkies":true,"Clouds":false,"Fog":false,"DustStorms":true,"HeatWaves":true,"ClearSkies":true},"Intuition":null,"Mooch":null},{"ItemId":29742,"CellType":"None","VoyageMissionType":"None","CanCauseSpectral":false,"RequiredBait":null,"BiteTimes":{"29714":{"Range":{"Type":"Range","Start":17,"End":27},"CellType":"Usable"},"29715":{"Range":{"Type":"Range","Start":15,"End":26},"CellType":"BestOrRequired"},"29716":{"Range":{"Type":"Range","Start":17,"End":27},"CellType":"Usable"},"29717":{"Range":{"Type":"Range","Start":17,"End":27},"CellType":"Usable"}},"DoubleHook":{"Type":"Single","Start":2,"End":null},"TripleHook":{"Type":"Single","Start":3,"End":null},"BitePower":1,"Hookset":"Precision","AveragePoints":46,"Stars":3,"TimeAvailability":{},"WeatherAvailability":{"FairSkies":true,"Clouds":true,"Fog":true,"DustStorms":true,"HeatWaves":true,"ClearSkies":true},"Intuition":null,"Mooch":null},{"ItemId":29732,"CellType":"None","VoyageMissionType":"Fugu","CanCauseSpectral":false,"RequiredBait":null,"BiteTimes":{"29714":{"Range":{"Type":"Range","Start":12,"End":16},"CellType":"BestOrRequired"},"29715":{"Range":{"Type":"Range","Start":12,"End":16},"CellType":"Usable"},"29716":{"Range":{"Type":"Range","Start":12,"End":16},"CellType":"Usable"},"29717":{"Range":{"Type":"Range","Start":13,"End":17},"CellType":"Usable"}},"DoubleHook":{"Type":"Single","Start":2,"End":null},"TripleHook":{"Type":"Single","Start":3,"End":null},"BitePower":1,"Hookset":"Precision","AveragePoints":47,"Stars":3,"TimeAvailability":{},"WeatherAvailability":{"FairSkies":true,"Clouds":true,"Fog":true,"DustStorms":true,"HeatWaves":true,"ClearSkies":true},"Intuition":null,"Mooch":null},{"ItemId":29787,"CellType":"None","VoyageMissionType":"None","CanCauseSpectral":true,"RequiredBait":null,"BiteTimes":{"29714":{"Range":{"Type":"Range","Start":21,"End":36},"CellType":"Usable"},"29715":{"Range":{"Type":"Range","Start":21,"End":36},"CellType":"Usable"},"29716":{"Range":{"Type":"Range","Start":20,"End":36},"CellType":"BestOrRequired"},"29717":{"Range":{"Type":"Range","Start":23,"End":37},"CellType":"Usable"}},"DoubleHook":{"Type":"Single","Start":1,"End":null},"TripleHook":{"Type":"Single","Start":1,"End":null},"BitePower":3,"Hookset":"Powerful","AveragePoints":100,"Stars":4,"TimeAvailability":{},"WeatherAvailability":{"FairSkies":true,"Clouds":true,"Fog":true,"DustStorms":true,"HeatWaves":true,"ClearSkies":false},"Intuition":null,"Mooch":null},{"ItemId":29746,"CellType":"Intuition","VoyageMissionType":"None","CanCauseSpectral":false,"RequiredBait":null,"BiteTimes":{"29715":{"Range":{"Type":"Range","Start":14,"End":19},"CellType":"BestOrRequired"}},"DoubleHook":{"Type":"Single","Start":1,"End":null},"TripleHook":{"Type":"Single","Start":1,"End":null},"BitePower":3,"Hookset":"Powerful","AveragePoints":204,"Stars":4,"TimeAvailability":{},"WeatherAvailability":{"FairSkies":true,"Clouds":true,"Fog":true,"DustStorms":true,"HeatWaves":true,"ClearSkies":true},"Intuition":{"Fish":[{"Item1":29731,"Item2":2}],"Duration":60},"Mooch":null}]},{"Type":"RhotanoSea","IsSpectral":true,"Fish":[{"ItemId":29775,"CellType":"None","VoyageMissionType":"None","CanCauseSpectral":false,"RequiredBait":null,"BiteTimes":{"29714":{"Range":{"Type":"Range","Start":2,"End":3},"CellType":"Usable"},"29715":{"Range":{"Type":"Range","Start":2,"End":3},"CellType":"BestOrRequired"},"29716":{"Range":{"Type":"Range","Start":2,"End":3},"CellType":"Usable"},"2591":{"Range":{"Type":"Range","Start":2,"End":3},"CellType":"Usable"}},"DoubleHook":{"Type":"Single","Start":2,"End":null},"TripleHook":{"Type":"Single","Start":3,"End":null},"BitePower":1,"Hookset":"Precision","AveragePoints":95,"Stars":4,"TimeAvailability":{"Day":true,"Sunset":true,"Night":true},"WeatherAvailability":{},"Intuition":null,"Mooch":null},{"ItemId":29767,"CellType":"None","VoyageMissionType":"Shark","CanCauseSpectral":false,"RequiredBait":null,"BiteTimes":{"29716":{"Range":{"Type":"Range","Start":5,"End":7},"CellType":"BestOrRequired"}},"DoubleHook":{"Type":"Single","Start":2,"End":null},"TripleHook":{"Type":"Single","Start":3,"End":null},"BitePower":2,"Hookset":"Powerful","AveragePoints":216,"Stars":4,"TimeAvailability":{"Day":true,"Sunset":false,"Night":false},"WeatherAvailability":{},"Intuition":null,"Mooch":null},{"ItemId":29768,"CellType":"None","VoyageMissionType":"Fugu","CanCauseSpectral":false,"RequiredBait":null,"BiteTimes":{"29714":{"Range":{"Type":"Range","Start":3,"End":4},"CellType":"BestOrRequired"},"29715":{"Range":{"Type":"Range","Start":3,"End":4},"CellType":"Usable"},"29716":{"Range":{"Type":"Range","Start":3,"End":4},"CellType":"Usable"},"2591":{"Range":{"Type":"Range","Start":5,"End":7},"CellType":"Usable"}},"DoubleHook":{"Type":"Single","Start":4,"End":null},"TripleHook":{"Type":"Single","Start":7,"End":null},"BitePower":1,"Hookset":"Precision","AveragePoints":89,"Stars":4,"TimeAvailability":{"Day":true,"Sunset":true,"Night":true},"WeatherAvailability":{},"Intuition":null,"Mooch":null},{"ItemId":29769,"CellType":"None","VoyageMissionType":"None","CanCauseSpectral":false,"RequiredBait":null,"BiteTimes":{"29714":{"Range":{"Type":"Range","Start":5,"End":9},"CellType":"Usable"},"29715":{"Range":{"Type":"Range","Start":5,"End":9},"CellType":"Usable"},"29716":{"Range":{"Type":"Range","Start":5,"End":9},"CellType":"BestOrRequired"},"2591":{"Range":{"Type":"Range","Start":5,"End":9},"CellType":"BestOrRequired"}},"DoubleHook":{"Type":"Single","Start":2,"End":null},"TripleHook":{"Type":"Single","Start":3,"End":null},"BitePower":2,"Hookset":"Powerful","AveragePoints":81,"Stars":4,"TimeAvailability":{"Day":true,"Sunset":true,"Night":true},"WeatherAvailability":{},"Intuition":null,"Mooch":null},{"ItemId":29770,"CellType":"None","VoyageMissionType":"Shark","CanCauseSpectral":false,"RequiredBait":null,"BiteTimes":{"29716":{"Range":{"Type":"Range","Start":6,"End":9},"CellType":"BestOrRequired"}},"DoubleHook":{"Type":"Single","Start":4,"End":null},"TripleHook":{"Type":"Single","Start":7,"End":null},"BitePower":3,"Hookset":"Powerful","AveragePoints":216,"Stars":4,"TimeAvailability":{"Day":true,"Sunset":false,"Night":false},"WeatherAvailability":{},"Intuition":null,"Mooch":null},{"ItemId":29762,"CellType":"None","VoyageMissionType":"None","CanCauseSpectral":false,"RequiredBait":null,"BiteTimes":{"29715":{"Range":{"Type":"Range","Start":7,"End":11},"CellType":"BestOrRequired"}},"DoubleHook":{"Type":"Single","Start":4,"End":null},"TripleHook":{"Type":"Single","Start":7,"End":null},"BitePower":1,"Hookset":"Precision","AveragePoints":222,"Stars":4,"TimeAvailability":{"Day":false,"Sunset":false,"Night":true},"WeatherAvailability":{},"Intuition":null,"Mooch":null},{"ItemId":29772,"CellType":"None","VoyageMissionType":"None","CanCauseSpectral":false,"RequiredBait":null,"BiteTimes":{"29714":{"Range":{"Type":"Range","Start":4,"End":6},"CellType":"Usable"},"29715":{"Range":{"Type":"Range","Start":4,"End":6},"CellType":"BestOrRequired"},"29716":{"Range":{"Type":"Range","Start":4,"End":6},"CellType":"Usable"},"2591":{"Range":{"Type":"Range","Start":4,"End":6},"CellType":"Usable"}},"DoubleHook":{"Type":"Single","Start":2,"End":null},"TripleHook":{"Type":"Single","Start":3,"End":null},"BitePower":2,"Hookset":"Powerful","AveragePoints":95,"Stars":4,"TimeAvailability":{"Day":true,"Sunset":true,"Night":true},"WeatherAvailability":{},"Intuition":null,"Mooch":null},{"ItemId":29780,"CellType":"None","VoyageMissionType":"None","CanCauseSpectral":false,"RequiredBait":null,"BiteTimes":{"29714":{"Range":{"Type":"Range","Start":4,"End":6},"CellType":"Usable"},"29715":{"Range":{"Type":"Range","Start":4,"End":6},"CellType":"BestOrRequired"},"29716":{"Range":{"Type":"Range","Start":4,"End":6},"CellType":"Usable"},"2591":{"Range":{"Type":"Range","Start":5,"End":8},"CellType":"Usable"}},"DoubleHook":{"Type":"Single","Start":2,"End":null},"TripleHook":{"Type":"Single","Start":3,"End":null},"BitePower":2,"Hookset":"Powerful","AveragePoints":95,"Stars":4,"TimeAvailability":{"Day":true,"Sunset":true,"Night":true},"WeatherAvailability":{},"Intuition":null,"Mooch":null},{"ItemId":29774,"CellType":"None","VoyageMissionType":"None","CanCauseSpectral":false,"RequiredBait":null,"BiteTimes":{"29714":{"Range":{"Type":"LooseRange","Start":5,"End":null},"CellType":"BestOrRequired"}},"DoubleHook":{"Type":"Single","Start":2,"End":null},"TripleHook":{"Type":"Single","Start":3,"End":null},"BitePower":1,"Hookset":"Precision","AveragePoints":246,"Stars":4,"TimeAvailability":{"Day":false,"Sunset":false,"Night":true},"WeatherAvailability":{},"Intuition":null,"Mooch":null},{"ItemId":29790,"CellType":"Intuition","VoyageMissionType":"None","CanCauseSpectral":false,"RequiredBait":2591,"BiteTimes":{"2591":{"Range":{"Type":"LooseRange","Start":9,"End":null},"CellType":"BestOrRequired"}},"DoubleHook":{"Type":"Single","Start":1,"End":null},"TripleHook":{"Type":"Single","Start":1,"End":null},"BitePower":3,"Hookset":"Powerful","AveragePoints":500,"Stars":5,"TimeAvailability":{"Day":false,"Sunset":true,"Night":false},"WeatherAvailability":{},"Intuition":{"Fish":[{"Item1":29769,"Item2":1},{"Item1":29768,"Item2":1}],"Duration":15},"Mooch":null}]},{"Type":"CieldalaesMargin","IsSpectral":false,"Fish":[{"ItemId":32055,"CellType":"None","VoyageMissionType":"Crab","CanCauseSpectral":false,"RequiredBait":null,"BiteTimes":{"29714":{"Range":{"Type":"Range","Start":6,"End":12},"CellType":"Usable"},"29715":{"Range":{"Type":"Range","Start":6,"End":12},"CellType":"BestOrRequired"},"29716":{"Range":{"Type":"Range","Start":6,"End":12},"CellType":"Usable"},"29717":{"Range":{"Type":"Range","Start":8,"End":15},"CellType":"Usable"}},"DoubleHook":{"Type":"Single","Start":2,"End":null},"TripleHook":{"Type":"Single","Start":3,"End":null},"BitePower":2,"Hookset":"Powerful","AveragePoints":10,"Stars":1,"TimeAvailability":{},"WeatherAvailability":{"FairSkies":true,"Clouds":true,"Fog":true,"Thunder":true,"Thunderstorms":true,"ClearSkies":true},"Intuition":null,"Mooch":null},{"ItemId":32056,"CellType":"None","VoyageMissionType":"None","CanCauseSpectral":false,"RequiredBait":null,"BiteTimes":{"29714":{"Range":{"Type":"Range","Start":12,"End":22},"CellType":"BestOrRequired"},"29715":{"Range":{"Type":"Range","Start":12,"End":22},"CellType":"Usable"},"29716":{"Range":{"Type":"Range","Start":12,"End":22},"CellType":"Usable"},"29717":{"Range":{"Type":"Range","Start":14,"End":26},"CellType":"Usable"}},"DoubleHook":{"Type":"Single","Start":2,"End":null},"TripleHook":{"Type":"Single","Start":3,"End":null},"BitePower":1,"Hookset":"Precision","AveragePoints":15,"Stars":1,"TimeAvailability":{},"WeatherAvailability":{"FairSkies":true,"Clouds":true,"Fog":true,"Thunder":false,"Thunderstorms":false,"ClearSkies":true},"Intuition":null,"Mooch":null},{"ItemId":32057,"CellType":"None","VoyageMissionType":"Fugu","CanCauseSpectral":false,"RequiredBait":null,"BiteTimes":{"29714":{"Range":{"Type":"Range","Start":5,"End":11},"CellType":"BestOrRequired"},"29715":{"Range":{"Type":"Range","Start":5,"End":11},"CellType":"Usable"},"29716":{"Range":{"Type":"Range","Start":5,"End":11},"CellType":"Usable"},"29717":{"Range":{"Type":"Range","Start":9,"End":14},"CellType":"Usable"}},"DoubleHook":{"Type":"Single","Start":2,"End":null},"TripleHook":{"Type":"Single","Start":3,"End":null},"BitePower":1,"Hookset":"Precision","AveragePoints":9,"Stars":1,"TimeAvailability":{},"WeatherAvailability":{"FairSkies":true,"Clouds":true,"Fog":true,"Thunder":true,"Thunderstorms":true,"ClearSkies":true},"Intuition":null,"Mooch":null},{"ItemId":32058,"CellType":"None","VoyageMissionType":"None","CanCauseSpectral":false,"RequiredBait":null,"BiteTimes":{"29714":{"Range":{"Type":"Range","Start":18,"End":27},"CellType":"Usable"},"29715":{"Range":{"Type":"Range","Start":18,"End":27},"CellType":"Usable"},"29716":{"Range":{"Type":"Range","Start":13,"End":22},"CellType":"BestOrRequired"},"29717":{"Range":{"Type":"Range","Start":18,"End":27},"CellType":"Usable"}},"DoubleHook":{"Type":"Single","Start":2,"End":null},"TripleHook":{"Type":"Single","Start":3,"End":null},"BitePower":2,"Hookset":"Powerful","AveragePoints":33,"Stars":2,"TimeAvailability":{},"WeatherAvailability":{"FairSkies":true,"Clouds":true,"Fog":true,"Thunder":true,"Thunderstorms":true,"ClearSkies":true},"Intuition":null,"Mooch":null},{"ItemId":32059,"CellType":"None","VoyageMissionType":"None","CanCauseSpectral":false,"RequiredBait":null,"BiteTimes":{"29714":{"Range":{"Type":"Range","Start":14,"End":22},"CellType":"Usable"},"29715":{"Range":{"Type":"Range","Start":10,"End":18},"CellType":"BestOrRequired"},"29716":{"Range":{"Type":"Range","Start":14,"End":22},"CellType":"Usable"},"29717":{"Range":{"Type":"Range","Start":14,"End":22},"CellType":"Usable"}},"DoubleHook":{"Type":"Single","Start":2,"End":null},"TripleHook":{"Type":"Single","Start":3,"End":null},"BitePower":1,"Hookset":"Precision","AveragePoints":41,"Stars":2,"TimeAvailability":{},"WeatherAvailability":{"FairSkies":true,"Clouds":true,"Fog":true,"Thunder":true,"Thunderstorms":false,"ClearSkies":true},"Intuition":null,"Mooch":null},{"ItemId":32060,"CellType":"None","VoyageMissionType":"None","CanCauseSpectral":false,"RequiredBait":null,"BiteTimes":{"29714":{"Range":{"Type":"Range","Start":6,"End":12},"CellType":"Usable"},"29715":{"Range":{"Type":"Range","Start":6,"End":12},"CellType":"Usable"},"29716":{"Range":{"Type":"Range","Start":6,"End":12},"CellType":"BestOrRequired"},"29717":{"Range":{"Type":"Range","Start":9,"End":13},"CellType":"Usable"}},"DoubleHook":{"Type":"Single","Start":2,"End":null},"TripleHook":{"Type":"Single","Start":3,"End":null},"BitePower":3,"Hookset":"Powerful","AveragePoints":39,"Stars":2,"TimeAvailability":{},"WeatherAvailability":{"FairSkies":true,"Clouds":false,"Fog":false,"Thunder":true,"Thunderstorms":true,"ClearSkies":true},"Intuition":null,"Mooch":null},{"ItemId":32061,"CellType":"None","VoyageMissionType":"None","CanCauseSpectral":false,"RequiredBait":null,"BiteTimes":{"29714":{"Range":{"Type":"Range","Start":20,"End":30},"CellType":"Usable"},"29715":{"Range":{"Type":"Range","Start":20,"End":30},"CellType":"Usable"},"29716":{"Range":{"Type":"Range","Start":17,"End":28},"CellType":"BestOrRequired"},"29717":{"Range":{"Type":"Range","Start":20,"End":30},"CellType":"Usable"}},"DoubleHook":{"Type":"Single","Start":2,"End":null},"TripleHook":{"Type":"Single","Start":3,"End":null},"BitePower":3,"Hookset":"Powerful","AveragePoints":58,"Stars":3,"TimeAvailability":{},"WeatherAvailability":{"FairSkies":true,"Clouds":true,"Fog":true,"Thunder":true,"Thunderstorms":true,"ClearSkies":true},"Intuition":null,"Mooch":null},{"ItemId":32062,"CellType":"None","VoyageMissionType":"None","CanCauseSpectral":false,"RequiredBait":null,"BiteTimes":{"29714":{"Range":{"Type":"Range","Start":17,"End":26},"CellType":"Usable"},"29715":{"Range":{"Type":"Range","Start":15,"End":24},"CellType":"BestOrRequired"},"29716":{"Range":{"Type":"Range","Start":16,"End":26},"CellType":"Usable"},"29717":{"Range":{"Type":"Range","Start":16,"End":25},"CellType":"Usable"}},"DoubleHook":{"Type":"Single","Start":2,"End":null},"TripleHook":{"Type":"Single","Start":3,"End":null},"BitePower":1,"Hookset":"Precision","AveragePoints":52,"Stars":3,"TimeAvailability":{},"WeatherAvailability":{"FairSkies":true,"Clouds":true,"Fog":true,"Thunder":true,"Thunderstorms":true,"ClearSkies":true},"Intuition":null,"Mooch":null},{"ItemId":32063,"CellType":"None","VoyageMissionType":"None","CanCauseSpectral":true,"RequiredBait":null,"BiteTimes":{"29714":{"Range":{"Type":"Range","Start":13,"End":18},"CellType":"BestOrRequired"},"29715":{"Range":{"Type":"Range","Start":13,"End":18},"CellType":"Usable"},"29716":{"Range":{"Type":"Range","Start":13,"End":18},"CellType":"Usable"},"29717":{"Range":{"Type":"Range","Start":13,"End":20},"CellType":"Usable"}},"DoubleHook":{"Type":"Single","Start":1,"End":null},"TripleHook":{"Type":"Single","Start":1,"End":null},"BitePower":3,"Hookset":"Precision","AveragePoints":100,"Stars":4,"TimeAvailability":{},"WeatherAvailability":{"FairSkies":true,"Clouds":true,"Fog":true,"Thunder":true,"Thunderstorms":true,"ClearSkies":false},"Intuition":null,"Mooch":null},{"ItemId":32064,"CellType":"Intuition","VoyageMissionType":"None","CanCauseSpectral":false,"RequiredBait":null,"BiteTimes":{"29715":{"Range":{"Type":"Range","Start":13,"End":26},"CellType":"BestOrRequired"}},"DoubleHook":{"Type":"Single","Start":1,"End":null},"TripleHook":{"Type":"Single","Start":1,"End":null},"BitePower":3,"Hookset":"Powerful","AveragePoints":246,"Stars":4,"TimeAvailability":{},"WeatherAvailability":{"FairSkies":true,"Clouds":true,"Fog":true,"Thunder":true,"Thunderstorms":true,"ClearSkies":true},"Intuition":{"Fish":[{"Item1":32057,"Item2":3}],"Duration":60},"Mooch":null}]},{"Type":"CieldalaesMargin","IsSpectral":true,"Fish":[{"ItemId":32065,"CellType":"None","VoyageMissionType":"Crab","CanCauseSpectral":false,"RequiredBait":null,"BiteTimes":{"29714":{"Range":{"Type":"Range","Start":2,"End":3},"CellType":"Usable"},"29715":{"Range":{"Type":"Range","Start":2,"End":3},"CellType":"BestOrRequired"},"29716":{"Range":{"Type":"Range","Start":2,"End":3},"CellType":"Usable"},"27590":{"Range":{"Type":"Range","Start":4,"End":6},"CellType":"Usable"}},"DoubleHook":{"Type":"Single","Start":4,"End":null},"TripleHook":{"Type":"Single","Start":7,"End":null},"BitePower":2,"Hookset":"Powerful","AveragePoints":84,"Stars":4,"TimeAvailability":{"Day":true,"Sunset":true,"Night":true},"WeatherAvailability":{},"Intuition":null,"Mooch":null},{"ItemId":32066,"CellType":"None","VoyageMissionType":"Fugu","CanCauseSpectral":false,"RequiredBait":null,"BiteTimes":{"29714":{"Range":{"Type":"Range","Start":2,"End":3},"CellType":"BestOrRequired"},"29715":{"Range":{"Type":"Range","Start":2,"End":3},"CellType":"Usable"},"29716":{"Range":{"Type":"Range","Start":2,"End":3},"CellType":"Usable"},"27590":{"Range":{"Type":"Range","Start":4,"End":6},"CellType":"Usable"}},"DoubleHook":{"Type":"Single","Start":4,"End":null},"TripleHook":{"Type":"Single","Start":7,"End":null},"BitePower":1,"Hookset":"Precision","AveragePoints":64,"Stars":4,"TimeAvailability":{"Day":true,"Sunset":true,"Night":true},"WeatherAvailability":{},"Intuition":null,"Mooch":null},{"ItemId":32067,"CellType":"None","VoyageMissionType":"None","CanCauseSpectral":false,"RequiredBait":null,"BiteTimes":{"29714":{"Range":{"Type":"Range","Start":3,"End":4},"CellType":"Usable"},"29715":{"Range":{"Type":"Range","Start":3,"End":4},"CellType":"BestOrRequired"},"29716":{"Range":{"Type":"Range","Start":3,"End":4},"CellType":"Usable"},"27590":{"Range":{"Type":"Range","Start":3,"End":4},"CellType":"BestOrRequired"}},"DoubleHook":{"Type":"Single","Start":2,"End":null},"TripleHook":{"Type":"Single","Start":3,"End":null},"BitePower":2,"Hookset":"Powerful","AveragePoints":84,"Stars":4,"TimeAvailability":{"Day":true,"Sunset":true,"Night":true},"WeatherAvailability":{},"Intuition":null,"Mooch":null},{"ItemId":32068,"CellType":"None","VoyageMissionType":"None","CanCauseSpectral":false,"RequiredBait":null,"BiteTimes":{"29714":{"Range":{"Type":"Range","Start":4,"End":6},"CellType":"Usable"},"29715":{"Range":{"Type":"Range","Start":4,"End":6},"CellType":"Usable"},"29716":{"Range":{"Type":"Range","Start":4,"End":6},"CellType":"Usable"},"27590":{"Range":{"Type":"Range","Start":3,"End":5},"CellType":"BestOrRequired"}},"DoubleHook":{"Type":"Single","Start":2,"End":null},"TripleHook":{"Type":"Single","Start":3,"End":null},"BitePower":1,"Hookset":"Precision","AveragePoints":84,"Stars":4,"TimeAvailability":{"Day":true,"Sunset":true,"Night":true},"WeatherAvailability":{},"Intuition":null,"Mooch":null},{"ItemId":32069,"CellType":"None","VoyageMissionType":"None","CanCauseSpectral":false,"RequiredBait":null,"BiteTimes":{"29715":{"Range":{"Type":"Range","Start":6,"End":9},"CellType":"BestOrRequired"},"27590":{"Range":{"Type":"Range","Start":6,"End":9},"CellType":"Usable"}},"DoubleHook":{"Type":"Single","Start":2,"End":null},"TripleHook":{"Type":"Single","Start":3,"End":null},"BitePower":2,"Hookset":"Powerful","AveragePoints":198,"Stars":4,"TimeAvailability":{"Day":false,"Sunset":true,"Night":false},"WeatherAvailability":{},"Intuition":null,"Mooch":null},{"ItemId":32070,"CellType":"None","VoyageMissionType":"None","CanCauseSpectral":false,"RequiredBait":null,"BiteTimes":{"29714":{"Range":{"Type":"Range","Start":2,"End":3},"CellType":"Usable"},"29715":{"Range":{"Type":"Range","Start":2,"End":3},"CellType":"Usable"},"29716":{"Range":{"Type":"Range","Start":2,"End":3},"CellType":"BestOrRequired"},"27590":{"Range":{"Type":"Range","Start":4,"End":6},"CellType":"Usable"}},"DoubleHook":{"Type":"Single","Start":4,"End":null},"TripleHook":{"Type":"Single","Start":7,"End":null},"BitePower":3,"Hookset":"Powerful","AveragePoints":75,"Stars":4,"TimeAvailability":{"Day":true,"Sunset":true,"Night":true},"WeatherAvailability":{},"Intuition":null,"Mooch":null},{"ItemId":32071,"CellType":"None","VoyageMissionType":"None","CanCauseSpectral":false,"RequiredBait":null,"BiteTimes":{"29715":{"Range":{"Type":"LooseRange","Start":7,"End":null},"CellType":"BestOrRequired"},"27590":{"Range":{"Type":"LooseRange","Start":7,"End":null},"CellType":"Usable"}},"DoubleHook":{"Type":"Single","Start":2,"End":null},"TripleHook":{"Type":"Single","Start":3,"End":null},"BitePower":2,"Hookset":"Powerful","AveragePoints":201,"Stars":4,"TimeAvailability":{"Day":true,"Sunset":false,"Night":false},"WeatherAvailability":{},"Intuition":null,"Mooch":null},{"ItemId":32072,"CellType":"None","VoyageMissionType":"None","CanCauseSpectral":false,"RequiredBait":null,"BiteTimes":{"29716":{"Range":{"Type":"Range","Start":6,"End":8},"CellType":"BestOrRequired"}},"DoubleHook":{"Type":"Single","Start":2,"End":null},"TripleHook":{"Type":"Single","Start":3,"End":null},"BitePower":3,"Hookset":"Powerful","AveragePoints":178,"Stars":4,"TimeAvailability":{"Day":true,"Sunset":false,"Night":false},"WeatherAvailability":{},"Intuition":null,"Mooch":null},{"ItemId":32073,"CellType":"None","VoyageMissionType":"None","CanCauseSpectral":false,"RequiredBait":null,"BiteTimes":{"29716":{"Range":{"Type":"LooseRange","Start":7,"End":null},"CellType":"BestOrRequired"}},"DoubleHook":{"Type":"Single","Start":2,"End":null},"TripleHook":{"Type":"Single","Start":3,"End":null},"BitePower":2,"Hookset":"Powerful","AveragePoints":283,"Stars":4,"TimeAvailability":{"Day":false,"Sunset":true,"Night":false},"WeatherAvailability":{},"Intuition":null,"Mooch":null},{"ItemId":32074,"CellType":"Intuition","VoyageMissionType":"None","CanCauseSpectral":false,"RequiredBait":27590,"BiteTimes":{"27590":{"Range":{"Type":"LooseRange","Start":9,"End":null},"CellType":"BestOrRequired"}},"DoubleHook":{"Type":"Single","Start":1,"End":null},"TripleHook":{"Type":"Single","Start":1,"End":null},"BitePower":3,"Hookset":"Powerful","AveragePoints":500,"Stars":5,"TimeAvailability":{"Day":false,"Sunset":false,"Night":true},"WeatherAvailability":{},"Intuition":{"Fish":[{"Item1":32070,"Item2":2},{"Item1":32067,"Item2":1}],"Duration":15},"Mooch":null}]},{"Type":"BloodbrineSea","IsSpectral":false,"Fish":[{"ItemId":32075,"CellType":"None","VoyageMissionType":"Crab","CanCauseSpectral":false,"RequiredBait":null,"BiteTimes":{"29714":{"Range":{"Type":"Range","Start":3,"End":7},"CellType":"BestOrRequired"},"29715":{"Range":{"Type":"Range","Start":3,"End":7},"CellType":"Usable"},"29716":{"Range":{"Type":"Range","Start":3,"End":7},"CellType":"Usable"},"29717":{"Range":{"Type":"Range","Start":7,"End":11},"CellType":"Usable"}},"DoubleHook":{"Type":"Single","Start":2,"End":null},"TripleHook":{"Type":"Single","Start":3,"End":null},"BitePower":1,"Hookset":"Precision","AveragePoints":9,"Stars":1,"TimeAvailability":{},"WeatherAvailability":{"FairSkies":true,"Clouds":true,"Fog":true,"Rain":true,"Showers":true,"ClearSkies":true},"Intuition":null,"Mooch":null},{"ItemId":32076,"CellType":"None","VoyageMissionType":"None","CanCauseSpectral":false,"RequiredBait":null,"BiteTimes":{"29714":{"Range":{"Type":"Range","Start":7,"End":12},"CellType":"BestOrRequired"},"29715":{"Range":{"Type":"Range","Start":8,"End":14},"CellType":"Usable"},"29716":{"Range":{"Type":"Range","Start":8,"End":14},"CellType":"Usable"},"29717":{"Range":{"Type":"Range","Start":10,"End":17},"CellType":"Usable"}},"DoubleHook":{"Type":"Single","Start":2,"End":null},"TripleHook":{"Type":"Single","Start":3,"End":null},"BitePower":1,"Hookset":"Precision","AveragePoints":14,"Stars":1,"TimeAvailability":{},"WeatherAvailability":{"FairSkies":true,"Clouds":true,"Fog":true,"Rain":false,"Showers":false,"ClearSkies":true},"Intuition":null,"Mooch":null},{"ItemId":32077,"CellType":"None","VoyageMissionType":"None","CanCauseSpectral":false,"RequiredBait":null,"BiteTimes":{"29714":{"Range":{"Type":"Range","Start":6,"End":11},"CellType":"Usable"},"29715":{"Range":{"Type":"Range","Start":6,"End":11},"CellType":"BestOrRequired"},"29716":{"Range":{"Type":"Range","Start":7,"End":12},"CellType":"Usable"},"29717":{"Range":{"Type":"Range","Start":9,"End":14},"CellType":"Usable"}},"DoubleHook":{"Type":"Single","Start":2,"End":null},"TripleHook":{"Type":"Single","Start":3,"End":null},"BitePower":2,"Hookset":"Powerful","AveragePoints":8,"Stars":1,"TimeAvailability":{},"WeatherAvailability":{"FairSkies":true,"Clouds":true,"Fog":true,"Rain":true,"Showers":true,"ClearSkies":true},"Intuition":null,"Mooch":null},{"ItemId":32078,"CellType":"None","VoyageMissionType":"None","CanCauseSpectral":false,"RequiredBait":null,"BiteTimes":{"29714":{"Range":{"Type":"Range","Start":11,"End":17},"CellType":"Usable"},"29715":{"Range":{"Type":"Range","Start":11,"End":17},"CellType":"Usable"},"29716":{"Range":{"Type":"Range","Start":7,"End":12},"CellType":"BestOrRequired"},"29717":{"Range":{"Type":"Range","Start":13,"End":18},"CellType":"Usable"}},"DoubleHook":{"Type":"Single","Start":2,"End":null},"TripleHook":{"Type":"Single","Start":3,"End":null},"BitePower":2,"Hookset":"Powerful","AveragePoints":35,"Stars":2,"TimeAvailability":{},"WeatherAvailability":{"FairSkies":true,"Clouds":true,"Fog":true,"Rain":true,"Showers":false,"ClearSkies":true},"Intuition":null,"Mooch":null},{"ItemId":32079,"CellType":"None","VoyageMissionType":"Crab","CanCauseSpectral":false,"RequiredBait":null,"BiteTimes":{"29714":{"Range":{"Type":"Range","Start":16,"End":26},"CellType":"BestOrRequired"},"29715":{"Range":{"Type":"Range","Start":16,"End":31},"CellType":"Usable"},"29716":{"Range":{"Type":"Range","Start":16,"End":31},"CellType":"Usable"},"29717":{"Range":{"Type":"Range","Start":19,"End":32},"CellType":"Usable"}},"DoubleHook":{"Type":"Single","Start":4,"End":null},"TripleHook":{"Type":"Single","Start":7,"End":null},"BitePower":1,"Hookset":"Precision","AveragePoints":28,"Stars":2,"TimeAvailability":{},"WeatherAvailability":{"FairSkies":true,"Clouds":true,"Fog":true,"Rain":true,"Showers":true,"ClearSkies":true},"Intuition":null,"Mooch":null},{"ItemId":32080,"CellType":"None","VoyageMissionType":"None","CanCauseSpectral":false,"RequiredBait":null,"BiteTimes":{"29714":{"Range":{"Type":"Range","Start":8,"End":11},"CellType":"Usable"},"29715":{"Range":{"Type":"Range","Start":3,"End":7},"CellType":"BestOrRequired"},"29716":{"Range":{"Type":"Range","Start":8,"End":11},"CellType":"Usable"},"29717":{"Range":{"Type":"Range","Start":8,"End":11},"CellType":"Usable"}},"DoubleHook":{"Type":"Single","Start":2,"End":null},"TripleHook":{"Type":"Single","Start":3,"End":null},"BitePower":1,"Hookset":"Precision","AveragePoints":30,"Stars":2,"TimeAvailability":{},"WeatherAvailability":{"FairSkies":true,"Clouds":false,"Fog":false,"Rain":true,"Showers":true,"ClearSkies":true},"Intuition":null,"Mooch":null},{"ItemId":32081,"CellType":"None","VoyageMissionType":"None","CanCauseSpectral":false,"RequiredBait":null,"BiteTimes":{"29714":{"Range":{"Type":"Range","Start":13,"End":21},"CellType":"Usable"},"29715":{"Range":{"Type":"Range","Start":13,"End":17},"CellType":"Usable"},"29716":{"Range":{"Type":"Range","Start":12,"End":20},"CellType":"BestOrRequired"},"29717":{"Range":{"Type":"Range","Start":15,"End":21},"CellType":"Usable"}},"DoubleHook":{"Type":"Single","Start":2,"End":null},"TripleHook":{"Type":"Single","Start":3,"End":null},"BitePower":2,"Hookset":"Powerful","AveragePoints":43,"Stars":3,"TimeAvailability":{},"WeatherAvailability":{"FairSkies":true,"Clouds":true,"Fog":true,"Rain":true,"Showers":true,"ClearSkies":true},"Intuition":null,"Mooch":null},{"ItemId":32082,"CellType":"None","VoyageMissionType":"None","CanCauseSpectral":false,"RequiredBait":null,"BiteTimes":{"29714":{"Range":{"Type":"Range","Start":12,"End":22},"CellType":"BestOrRequired"},"29715":{"Range":{"Type":"Range","Start":14,"End":23},"CellType":"Usable"},"29716":{"Range":{"Type":"Range","Start":14,"End":22},"CellType":"Usable"},"29717":{"Range":{"Type":"Range","Start":15,"End":22},"CellType":"Usable"}},"DoubleHook":{"Type":"Single","Start":2,"End":null},"TripleHook":{"Type":"Single","Start":3,"End":null},"BitePower":3,"Hookset":"Powerful","AveragePoints":49,"Stars":3,"TimeAvailability":{},"WeatherAvailability":{"FairSkies":true,"Clouds":true,"Fog":true,"Rain":true,"Showers":true,"ClearSkies":true},"Intuition":null,"Mooch":null},{"ItemId":32083,"CellType":"None","VoyageMissionType":"None","CanCauseSpectral":true,"RequiredBait":null,"BiteTimes":{"29714":{"Range":{"Type":"Range","Start":14,"End":21},"CellType":"Usable"},"29715":{"Range":{"Type":"Range","Start":14,"End":21},"CellType":"BestOrRequired"},"29716":{"Range":{"Type":"Range","Start":14,"End":21},"CellType":"Usable"},"29717":{"Range":{"Type":"Range","Start":15,"End":22},"CellType":"Usable"}},"DoubleHook":{"Type":"Single","Start":1,"End":null},"TripleHook":{"Type":"Single","Start":1,"End":null},"BitePower":3,"Hookset":"Powerful","AveragePoints":100,"Stars":4,"TimeAvailability":{},"WeatherAvailability":{"FairSkies":true,"Clouds":true,"Fog":true,"Rain":true,"Showers":true,"ClearSkies":false},"Intuition":null,"Mooch":null},{"ItemId":32084,"CellType":"Intuition","VoyageMissionType":"None","CanCauseSpectral":false,"RequiredBait":null,"BiteTimes":{"29715":{"Range":{"Type":"Range","Start":8,"End":14},"CellType":"BestOrRequired"}},"DoubleHook":{"Type":"Single","Start":1,"End":null},"TripleHook":{"Type":"Single","Start":1,"End":null},"BitePower":3,"Hookset":"Powerful","AveragePoints":326,"Stars":4,"TimeAvailability":{},"WeatherAvailability":{"FairSkies":true,"Clouds":true,"Fog":true,"Rain":true,"Showers":true,"ClearSkies":true},"Intuition":{"Fish":[{"Item1":32082,"Item2":1}],"Duration":60},"Mooch":null}]},{"Type":"BloodbrineSea","IsSpectral":true,"Fish":[{"ItemId":32085,"CellType":"None","VoyageMissionType":"Crab","CanCauseSpectral":false,"RequiredBait":null,"BiteTimes":{"29714":{"Range":{"Type":"Range","Start":2,"End":3},"CellType":"BestOrRequired"},"29715":{"Range":{"Type":"Range","Start":2,"End":3},"CellType":"Usable"},"29716":{"Range":{"Type":"Range","Start":2,"End":3},"CellType":"Usable"}},"DoubleHook":{"Type":"Single","Start":4,"End":null},"TripleHook":{"Type":"Single","Start":7,"End":null},"BitePower":1,"Hookset":"Precision","AveragePoints":102,"Stars":4,"TimeAvailability":{"Day":true,"Sunset":false,"Night":false},"WeatherAvailability":{},"Intuition":null,"Mooch":null},{"ItemId":32086,"CellType":"None","VoyageMissionType":"None","CanCauseSpectral":false,"RequiredBait":null,"BiteTimes":{"29714":{"Range":{"Type":"Range","Start":3,"End":4},"CellType":"Usable"},"29715":{"Range":{"Type":"Range","Start":3,"End":4},"CellType":"BestOrRequired"},"29716":{"Range":{"Type":"Range","Start":3,"End":4},"CellType":"Usable"}},"DoubleHook":{"Type":"Single","Start":2,"End":null},"TripleHook":{"Type":"Single","Start":3,"End":null},"BitePower":1,"Hookset":"Precision","AveragePoints":77,"Stars":4,"TimeAvailability":{"Day":true,"Sunset":true,"Night":true},"WeatherAvailability":{},"Intuition":null,"Mooch":null},{"ItemId":32087,"CellType":"None","VoyageMissionType":"None","CanCauseSpectral":false,"RequiredBait":null,"BiteTimes":{"29715":{"Range":{"Type":"Range","Start":5,"End":8},"CellType":"BestOrRequired"}},"DoubleHook":{"Type":"Single","Start":4,"End":null},"TripleHook":{"Type":"Single","Start":7,"End":null},"BitePower":2,"Hookset":"Powerful","AveragePoints":102,"Stars":4,"TimeAvailability":{"Day":false,"Sunset":false,"Night":true},"WeatherAvailability":{},"Intuition":null,"Mooch":null},{"ItemId":32088,"CellType":"None","VoyageMissionType":"None","CanCauseSpectral":false,"RequiredBait":null,"BiteTimes":{"29714":{"Range":{"Type":"Range","Start":3,"End":4},"CellType":"BestOrRequired"},"29715":{"Range":{"Type":"Range","Start":3,"End":4},"CellType":"Usable"},"29716":{"Range":{"Type":"Range","Start":3,"End":4},"CellType":"Usable"},"2587":{"Range":{"Type":"Range","Start":3,"End":4},"CellType":"Usable"}},"DoubleHook":{"Type":"Single","Start":2,"End":null},"TripleHook":{"Type":"Single","Start":3,"End":null},"BitePower":1,"Hookset":"Precision","AveragePoints":74,"Stars":4,"TimeAvailability":{"Day":true,"Sunset":true,"Night":true},"WeatherAvailability":{},"Intuition":null,"Mooch":null},{"ItemId":32089,"CellType":"None","VoyageMissionType":"None","CanCauseSpectral":false,"RequiredBait":null,"BiteTimes":{"29714":{"Range":{"Type":"Range","Start":2,"End":3},"CellType":"Usable"},"29715":{"Range":{"Type":"Range","Start":2,"End":3},"CellType":"BestOrRequired"},"29716":{"Range":{"Type":"Range","Start":2,"End":3},"CellType":"Usable"},"2587":{"Range":{"Type":"Range","Start":2,"End":3},"CellType":"BestOrRequired"}},"DoubleHook":{"Type":"Single","Start":4,"End":null},"TripleHook":{"Type":"Single","Start":7,"End":null},"BitePower":2,"Hookset":"Powerful","AveragePoints":77,"Stars":4,"TimeAvailability":{"Day":true,"Sunset":true,"Night":true},"WeatherAvailability":{},"Intuition":null,"Mooch":null},{"ItemId":32090,"CellType":"None","VoyageMissionType":"Crab","CanCauseSpectral":false,"RequiredBait":null,"BiteTimes":{"29714":{"Range":{"Type":"Range","Start":5,"End":8},"CellType":"BestOrRequired"}},"DoubleHook":{"Type":"Single","Start":4,"End":null},"TripleHook":{"Type":"Single","Start":7,"End":null},"BitePower":1,"Hookset":"Precision","AveragePoints":255,"Stars":4,"TimeAvailability":{"Day":true,"Sunset":false,"Night":false},"WeatherAvailability":{},"Intuition":null,"Mooch":null},{"ItemId":32091,"CellType":"None","VoyageMissionType":"None","CanCauseSpectral":false,"RequiredBait":null,"BiteTimes":{"29714":{"Range":{"Type":"Range","Start":3,"End":4},"CellType":"Usable"},"29715":{"Range":{"Type":"Range","Start":3,"End":4},"CellType":"Usable"},"29716":{"Range":{"Type":"Range","Start":3,"End":4},"CellType":"BestOrRequired"},"2587":{"Range":{"Type":"Range","Start":3,"End":4},"CellType":"Usable"}},"DoubleHook":{"Type":"Single","Start":2,"End":null},"TripleHook":{"Type":"Single","Start":3,"End":null},"BitePower":2,"Hookset":"Powerful","AveragePoints":92,"Stars":4,"TimeAvailability":{"Day":true,"Sunset":true,"Night":true},"WeatherAvailability":{},"Intuition":null,"Mooch":null},{"ItemId":32092,"CellType":"None","VoyageMissionType":"None","CanCauseSpectral":false,"RequiredBait":null,"BiteTimes":{"29714":{"Range":{"Type":"Range","Start":3,"End":4},"CellType":"Usable"},"29715":{"Range":{"Type":"Range","Start":3,"End":4},"CellType":"Usable"},"29716":{"Range":{"Type":"Range","Start":3,"End":4},"CellType":"BestOrRequired"},"2587":{"Range":{"Type":"Range","Start":3,"End":4},"CellType":"Usable"}},"DoubleHook":{"Type":"Single","Start":2,"End":null},"TripleHook":{"Type":"Single","Start":3,"End":null},"BitePower":3,"Hookset":"Powerful","AveragePoints":92,"Stars":4,"TimeAvailability":{"Day":true,"Sunset":true,"Night":true},"WeatherAvailability":{},"Intuition":null,"Mooch":null},{"ItemId":32093,"CellType":"None","VoyageMissionType":"None","CanCauseSpectral":false,"RequiredBait":null,"BiteTimes":{"29716":{"Range":{"Type":"Range","Start":7,"End":10},"CellType":"BestOrRequired"}},"DoubleHook":{"Type":"Single","Start":2,"End":null},"TripleHook":{"Type":"Single","Start":3,"End":null},"BitePower":3,"Hookset":"Powerful","AveragePoints":460,"Stars":4,"TimeAvailability":{"Day":true,"Sunset":true,"Night":true},"WeatherAvailability":{},"Intuition":null,"Mooch":null},{"ItemId":32094,"CellType":"Intuition","VoyageMissionType":"None","CanCauseSpectral":false,"RequiredBait":2587,"BiteTimes":{"2587":{"Range":{"Type":"LooseRange","Start":9,"End":null},"CellType":"BestOrRequired"}},"DoubleHook":{"Type":"Single","Start":1,"End":null},"TripleHook":{"Type":"Single","Start":1,"End":null},"BitePower":3,"Hookset":"Precision","AveragePoints":500,"Stars":5,"TimeAvailability":{"Day":true,"Sunset":false,"Night":false},"WeatherAvailability":{},"Intuition":{"Fish":[{"Item1":32089,"Item2":3}],"Duration":15},"Mooch":null}]},{"Type":"RothlytSound","IsSpectral":false,"Fish":[{"ItemId":32095,"CellType":"None","VoyageMissionType":"Fugu","CanCauseSpectral":false,"RequiredBait":null,"BiteTimes":{"29714":{"Range":{"Type":"Range","Start":3,"End":6},"CellType":"BestOrRequired"},"29715":{"Range":{"Type":"Range","Start":3,"End":6},"CellType":"Usable"},"29716":{"Range":{"Type":"Range","Start":3,"End":6},"CellType":"Usable"},"29717":{"Range":{"Type":"Range","Start":5,"End":9},"CellType":"Usable"}},"DoubleHook":{"Type":"Single","Start":2,"End":null},"TripleHook":{"Type":"Single","Start":3,"End":null},"BitePower":1,"Hookset":"Precision","AveragePoints":10,"Stars":1,"TimeAvailability":{},"WeatherAvailability":{"FairSkies":true,"Clouds":true,"Fog":true,"Thunder":true,"Thunderstorms":true,"ClearSkies":true},"Intuition":null,"Mooch":null},{"ItemId":32096,"CellType":"None","VoyageMissionType":"None","CanCauseSpectral":false,"RequiredBait":null,"BiteTimes":{"29714":{"Range":{"Type":"Range","Start":7,"End":11},"CellType":"BestOrRequired"},"29715":{"Range":{"Type":"Range","Start":7,"End":11},"CellType":"Usable"},"29716":{"Range":{"Type":"Range","Start":7,"End":11},"CellType":"Usable"},"29717":{"Range":{"Type":"Range","Start":8,"End":14},"CellType":"Usable"}},"DoubleHook":{"Type":"Range","Start":3,"End":4},"TripleHook":{"Type":"Range","Start":5,"End":7},"BitePower":1,"Hookset":"Precision","AveragePoints":10,"Stars":1,"TimeAvailability":{},"WeatherAvailability":{"FairSkies":true,"Clouds":true,"Fog":true,"Thunder":true,"Thunderstorms":true,"ClearSkies":true},"Intuition":null,"Mooch":null},{"ItemId":32097,"CellType":"None","VoyageMissionType":"None","CanCauseSpectral":false,"RequiredBait":null,"BiteTimes":{"29714":{"Range":{"Type":"Range","Start":7,"End":11},"CellType":"Usable"},"29715":{"Range":{"Type":"Range","Start":7,"End":11},"CellType":"BestOrRequired"},"29716":{"Range":{"Type":"Range","Start":7,"End":11},"CellType":"Usable"},"29717":{"Range":{"Type":"Range","Start":9,"End":13},"CellType":"Usable"}},"DoubleHook":{"Type":"Single","Start":2,"End":null},"TripleHook":{"Type":"Single","Start":3,"End":null},"BitePower":2,"Hookset":"Powerful","AveragePoints":13,"Stars":1,"TimeAvailability":{},"WeatherAvailability":{"FairSkies":true,"Clouds":true,"Fog":true,"Thunder":false,"Thunderstorms":false,"ClearSkies":true},"Intuition":null,"Mooch":null},{"ItemId":32098,"CellType":"None","VoyageMissionType":"Fugu","CanCauseSpectral":false,"RequiredBait":null,"BiteTimes":{"29714":{"Range":{"Type":"Range","Start":14,"End":23},"CellType":"BestOrRequired"},"29715":{"Range":{"Type":"Range","Start":14,"End":27},"CellType":"Usable"},"29716":{"Range":{"Type":"Range","Start":14,"End":27},"CellType":"Usable"},"29717":{"Range":{"Type":"Range","Start":17,"End":27},"CellType":"Usable"}},"DoubleHook":{"Type":"Single","Start":4,"End":null},"TripleHook":{"Type":"Single","Start":7,"End":null},"BitePower":1,"Hookset":"Precision","AveragePoints":29,"Stars":2,"TimeAvailability":{},"WeatherAvailability":{"FairSkies":true,"Clouds":true,"Fog":true,"Thunder":true,"Thunderstorms":true,"ClearSkies":true},"Intuition":null,"Mooch":null},{"ItemId":32099,"CellType":"None","VoyageMissionType":"None","CanCauseSpectral":false,"RequiredBait":null,"BiteTimes":{"29714":{"Range":{"Type":"Range","Start":16,"End":27},"CellType":"Usable"},"29715":{"Range":{"Type":"Range","Start":16,"End":27},"CellType":"Usable"},"29716":{"Range":{"Type":"Range","Start":13,"End":23},"CellType":"BestOrRequired"},"29717":{"Range":{"Type":"Range","Start":17,"End":27},"CellType":"Usable"}},"DoubleHook":{"Type":"Single","Start":2,"End":null},"TripleHook":{"Type":"Single","Start":3,"End":null},"BitePower":2,"Hookset":"Powerful","AveragePoints":29,"Stars":2,"TimeAvailability":{},"WeatherAvailability":{"FairSkies":true,"Clouds":false,"Fog":false,"Thunder":true,"Thunderstorms":true,"ClearSkies":true},"Intuition":null,"Mooch":null},{"ItemId":32100,"CellType":"None","VoyageMissionType":"None","CanCauseSpectral":false,"RequiredBait":null,"BiteTimes":{"29714":{"Range":{"Type":"Range","Start":12,"End":24},"CellType":"Usable"},"29715":{"Range":{"Type":"Range","Start":15,"End":25},"CellType":"Usable"},"29716":{"Range":{"Type":"Range","Start":12,"End":20},"CellType":"BestOrRequired"},"29717":{"Range":{"Type":"Range","Start":15,"End":24},"CellType":"Usable"}},"DoubleHook":{"Type":"Single","Start":2,"End":null},"TripleHook":{"Type":"Single","Start":3,"End":null},"BitePower":2,"Hookset":"Powerful","AveragePoints":36,"Stars":2,"TimeAvailability":{},"WeatherAvailability":{"FairSkies":true,"Clouds":true,"Fog":true,"Thunder":true,"Thunderstorms":false,"ClearSkies":true},"Intuition":null,"Mooch":null},{"ItemId":32101,"CellType":"None","VoyageMissionType":"None","CanCauseSpectral":false,"RequiredBait":null,"BiteTimes":{"29714":{"Range":{"Type":"Range","Start":11,"End":17},"CellType":"Usable"},"29715":{"Range":{"Type":"Range","Start":10,"End":15},"CellType":"BestOrRequired"},"29716":{"Range":{"Type":"Range","Start":12,"End":17},"CellType":"Usable"},"29717":{"Range":{"Type":"Range","Start":12,"End":16},"CellType":"Usable"}},"DoubleHook":{"Type":"Single","Start":2,"End":null},"TripleHook":{"Type":"Single","Start":3,"End":null},"BitePower":3,"Hookset":"Powerful","AveragePoints":44,"Stars":3,"TimeAvailability":{},"WeatherAvailability":{"FairSkies":true,"Clouds":true,"Fog":true,"Thunder":true,"Thunderstorms":true,"ClearSkies":true},"Intuition":null,"Mooch":null},{"ItemId":32102,"CellType":"None","VoyageMissionType":"None","CanCauseSpectral":false,"RequiredBait":null,"BiteTimes":{"29714":{"Range":{"Type":"Range","Start":16,"End":24},"CellType":"Usable"},"29715":{"Range":{"Type":"Range","Start":14,"End":23},"CellType":"BestOrRequired"},"29716":{"Range":{"Type":"Range","Start":15,"End":24},"CellType":"Usable"},"29717":{"Range":{"Type":"Range","Start":16,"End":23},"CellType":"Usable"}},"DoubleHook":{"Type":"Single","Start":2,"End":null},"TripleHook":{"Type":"Single","Start":3,"End":null},"BitePower":2,"Hookset":"Powerful","AveragePoints":44,"Stars":3,"TimeAvailability":{},"WeatherAvailability":{"FairSkies":true,"Clouds":true,"Fog":true,"Thunder":true,"Thunderstorms":true,"ClearSkies":true},"Intuition":null,"Mooch":null},{"ItemId":32103,"CellType":"None","VoyageMissionType":"None","CanCauseSpectral":true,"RequiredBait":null,"BiteTimes":{"29714":{"Range":{"Type":"Range","Start":16,"End":24},"CellType":"Usable"},"29715":{"Range":{"Type":"Range","Start":16,"End":24},"CellType":"Usable"},"29716":{"Range":{"Type":"Range","Start":16,"End":24},"CellType":"BestOrRequired"},"29717":{"Range":{"Type":"Range","Start":16,"End":24},"CellType":"Usable"}},"DoubleHook":{"Type":"Single","Start":1,"End":null},"TripleHook":{"Type":"Single","Start":1,"End":null},"BitePower":3,"Hookset":"Powerful","AveragePoints":100,"Stars":4,"TimeAvailability":{},"WeatherAvailability":{"FairSkies":true,"Clouds":true,"Fog":true,"Thunder":true,"Thunderstorms":true,"ClearSkies":false},"Intuition":null,"Mooch":null},{"ItemId":32104,"CellType":"Intuition","VoyageMissionType":"None","CanCauseSpectral":false,"RequiredBait":null,"BiteTimes":{"29714":{"Range":{"Type":"Range","Start":12,"End":18},"CellType":"BestOrRequired"}},"DoubleHook":{"Type":"Single","Start":1,"End":null},"TripleHook":{"Type":"Single","Start":1,"End":null},"BitePower":3,"Hookset":"Precision","AveragePoints":238,"Stars":4,"TimeAvailability":{},"WeatherAvailability":{"FairSkies":true,"Clouds":true,"Fog":true,"Thunder":true,"Thunderstorms":true,"ClearSkies":true},"Intuition":{"Fish":[{"Item1":32096,"Item2":3}],"Duration":60},"Mooch":null}]},{"Type":"RothlytSound","IsSpectral":true,"Fish":[{"ItemId":32105,"CellType":"None","VoyageMissionType":"Fugu","CanCauseSpectral":false,"RequiredBait":null,"BiteTimes":{"29714":{"Range":{"Type":"Range","Start":2,"End":3},"CellType":"BestOrRequired"},"29715":{"Range":{"Type":"Range","Start":2,"End":3},"CellType":"Usable"},"29716":{"Range":{"Type":"Range","Start":2,"End":3},"CellType":"Usable"}},"DoubleHook":{"Type":"Single","Start":4,"End":null},"TripleHook":{"Type":"Single","Start":7,"End":null},"BitePower":1,"Hookset":"Precision","AveragePoints":107,"Stars":4,"TimeAvailability":{"Day":true,"Sunset":false,"Night":true},"WeatherAvailability":{},"Intuition":null,"Mooch":null},{"ItemId":32106,"CellType":"Mooched","VoyageMissionType":"None","CanCauseSpectral":false,"RequiredBait":null,"BiteTimes":{"29714":{"Range":{"Type":"Range","Start":3,"End":4},"CellType":"Usable"},"29715":{"Range":{"Type":"Range","Start":3,"End":4},"CellType":"Usable"},"29716":{"Range":{"Type":"Range","Start":3,"End":4},"CellType":"BestOrRequired"},"32107":{"Range":{"Type":"Range","Start":3,"End":4},"CellType":"Usable"}},"DoubleHook":{"Type":"Single","Start":2,"End":null},"TripleHook":{"Type":"Single","Start":3,"End":null},"BitePower":2,"Hookset":"Powerful","AveragePoints":70,"Stars":4,"TimeAvailability":{"Day":true,"Sunset":true,"Night":true},"WeatherAvailability":{},"Intuition":null,"Mooch":null},{"ItemId":32107,"CellType":"Moochable","VoyageMissionType":"None","CanCauseSpectral":false,"RequiredBait":null,"BiteTimes":{"29714":{"Range":{"Type":"Range","Start":3,"End":4},"CellType":"BestOrRequired"},"29715":{"Range":{"Type":"Range","Start":3,"End":4},"CellType":"Usable"},"29716":{"Range":{"Type":"Range","Start":3,"End":4},"CellType":"Usable"}},"DoubleHook":{"Type":"Single","Start":2,"End":null},"TripleHook":{"Type":"Single","Start":3,"End":null},"BitePower":1,"Hookset":"Precision","AveragePoints":72,"Stars":4,"TimeAvailability":{"Day":true,"Sunset":true,"Night":true},"WeatherAvailability":{},"Intuition":null,"Mooch":null},{"ItemId":32108,"CellType":"Mooched","VoyageMissionType":"None","CanCauseSpectral":false,"RequiredBait":null,"BiteTimes":{"29714":{"Range":{"Type":"Range","Start":2,"End":3},"CellType":"Usable"},"29715":{"Range":{"Type":"Range","Start":2,"End":3},"CellType":"BestOrRequired"},"29716":{"Range":{"Type":"Range","Start":2,"End":3},"CellType":"Usable"},"32107":{"Range":{"Type":"Range","Start":2,"End":3},"CellType":"Usable"}},"DoubleHook":{"Type":"Single","Start":2,"End":null},"TripleHook":{"Type":"Single","Start":3,"End":null},"BitePower":2,"Hookset":"Powerful","AveragePoints":75,"Stars":4,"TimeAvailability":{"Day":true,"Sunset":true,"Night":true},"WeatherAvailability":{},"Intuition":null,"Mooch":null},{"ItemId":32109,"CellType":"None","VoyageMissionType":"Fugu","CanCauseSpectral":false,"RequiredBait":null,"BiteTimes":{"29715":{"Range":{"Type":"Range","Start":5,"End":6},"CellType":"BestOrRequired"}},"DoubleHook":{"Type":"Single","Start":4,"End":null},"TripleHook":{"Type":"Single","Start":7,"End":null},"BitePower":2,"Hookset":"Powerful","AveragePoints":237,"Stars":4,"TimeAvailability":{"Day":true,"Sunset":false,"Night":true},"WeatherAvailability":{},"Intuition":null,"Mooch":null},{"ItemId":32110,"CellType":"MoochOnly","VoyageMissionType":"None","CanCauseSpectral":false,"RequiredBait":null,"BiteTimes":{},"DoubleHook":{"Type":"Single","Start":2,"End":null},"TripleHook":{"Type":"Single","Start":3,"End":null},"BitePower":1,"Hookset":"Precision","AveragePoints":202,"Stars":4,"TimeAvailability":{"Day":true,"Sunset":true,"Night":true},"WeatherAvailability":{},"Intuition":null,"Mooch":{"RequiredBait":null,"Range":{"Type":"Range","Start":3,"End":5}}},{"ItemId":32111,"CellType":"Mooched","VoyageMissionType":"None","CanCauseSpectral":false,"RequiredBait":null,"BiteTimes":{"29716":{"Range":{"Type":"Range","Start":5,"End":7},"CellType":"BestOrRequired"},"32107":{"Range":{"Type":"Range","Start":7,"End":10},"CellType":"Usable"}},"DoubleHook":{"Type":"Single","Start":4,"End":null},"TripleHook":{"Type":"Single","Start":7,"End":null},"BitePower":2,"Hookset":"Powerful","AveragePoints":125,"Stars":4,"TimeAvailability":{"Day":true,"Sunset":false,"Night":false},"WeatherAvailability":{},"Intuition":null,"Mooch":null},{"ItemId":32112,"CellType":"None","VoyageMissionType":"None","CanCauseSpectral":false,"RequiredBait":null,"BiteTimes":{"29714":{"Range":{"Type":"Range","Start":5,"End":7},"CellType":"BestOrRequired"},"29715":{"Range":{"Type":"Range","Start":5,"End":7},"CellType":"Usable"},"29716":{"Range":{"Type":"Range","Start":5,"End":7},"CellType":"Usable"}},"DoubleHook":{"Type":"Single","Start":2,"End":null},"TripleHook":{"Type":"Single","Start":3,"End":null},"BitePower":1,"Hookset":"Precision","AveragePoints":72,"Stars":4,"TimeAvailability":{"Day":true,"Sunset":true,"Night":true},"WeatherAvailability":{},"Intuition":null,"Mooch":null},{"ItemId":32113,"CellType":"None","VoyageMissionType":"None","CanCauseSpectral":false,"RequiredBait":null,"BiteTimes":{"29715":{"Range":{"Type":"Range","Start":7,"End":10},"CellType":"BestOrRequired"}},"DoubleHook":{"Type":"Single","Start":2,"End":null},"TripleHook":{"Type":"Single","Start":3,"End":null},"BitePower":2,"Hookset":"Powerful","AveragePoints":465,"Stars":4,"TimeAvailability":{"Day":true,"Sunset":true,"Night":true},"WeatherAvailability":{},"Intuition":null,"Mooch":null},{"ItemId":32114,"CellType":"Intuition","VoyageMissionType":"None","CanCauseSpectral":false,"RequiredBait":null,"BiteTimes":{},"DoubleHook":{"Type":"Single","Start":1,"End":null},"TripleHook":{"Type":"Single","Start":1,"End":null},"BitePower":3,"Hookset":"Powerful","AveragePoints":500,"Stars":5,"TimeAvailability":{"Day":false,"Sunset":true,"Night":false},"WeatherAvailability":{},"Intuition":{"Fish":[{"Item1":32110,"Item2":1}],"Duration":45},"Mooch":{"RequiredBait":32107,"Range":{"Type":"LooseRange","Start":9,"End":null}}}]}]