{
  "Author": "Infi, mudcrab2142",
  "Name": "Diadem Calculator",
  "InternalName": "DiademCalculator",
  "AssemblyVersion": "1.1.4.0",
  "Description": "Calculates your current sessions points and scrip reward",
  "ApplicableVersion": "any",
  "RepoUrl": "https://github.com/Infiziert90/DiademCalculator",
  "Tags": [
    "Plugin",
    "Diadem",
    "Calculator",
    "Scrips",
    "Points",
    "Gathering"
  ],
  "DalamudApiLevel": 14,
  "LoadRequiredState": 0,
  "LoadSync": false,
  "CanUnloadAsync": false,
  "LoadPriority": 0,
  "Punchline": "Yet another useful calculator~",
  "AcceptsFeedback": true
}