{
  "Author": "keifufu",
  "Name": "JobTitles",
  "InternalName": "JobTitles",
  "AssemblyVersion": "0.1.1.0",
  "Description": "Changes your title based on the current job, with per-character settings.",
  "ApplicableVersion": "any",
  "RepoUrl": "https://github.com/keifufu/JobTitles",
  "Tags": [
    "Job",
    "Class",
    "Title"
  ],
  "DalamudApiLevel": 11,
  "LoadRequiredState": 0,
  "LoadSync": false,
  "CanUnloadAsync": false,
  "LoadPriority": 0,
  "Punchline": "No longer will you be an Archmage Monk, set a different title per job!",
  "AcceptsFeedback": true
}