{
  "Author": "Sylf",
  "Name": "Monster Loot Hunter",
  "InternalName": "MonsterLootHunter",
  "AssemblyVersion": "1.5.24.7",
  "Description": "A monster loot finder plugin.",
  "ApplicableVersion": "any",
  "RepoUrl": "https://github.com/danielbrenom/MonsterLootHunter",
  "Tags": [
    "material",
    "monster",
    "loot",
    "hunter",
    "finder"
  ],
  "DalamudApiLevel": 14,
  "LoadRequiredState": 0,
  "LoadSync": false,
  "CanUnloadAsync": false,
  "LoadPriority": 0,
  "Punchline": "Check where you can obtain materials.",
  "Changelog": "- Update for API 14\n- Loot data cache\n- Refactors on code",
  "AcceptsFeedback": true
}