{
  "Author": "Sylf",
  "Name": "Monster Loot Hunter",
  "InternalName": "MonsterLootHunter",
  "AssemblyVersion": "1.0.10.0",
  "Description": "Check where you can obtain a material from monsters, duties, crafting, gathering or where they can be bought from NPCs.",
  "ApplicableVersion": "any",
  "RepoUrl": "https://github.com/danielbrenom/MonsterLootHunter",
  "Tags": [
    "monster",
    "loot",
    "hunter",
    "finder"
  ],
  "DalamudApiLevel": 8,
  "LoadRequiredState": 0,
  "LoadSync": false,
  "LoadPriority": 0,
  "Punchline": "A monster loot finder plugin.",
  "Changelog": "- Added metal and stone materials\n- Internal plugin update",
  "AcceptsFeedback": true
}