{
  "Author": "Daniel Guiomarino",
  "Name": "Monster Loot Hunter",
  "InternalName": "MonsterLootHunter",
  "AssemblyVersion": "1.0.4.0",
  "Description": "Search for specific loot from monsters and NPCs and their location.",
  "ApplicableVersion": "any",
  "RepoUrl": "https://github.com/danielbrenom/MonsterLootHunter",
  "Tags": [
    "monster",
    "loot",
    "hunter",
    "finder"
  ],
  "DalamudApiLevel": 8,
  "LoadRequiredState": 0,
  "LoadSync": false,
  "LoadPriority": 0,
  "Punchline": "A monster loot finder plugin.",
  "Changelog": "- Search term on command\n- API version bump\n- NET 7\n",
  "AcceptsFeedback": true
}