{
  "Author": "Daniel Guiomarino",
  "Name": "Monster Loot Hunter",
  "InternalName": "MonsterLootHunter",
  "AssemblyVersion": "1.0.8.0",
  "Description": "Search for specific loot from monsters and NPCs and their location.",
  "ApplicableVersion": "any",
  "RepoUrl": "https://github.com/danielbrenom/MonsterLootHunter",
  "Tags": [
    "monster",
    "loot",
    "hunter",
    "finder"
  ],
  "DalamudApiLevel": 8,
  "LoadRequiredState": 0,
  "LoadSync": false,
  "LoadPriority": 0,
  "Punchline": "A monster loot finder plugin.",
  "Changelog": "- Cloth category added\n- Removed deprecated extraction\n- Duty drops added\n- Simple information for recipes, treasure maps, desynthesis and gathering\n- Plugin overhaul",
  "AcceptsFeedback": true
}