{
  "Author": "Sylf",
  "Name": "Monster Loot Hunter",
  "InternalName": "MonsterLootHunter",
  "AssemblyVersion": "1.0.20.4",
  "Description": "Check where you can obtain a material from monsters, duties, crafting, gathering or where they can be bought from NPCs.",
  "ApplicableVersion": "any",
  "RepoUrl": "https://github.com/danielbrenom/MonsterLootHunter",
  "Tags": [
    "material",
    "monster",
    "loot",
    "hunter",
    "finder"
  ],
  "DalamudApiLevel": 9,
  "LoadRequiredState": 0,
  "LoadSync": false,
  "CanUnloadAsync": false,
  "LoadPriority": 0,
  "Punchline": "Check where you can obtain materials.",
  "Changelog": "- Fixes gatherable items parsing\n- Fixes map linking for some items\n- Adds table resizing\n- Adds window resizing",
  "AcceptsFeedback": true
}