{
  "Text Command Description": {
    "message": "Effectue des commandes pour les presets prédéfinis. Utilisez \"{0}\" pour accéder à davantage de détails sur ce sujet.",
    "description": "Plugin.OnLanguageChanged"
  },
  "Text Command Response: Help - Subcommands": {
    "message": "Les commandes valides sont les suivantes : {0}, {1}, {2}, {3}, {4}, et {5}. Si aucune commande n'est renseignée, la bibliothèque de presets s'ouvrira. Tapez \"{6} <command>\" pour des informations détaillées sur les sous-commandes.",
    "description": "Plugin.ProcessTextCommand_Help"
  },
  "Text Command Response: Help - Config": {
    "message": "Ouvre la fenêtre de configuration.",
    "description": "Plugin.ProcessTextCommand_Help"
  },
  "Text Command Response: Help - Slot Info": {
    "message": "Affiche les données sauvegardées dans les emplacements du jeu dans la fenêtre de discussion. Utilisation : \"{0} <slot>\". Le numéro d'emplacement peut être n'importe quel emplacement du jeu valide.",
    "description": "Plugin.ProcessTextCommand_Help"
  },
  "Text Command Response: Help - Place": {
    "message": "Place les marqueurs d'un preset pré-enregistré avec le nom spécifié (si possible). Le nom DOIT être encadré par des guillemets. Un numéro d'index peut également être utilisé à la place du nom du preset, en omettant les guillemets. Utilisation : \"{0} <name>|<index>\". Le nom doit correspondre exactement (à part la casse). L'index peut être celui de n'importe quel numéro valide d'un preset existant dans la bibliothèque.",
    "description": "Plugin.ProcessTextCommand_Help"
  },
  "Text Command Response: Help - Import": {
    "message": "Copie vers la bibliothèque les marqueurs enregistrés depuis l'un des 5 emplacements de sauvegarde du jeu. Utilisation : \"{0} <slot>\". Le numéro de l'emplacement peut être celui de tout emplacement de sauvegarde du jeu valide. L'importation en ligne de commande d'un preset via chaîne de caractères n'est pas prise en charge du fait des limitations de la fenêtre de discussion du jeu.",
    "description": "Plugin.ProcessTextCommand_Help"
  },
  "Text Command Response: Help - Export": {
    "message": "Copie l'un des presets enregistrés dans la bibliothèque vers l'emplacement de sauvegarde du jeu spécifié *ou* vers le presse-papiers. Utilisation : \"{0} [{1}] [{2}] <slot|index> [slot]\". Le numéro de l'emplacement peut être celui de tout emplacement de sauvegarde du jeu valide. Le numéro d'index doit être celui de l'un des presets enregistrés dans la bibliothèque. L'option {3} indique que le premier nombre est un emplacement de jeu et non un index de la bibliothèque. L'option {4} permet d'ajouter la date de dernière modification aux données exportées vers le presse-papier.",
    "description": "Plugin.ProcessTextCommand_Help"
  },
  "Text Command Response: Help - Export All": {
    "message": "Copie tous les presets de la bibliothèque vers le presse-papiers, un par ligne. Ajoutez {0} si vous souhaitez que la date de dernière modification soit incluse.",
    "description": "Plugin.ProcessTextCommand_Help"
  },
  "Text Command Response: Help": {
    "message": "Utilisez \"{0}\" pour ouvrir l'interface graphique. Utilisez \"{1}\" pour une liste des commandes texte.",
    "description": "Plugin.ProcessTextCommand_Help"
  },
  "Text Command Response: Slot Info - Success 1": {
    "message": "Contenu du slot {0} :\n{1}",
    "description": "Plugin.ProcessTextCommand_SlotInfo"
  },
  "Text Command Response: Slot Info - Error 1": {
    "message": "Une erreur inconnue s'est produite en essayant de lire les données des marqueurs du jeu.",
    "description": "Plugin.ProcessTextCommand_SlotInfo"
  },
  "Text Command Response: Slot Info - Error 2": {
    "message": "Impossible de lire les données du jeu concernant les marqueurs.",
    "description": "Plugin.ProcessTextCommand_SlotInfo"
  },
  "Text Command Response: Slot Info - Error 3": {
    "message": "Un numéro d'emplacement invalide du jeu a été fourni.",
    "description": "Plugin.ProcessTextCommand_SlotInfo"
  },
  "Text Command Response: Place - Error 1": {
    "message": "Impossible de trouver le preset \"{0}\".",
    "description": "Plugin.ProcessTextCommand_Place"
  },
  "Text Command Response: Place - Error 2": {
    "message": "Numéro de preset invalide \"{0}\".",
    "description": "Plugin.ProcessTextCommand_Place"
  },
  "Text Command Response: Place - Error 3": {
    "message": "Une erreur inconnue est survenue durant le placement du preset {0}.",
    "description": "Plugin.ProcessTextCommand_Place"
  },
  "Text Command Response: Place - Error 4": {
    "message": "Numéro de preset invalide \"{0}\".",
    "description": "Plugin.ProcessTextCommand_Place"
  },
  "Text Command Response: Place - Error 5": {
    "message": "Impossible de placer le preset. Cela signifie probablement que le plugin doit être mis à jour pour une nouvelle version de FFXIV.",
    "description": "Plugin.ProcessTextCommand_Place"
  },
  "Text Command Response: Import - Success 1": {
    "message": "Marqueurs {0} du jeu importés en tant que preset {1} dans la bibliothèque.",
    "description": "Plugin.ProcessTextCommand_Import"
  },
  "Text Command Response: Import - Error 1": {
    "message": "Une erreur inconnue s'est produite en essayant de lire les données des marqueurs du jeu.",
    "description": "Plugin.ProcessTextCommand_Import"
  },
  "Text Command Response: Import - Error 2": {
    "message": "Impossible de lire les données des marqueurs. Cela signifie probablement que le plugin doit être mis à jour pour une nouvelle version de FFXIV.",
    "description": "Plugin.ProcessTextCommand_Import"
  },
  "Text Command Response: Import - Error 3": {
    "message": "Un numéro d'emplacement de sauvegarde du jeu invalide a été fourni : \"{0}\".",
    "description": "Plugin.ProcessTextCommand_Import"
  },
  "Text Command Response: Export - Error 1": {
    "message": "Aucun emplacement ou numéro d'index n'a été fourni.",
    "description": "Plugin.ProcessTextCommand_Export"
  },
  "Text Command Response: Export - Error 2": {
    "message": "Un numéro d'emplacement invalide du jeu ({0}) a été fourni.",
    "description": "Plugin.ProcessTextCommand_Export"
  },
  "Text Command Response: Export - Error 3": {
    "message": "Un numéro d'index de bibliothèque invalide ({0}) a été fourni.",
    "description": "Plugin.ProcessTextCommand_Export"
  },
  "Text Command Response: Export - Success 1": {
    "message": "Copié dans le presse-papiers.",
    "description": "Plugin.ProcessTextCommand_Export"
  },
  "Text Command Response: Export - Error 4": {
    "message": "Un numéro d'emplacement invalide du jeu ({0}) à exporter a été fourni.",
    "description": "Plugin.ProcessTextCommand_Export"
  },
  "Text Command Response: Export - Error 5": {
    "message": "Un numéro d'index de bibliothèque invalide ({0}) a été fourni.",
    "description": "Plugin.ProcessTextCommand_Export"
  },
  "Text Command Response: Export - Success 2": {
    "message": "Preset exporté vers l'emplacement de sauvegarde du jeu {0}.",
    "description": "Plugin.ProcessTextCommand_Export"
  },
  "Text Command Response: Export - Error 6": {
    "message": "Impossible d'écrire dans l'emplacement de sauvegarde du jeu {0} !",
    "description": "Plugin.ProcessTextCommand_Export"
  },
  "Text Command Response: Export - Error 7": {
    "message": "Le slot fourni du jeu numéro ({0}) est invalide.",
    "description": "Plugin.ProcessTextCommand_Export"
  },
  "Text Command Response: Export - Error 8": {
    "message": "Une erreur inconnue est survenue lors de l'export du preset.",
    "description": "Plugin.ProcessTextCommand_Export"
  },
  "Text Command Response: Export All - Success 1": {
    "message": "La bibliothèque de marqueurs a été copiée dans le presse-papiers.",
    "description": "Plugin.ProcessTextCommand_ExportAll"
  },
  "Text Command Response: Export All - Error 1": {
    "message": "Une erreur inconnue est survenue lors de la copie des presets vers le presse-papiers.",
    "description": "Plugin.ProcessTextCommand_ExportAll"
  },
  "Window Title: Debug Tools": {
    "message": "Outils de débogage",
    "description": "Window_Debug.Draw"
  },
  "Window Title: Preset Editor": {
    "message": "Éditeur de presets",
    "description": "Window_Editor.Draw"
  },
  "Edit Window Text: Name": {
    "message": "Nom : ",
    "description": "Window_Editor.Draw"
  },
  "Edit Window Text: Active Column Header": {
    "message": "Actif",
    "description": "Window_Editor.Draw"
  },
  "Drag and Drop Preview: Edit Swap Waymark": {
    "message": "Permuter le Marqueur {0} avec...",
    "description": "Window_Editor.Draw"
  },
  "Edit Window Text: Zone Dropdown Label": {
    "message": "Zone : ",
    "description": "Window_Editor.Draw"
  },
  "Edit Window Text: Zone Search Label": {
    "message": "Rechercher : ",
    "description": "Window_Editor.Draw"
  },
  "Button: Save": {
    "message": "Sauvegarder",
    "description": "Window_Editor.Draw"
  },
  "Button: Cancel": {
    "message": "Annuler",
    "description": "Window_Editor.Draw"
  },
  "Button: Map View": {
    "message": "Visualiser sur la carte",
    "description": "Window_Editor.Draw"
  },
  "Window Title: Waymark Help": {
    "message": "Aide de WaymarkPresetPlugin",
    "description": "Window_Help.Draw"
  },
  "Help Window Text: General 1": {
    "message": "Les presets listés dans ce plugin sont différents des marqueurs enregistrés en jeu dans ses emplacements de sauvegarde. Cela permet d'avoir autant de presets que vous le désirez, de les sauvegarder et de les partager facilement ou même d'importer des presets que d'autres joueurs ont partagé avec vous.",
    "description": "Window_Help.DrawHelpWindow_General"
  },
  "Help Window Text: General 2": {
    "message": "Sélectionner un preset dans la bibliothèque affichera des informations à son sujet dans une fenêtre additionnelle, comme l'emplacement des marqueurs, ainsi que les actions utilisables.",
    "description": "Window_Help.DrawHelpWindow_General"
  },
  "Help Window Text: General 3": {
    "message": "Sélectionnez un preset dans la bibliothèque et appuyez sur le bouton avec le numéro de l'emplacement de sauvegarde du jeu pour l'y copier. Pour importer une sauvegarde du jeu dans la bibliothèque, faites défiler vers le bas jusqu'à \"Options d'importation\" et appuyer sur le bouton de l'emplacement de sauvegarde que vous souhaitez importer depuis le jeu. C'est également depuis cet endroit qu'il est possible d'importer des presets depuis une source externe.",
    "description": "Window_Help.DrawHelpWindow_General"
  },
  "Help Window Text: General 4": {
    "message": "Pour partager un preset avec quelqu'un d'autre, sélectionnez-le dans la bibliothèque et appuyer sur le bouton \"Exporter vers le presse-papiers\".",
    "description": "Window_Help.DrawHelpWindow_General"
  },
  "Help Window Text: General 5": {
    "message": "Le plugin vous permet aussi de placer et sauvegarder des marqueurs directement depuis ou vers le champ de bataille en utilisant les boutons \"Placer\" et \"Sauver les marqueurs actuels\". Veuillez noter que cela n'est possible que dans les zones où le jeu vous permet déjà de sauvegarder des marqueurs avec son système intégré. Si vous sauvegardez des marqueurs dans toute autre zone, le preset en résultant sera assigné à une zone inconnue. Tenter de placer des presets en dehors des missions où cela est permis ne fonctionnera pas.",
    "description": "Window_Help.DrawHelpWindow_General"
  },
  "Help Window Text: General 6": {
    "message": "Il est possible de changer l'ordre des presets dans la bibliothèque en les faisant glisser à l'endroit souhaité. Par défaut, les missions sont classées dans la bibliothèque dans le même ordre qu'elles le sont dans les fichiers du jeu, ce qui correspond plus ou moins à l'ordre dans lequel elles ont été ajoutées au jeu. Au besoin, les missions peuvent être réorganisées via glisser-déposer. Si vous changez l'ordre par défaut, les missions nouvellement découvertes après une mise à jour apparaîtra à la fin de la liste.",
    "description": "Window_Help.DrawHelpWindow_General"
  },
  "Help Window Text: Editing 1": {
    "message": "Le bouton \"Éditer\" dans le volet d'information des presets ouvre une fenêtre vous permettant de modifier des marqueurs. Vous pouvez ajuster tous les paramètres disponibles et glisser-déposer des marqueurs par dessus d'autres marqueurs pour échanger leurs positions. Vous pouvez également faire glisser des points depuis le calculateur circulaire sur un marqueur dans la fenêtre d'édition pour remplacer ses coordonnées par celles du calculateur.",
    "description": "Window_Help.DrawHelpWindow_Editing"
  },
  "Help Window Text: Editing 2": {
    "message": "Les modifications apportées dans la fenêtre d'édition ne sont appliquées qu'après avoir cliqué sur le bouton \"Sauvegarder\".",
    "description": "Window_Help.DrawHelpWindow_Editing"
  },
  "Help Window Text: Maps 1": {
    "message": "La fenêtre \"Vue de la carte\" affiche une copie de la ou des cartes disponibles pour la mission sélectionnée. Tous les marqueurs placés sont affichés sur la carte. Si une zone a plusieurs sous-carte, vous pouvez basculer entre elles grâce au menu déroulant en bas à droite de la fenêtre. Les coordonnées de la carte correspondant à la position de votre curseur sur la carte sont affichées en bas à droite de la fenêtre. Merci de lire l'onglet \"Coordonnées\" de cette fenêtre d'aide si vous souhaitez en savoir plus sur le système de coordonnées du jeu et comment elles sont présentées en jeu au joueur.",
    "description": "Window_Help.DrawHelpWindow_Maps"
  },
  "Help Window Text: Maps 2": {
    "message": "Lors de l'édition d'un preset, vous pouvez faire glisser les icônes de marqueurs sur la carte pour ajuster leurs positions. Pendant cette opération, les coordonnées affichées sont celles du marqueurs et non celle de la souris. Veuillez noter qu'il n'est pas recommandé d'utiliser cette méthode pour modifier les marqueurs dans les zones dont le sol n'est pas plat, car il est impossible d'ajuster automatiquement la coordonnée Y pour correspondre à l'élévation du terrain.",
    "description": "Window_Help.DrawHelpWindow_Maps"
  },
  "Help Window Text: Maps 3": {
    "message": "Veuiilez noter également que le plugin ne peut pas pour le moment déterminer quels marqueurs correspondent à quelle sous-carte. Tous les marqueurs sont donc affichés à leur position sur toutes les sous-cartes (à condition qu'ils se trouvent dans les limites de la carte). Pour certains cas exceptionnels (comme par exemple e12s), la sous-carte par défaut n'est pas celle sur laquelle vous entrez en commençant la mission. Il faudra donc choisir manuellement la bonne sous-carte.",
    "description": "Window_Help.DrawHelpWindow_Maps"
  },
  "Help Window Text: Coordinates 1": {
    "message": "Systèmes de coordonnées :",
    "description": "Window_Help.DrawHelpWindow_Coordinates"
  },
  "Help Window Text: Coordinates 2": {
    "message": "Le système de coordonnées 3D du jeu utilise la règle de la main droite, l'axe X allant de l'ouest à l'est, l'axe Y du bas vers le haut et l'axe Z du nord au sud. Le système de coordonnées utilisé sur les cartes est une projection en 2D du plan XZ, avec l'axe X orienté d'ouest en est et l'axe Y du nord au sud. Ce plugin utilise le système de coordonnées du jeu, comme montré dans le schéma ci-dessous :",
    "description": "Window_Help.DrawHelpWindow_Coordinates"
  },
  "Circle Computer Text: Instructions 1": {
    "message": "Ce calculateur détermine les points équidistants sur un cercle à partir des paramètres fournis. Vous pouvez ensuite faire glisser ces points vers l'éditeur de marqueurs prédéfinis pour remplacer tous les marqueurs par les points calculés ou utiliser les boutons en bas de ce panneau.",
    "description": "Window_Help.DrawHelpWindow_CircleCalculator"
  },
  "Circle Computer Text: Center Position": {
    "message": "Position du centre",
    "description": "Window_Help.DrawHelpWindow_CircleCalculator"
  },
  "Circle Computer Text: Radius": {
    "message": "Rayon (y)",
    "description": "Window_Help.DrawHelpWindow_CircleCalculator"
  },
  "Circle Computer Text: Number of Points": {
    "message": "Nombre de points",
    "description": "Window_Help.DrawHelpWindow_CircleCalculator"
  },
  "Circle Computer Text: Angle Offset": {
    "message": "Angle de décalage (deg)",
    "description": "Window_Help.DrawHelpWindow_CircleCalculator"
  },
  "Drag and Drop Preview: Circle Computer Waymark": {
    "message": "Copier les coordonnées vers...",
    "description": "Window_Help.DrawHelpWindow_CircleCalculator"
  },
  "Button: Copy Points from Circle Computer": {
    "message": "Copier ces points dans l'éditeur",
    "description": "Window_Help.DrawHelpWindow_CircleCalculator"
  },
  "Button: Create Preset from Circle Computer": {
    "message": "Créer un nouveau preset utilisant ces points",
    "description": "Window_Help.DrawHelpWindow_CircleCalculator"
  },
  "Default Preset Name - Circle Computer": {
    "message": "Importé depuis le Calculateur Circulaire",
    "description": "Window_Help.DrawHelpWindow_CircleCalculator"
  },
  "Header: Help Window Page - General": {
    "message": "Général",
    "description": "HelpWindowPageExtensions.GetTranslatedName"
  },
  "Header: Help Window Page - Editing": {
    "message": "Édition",
    "description": "HelpWindowPageExtensions.GetTranslatedName"
  },
  "Header: Help Window Page - Maps": {
    "message": "Cartes",
    "description": "HelpWindowPageExtensions.GetTranslatedName"
  },
  "Header: Help Window Page - Coordinates": {
    "message": "Coordonnées",
    "description": "HelpWindowPageExtensions.GetTranslatedName"
  },
  "Header: Help Window Page - Circle Calculator": {
    "message": "Calculateur Circulaire",
    "description": "HelpWindowPageExtensions.GetTranslatedName"
  },
  "Window Title: Preset Info": {
    "message": "Informations sur le Preset",
    "description": "Window_InfoPane.Draw"
  },
  "Info Pane Text: Copy to Slot Label": {
    "message": "Copier vers le slot :",
    "description": "Window_InfoPane.Draw"
  },
  "Button: Place": {
    "message": "Placer",
    "description": "Window_InfoPane.Draw"
  },
  "Info Pane Text: Preset Info Label": {
    "message": "Informations du preset :",
    "description": "Window_InfoPane.Draw"
  },
  "Info Pane Text: Waymark Column Header": {
    "message": "Marque au sol",
    "description": "Window_InfoPane.Draw"
  },
  "Info Pane Text: Unused Waymark": {
    "message": "Inutilisé",
    "description": "Window_InfoPane.Draw"
  },
  "Info Pane Text: Zone Label": {
    "message": "Zone : {0}",
    "description": "Window_InfoPane.Draw"
  },
  "Info Pane Text: Last Modified Label": {
    "message": "Dernière modif. : {0}",
    "description": "Window_InfoPane.Draw"
  },
  "Button: Export to Clipboard": {
    "message": "Exporter vers le presse-papiers",
    "description": "Window_InfoPane.Draw"
  },
  "Button: Edit": {
    "message": "Éditer",
    "description": "Window_InfoPane.Draw"
  },
  "Button: Delete": {
    "message": "Supprimer",
    "description": "Window_InfoPane.Draw"
  },
  "Info Pane Text: Confirm Delete Label": {
    "message": "Confirmer la suppression : ",
    "description": "Window_InfoPane.Draw"
  },
  "Button: Yes": {
    "message": "Oui",
    "description": "Window_InfoPane.Draw"
  },
  "Button: No": {
    "message": "Non",
    "description": "Window_InfoPane.Draw"
  },
  "Info Pane Text: No Preset Selected": {
    "message": "Aucun preset n'est sélectionné.",
    "description": "Window_InfoPane.Draw"
  },
  "Window Title: Waymark Library": {
    "message": "Bibliothèque de Marques au sol",
    "description": "Window_Library.Draw"
  },
  "Config Option: Filter on Current Zone": {
    "message": "Filtrer la zone actuelle",
    "description": "Window_Library.Draw"
  },
  "Button: Save Current Waymarks": {
    "message": "Sauver les marqueurs actuels",
    "description": "Window_Library.Draw"
  },
  "Library Window Text: Zone Search Label": {
    "message": "Rechercher une zone",
    "description": "Window_Library.Draw"
  },
  "Main Window Text: No Presets Found": {
    "message": "Aucun preset ne correspond au filtre actuel.",
    "description": "Window_Library.Draw"
  },
  "Header: Presets": {
    "message": "Presets",
    "description": "Window_Library.Draw"
  },
  "Main Window Text: Library Empty": {
    "message": "La bibliothèque de presets est vide !",
    "description": "Window_Library.Draw"
  },
  "Header: Import Options": {
    "message": "Options d'importation",
    "description": "Window_Library.Draw"
  },
  "Header: Export and Backup Options": {
    "message": "Options d'exportation & de sauvegarde",
    "description": "Window_Library.Draw"
  },
  "Drag and Drop Preview: Moving Preset": {
    "message": "Déplacer : ",
    "description": "Window_Library.DrawPresetsForZone"
  },
  "Drag and Drop Preview: Move to Bottom": {
    "message": "<Placer en dernier>",
    "description": "Window_Library.DrawPresetsForZone"
  },
  "Drag and Drop Preview: Moving Zone": {
    "message": "Déplacer : ",
    "description": "Window_Library.DoZoneDragAndDrop"
  },
  "Drag and Drop Preview: Move to Top": {
    "message": "<Déplacer au début>",
    "description": "Window_Library.DrawZoneDragDropTopOrBottomPlaceholder"
  },
  "Text Box Prompt: Import": {
    "message": "Collez un preset ici et cliquez sur \"Importer\".",
    "description": "Window_Library.DrawImportSection"
  },
  "Button: Import": {
    "message": "Importer",
    "description": "Window_Library.DrawImportSection"
  },
  "Main Window Text: Import from Game Slot Label": {
    "message": "Ou importez depuis un slot du jeu : ",
    "description": "Window_Library.DrawImportSection"
  },
  "Main Window Text: Preset Resources Link": {
    "message": "Où trouver des presets pouvant être importés",
    "description": "Window_Library.DrawImportSection"
  },
  "Button: Export All Presets to Clipboard": {
    "message": "Exporter tous les presets vers le presse-papiers",
    "description": "Window_Library.DrawExportSection"
  },
  "Button: Backup Current Config": {
    "message": "Sauvegarder la configuration actuelle",
    "description": "Window_Library.DrawExportSection"
  },
  "Help: Backup Current Config": {
    "message": "Copie le fichier de configuration actuel dans un dossier de sauvegarde à l'intérieur du répertoire \"pluginConfigs\" de Dalamud.",
    "description": "Window_Library.DrawExportSection"
  },
  "Window Title: Map View": {
    "message": "Visualisation de la Carte",
    "description": "Window_Map.Draw"
  },
  "Window Title: Map View (Editing)": {
    "message": "Visualisation de la Carte - Édition",
    "description": "Window_Map.Draw"
  },
  "Map Window Text: No Maps Available": {
    "message": "Aucune carte n'est disponible pour cette zone.",
    "description": "Window_Map.Draw"
  },
  "Map Window Text: Unnamed Submap Placeholder": {
    "message": "Sous-carte sans nom {0}",
    "description": "Window_Map.Draw"
  },
  "Map Window Text: Loading Maps": {
    "message": "Chargement de(s) carte(s) de la zone.",
    "description": "Window_Map.Draw"
  },
  "Map Window Text: Unknown Zone": {
    "message": "Zone inconnue : aucune carte n'est disponible.",
    "description": "Window_Map.Draw"
  },
  "Map Window Text: No Preset Selected": {
    "message": "Aucun preset n'est sélectionné",
    "description": "Window_Map.Draw"
  },
  "Window Title: Config": {
    "message": "Paramètres de Waymark Preset Plugin",
    "description": "Window_Settings.Draw"
  },
  "Config Option: Always Show Info Pane": {
    "message": "Toujours afficher le panneau d'info des presets.",
    "description": "Window_Settings.Draw"
  },
  "Config Option: Clicking Preset Unselects": {
    "message": "Cliquer sur un preset déjà sélectionné le désélectionne.",
    "description": "Window_Settings.Draw"
  },
  "Config Option: Categorize Presets by Zone": {
    "message": "Classer les presets par zone.",
    "description": "Window_Settings.Draw"
  },
  "Config Option: Open and Close with Game Window": {
    "message": "Ouvrir et fermer la bibliothèque en même temps que la fenêtre de marqueurs du jeu.",
    "description": "Window_Settings.Draw"
  },
  "Config Option: Attach to Game Window": {
    "message": "Attacher la fenêtre de la bibliothèque à la fenêtre en jeu des Marqueurs au sol.",
    "description": "Window_Settings.Draw"
  },
  "Config Option: Show ID in Zone Names": {
    "message": "Affiche l'identifiant des zones à côté de leur nom.",
    "description": "Window_Settings.Draw"
  },
  "Help: Show ID in Zone Names": {
    "message": "Affiche à certains endroits l'identifiant de la zone / mission utilisé par l'outil de mission. Généralement utilisé à des fins de débogage.",
    "description": "Window_Settings.Draw"
  },
  "Config Option: Show Preset Indices": {
    "message": "Affiche le numéro d'index du preset dans la bibliothèque.",
    "description": "Window_Settings.Draw"
  },
  "Help: Show Preset Indices": {
    "message": "Utile principalement si vous souhaitez connaître l'index d'un preset pour l'utiliser dans une commande texte. Vous pouvez laisser cette option désactivée si vous n'utilisez que l'interface graphique.",
    "description": "Window_Settings.Draw"
  },
  "Config Option: Allow Preset Drag and Drop": {
    "message": "Permettre la réorganisation des presets via glisser-déposer.",
    "description": "Window_Settings.Draw"
  },
  "Config Option: Allow Zone Drag and Drop": {
    "message": "Permettre la réorganisation des zones via glisser-déposer.",
    "description": "Window_Settings.Draw"
  },
  "Help: Allow Zone Drag and Drop": {
    "message": "Si cette option est activée, vous pouvez changer l'ordre des dossiers de presets lorsqu'ils sont triés par zone. Les nouvelles zones seront ajoutées à la fin de la liste. Cette option n'a pas d'effet si l'option \"Classer les presets par zone\" est désactivée.",
    "description": "Window_Settings.Draw"
  },
  "Config Option: Sort Zones Descending": {
    "message": "Trier les zones par ordre décroissant (la plus récente en haut).",
    "description": "Window_Settings.Draw"
  },
  "Help: Sort Zones Descending": {
    "message": "Lorsque cette case est cochée, les zones seront triées grosso modo (le classement des zones par SE n'est pas parfait) de la plus récente à la plus ancienne. Si l'option \"Permettre la réorganisation des zones par glisser-déposer\" est également activée, les nouvelles zones seront ajoutées en haut de la liste (le reste restant dans le même ordre en dessous).",
    "description": "Window_Settings.Draw"
  },
  "Config Option: Show Library Zone Filter Search Box": {
    "message": "Affiche un champ de recherche pour filtrer l'affichage des zones dans la fenêtre de la bibliothèque.",
    "description": "Window_Settings.Draw"
  },
  "Help: Show Library Zone Filter Search Box": {
    "message": "Lorsque cette option est activée, un champ de recherche est affiché en haut de la fenêtre de la bibliothèque permettant de filtrer les zones affichées. Cette option n'a pas d'effet si l'option \"Classer les groupes de marqueurs par zone\" est désactivée.",
    "description": "Window_Settings.Draw"
  },
  "Config Option: Autoload Presets from Libarary": {
    "message": "Charger automatiquement les presets depuis la bibliothèque.",
    "description": "Window_Settings.Draw"
  },
  "Help: Autoload presets from Library": {
    "message": "Charge automatiquement les cinq premiers presets disponibles pour une zone lorsque vous y entrez. CECI ÉCRASERA LE CONTENU DES EMPLACEMENTS DE JEU SANS AVERTISSEMENT, merci de n'activer cette option qu'après avoir sauvegardé les données que vous souhaiteriez garder. Envisagez d'activer l'option d'importation automatique ci-dessous pour réduire le risque de perte de presets.",
    "description": "Window_Settings.Draw"
  },
  "Config Option: Autosave Presets to Library": {
    "message": "Sauvegarder automatiquement les presets dans la bibliothèque.",
    "description": "Window_Settings.Draw"
  },
  "Help: Autosave Presets to Library": {
    "message": "Copie automatiquement les marqueurs actuellement sauvegardés dans le jeu vers la bibliothèque à la sortie d'une instance.",
    "description": "Window_Settings.Draw"
  },
  "Config Option: Suppress Text Command Responses": {
    "message": "Masque la sortie des commandes texte (sauf celle de \"{0}\").",
    "description": "Window_Settings.Draw"
  },
  "Button: Clear All Map View Data": {
    "message": "Effacer toutes les données d'affichage des cartes",
    "description": "Window_Settings.Draw"
  },
  "Help: Clear All Map View Data": {
    "message": "Réinitialise les paramètres personnalisés des cartes à leurs valeurs par défaut, incluant leur orientation, leur niveau de zoom et les sous-cartes.",
    "description": "Window_Settings.Draw"
  },
  "Settings Window Text: Confirm Delete Label": {
    "message": "Confirmer la suppression : ",
    "description": "Window_Settings.Draw"
  },
  "Button: Clear All Zone Sort Data": {
    "message": "Effacer toutes les données de tri des zones",
    "description": "Window_Settings.Draw"
  },
  "Help: Clear All Zone Sort Data": {
    "message": "Supprime tout ordre personnalisé des zones dans la fenêtre de la bibliothèque et applique l'ordre de tri par défaut.",
    "description": "Window_Settings.Draw"
  },
  "Button: Save and Close": {
    "message": "Sauvegarder et fermer",
    "description": "Window_Settings.Draw"
  },
  "Button: Show Library": {
    "message": "Afficher la bibliothèque",
    "description": "Window_Settings.Draw"
  },
  "Waymark Status: Unused": {
    "message": "Inutilisé",
    "description": "Waymark.GetWaymarkDataString"
  },
  "Preset Info Error: Zone Name 1": {
    "message": "Erreur lors de la récupération du nom de la zone !",
    "description": "WaymarkPreset.GetPresetDataString"
  },
  "Preset Info Label: Zone": {
    "message": "Zone : ",
    "description": "WaymarkPreset.GetPresetDataString"
  },
  "Preset Info Label: Last Modified": {
    "message": "Dernière modif. : ",
    "description": "WaymarkPreset.GetPresetDataString"
  },
  "Default Preset Name": {
    "message": "Nouveau preset",
    "description": "WaymarkPreset.get_DefaultPresetName"
  },
  "Default Preset Name (Imported)": {
    "message": "Importé",
    "description": "WaymarkPresetLibrary.ImportPreset"
  },
  "Export Preset Fallback Error": {
    "message": "Index invalide demandé pour l'exportation d'un preset. Aucun preset n'existe à l'index {0}.",
    "description": "WaymarkPresetLibrary.ExportPreset"
  }
}