{
  "Author": "d87",
  "Name": "BigPlayerDebuffs",
  "InternalName": "BigPlayerDebuffs",
  "AssemblyVersion": "1.1.0.10",
  "Description": "Scales up buffs/debuffs applied by you on Target Status frames",
  "ApplicableVersion": "any",
  "RepoUrl": "https://github.com/rgd87/BigPlayerDebuffs",
  "Tags": [
    "Buff",
    "Debuff",
    "Scale",
    "Interface"
  ],
  "DalamudApiLevel": 10,
  "LoadRequiredState": 0,
  "LoadSync": false,
  "CanUnloadAsync": false,
  "LoadPriority": 0,
  "ImageUrls": [
    "https://raw.githubusercontent.com/rgd87/BigPlayerDebuffs/master/images/image1.png"
  ],
  "IconUrl": "https://raw.githubusercontent.com/rgd87/BigPlayerDebuffs/master/images/icon.png",
  "Punchline": "Larger personal debuffs",
  "Changelog": "* v1.1.0.9\n * 6.5 Dalamud Update\n",
  "AcceptsFeedback": true
}