{
  "Author": "MidoriKami",
  "Name": "VanillaPlus",
  "InternalName": "VanillaPlus",
  "AssemblyVersion": "1.0.3.0",
  "Description": "This plugin is primarily focused on various UI adjustments, behavior adjustments, and adding new native elements to the game.",
  "ApplicableVersion": "any",
  "Tags": [
    "UI"
  ],
  "DalamudApiLevel": 13,
  "LoadRequiredState": 0,
  "LoadSync": false,
  "CanUnloadAsync": false,
  "LoadPriority": 0,
  "Punchline": "A collection of various game modifications",
  "AcceptsFeedback": false
}