{
  "Author": "MidoriKami",
  "Name": "VanillaPlus",
  "InternalName": "VanillaPlus",
  "AssemblyVersion": "1.2.0.8",
  "Description": "This plugin is primarily focused on various UI adjustments, behavior adjustments, and adding new native elements to the game",
  "ApplicableVersion": "any",
  "RepoUrl": "https://github.com/MidoriKami/VanillaPlus",
  "Tags": [
    "ui"
  ],
  "DalamudApiLevel": 14,
  "LoadRequiredState": 0,
  "LoadSync": false,
  "CanUnloadAsync": false,
  "LoadPriority": 0,
  "Punchline": "A collection of various game modifications",
  "AcceptsFeedback": false
}