{
  "Author": "pinapelz",
  "Name": "Malmstone Calculator",
  "InternalName": "Malmstone",
  "AssemblyVersion": "1.0.8.2",
  "Description": "A PVP Series Malmstones Level Calculator",
  "ApplicableVersion": "any",
  "Tags": [
    "pvp",
    "malmstone",
    "series",
    "calculator"
  ],
  "DalamudApiLevel": 14,
  "LoadRequiredState": 0,
  "LoadSync": false,
  "CanUnloadAsync": false,
  "LoadPriority": 0,
  "Punchline": "Keep tabs on how much more PVP you have to play before unlocking your next Series Malmstone reward!",
  "AcceptsFeedback": true
}