{
  "Author": "Tischel",
  "Name": "TPie",
  "InternalName": "TPie",
  "AssemblyVersion": "1.8.2.0",
  "Description": "Highly configurable hotbars that can be toggled with a keybind. They can be filled with Actions, Items, Gear Sets, Macros and more...",
  "ApplicableVersion": "any",
  "RepoUrl": "https://github.com/Tischel/TPie",
  "Tags": [
    "UI"
  ],
  "DalamudApiLevel": 9,
  "LoadRequiredState": 0,
  "LoadSync": false,
  "CanUnloadAsync": false,
  "LoadPriority": 0,
  "Punchline": "Customizable ring-shaped hotbars",
  "Changelog": "# 1.8.2.0\n\n- The Escape key can now be used to close a ring with a toggable keybind.\n- Added a setting for rings with toggable keybinds to not execute the hovered action when closed.",
  "AcceptsFeedback": true
}