{
  "Author": "Rietty",
  "Name": "AutoMammet",
  "InternalName": "AutoMammet",
  "AssemblyVersion": "1.2.0.0",
  "Description": "Provides an easy copy and pastable CSV format you can use for island sanctuary spreadsheets. Provides options to export the popularity, future popularity and the current cycle's demand and shift values. Both as words and as numbers on a scale of -2 to 2. This plugin does not provide any calculations for Island Sanctuary, merely an export option for your ingame data.",
  "ApplicableVersion": "any",
  "Tags": [
    "island sanctuary",
    "plugin",
    "helper",
    "export",
    "simple"
  ],
  "DalamudApiLevel": 7,
  "LoadPriority": 0,
  "Punchline": "Provides an easy copy and pastable CSV format you can use for island sanctuary spreadsheets."
}