{
  "Author": "ascclemens",
  "Name": "ExtraChat",
  "InternalName": "ExtraChat",
  "AssemblyVersion": "1.3.1.0",
  "Description": "ExtraChat adds end-to-end encrypted, cross-data-centre, unlimited linkshells\nto the game.",
  "ApplicableVersion": "any",
  "RepoUrl": "https://git.annaclemens.io/ascclemens/ExtraChat",
  "DalamudApiLevel": 8,
  "LoadRequiredState": 0,
  "LoadSync": false,
  "LoadPriority": 0,
  "Punchline": "Cross-data-centre linkshells with unlimited members.",
  "AcceptsFeedback": false,
  "FeedbackMessage": "Submit only bugs to https://github.com/ascclemens/plugin-issues"
}