{
  "Author": "Anna",
  "Name": "ExtraChat",
  "InternalName": "ExtraChat",
  "AssemblyVersion": "1.3.7.0",
  "Description": "ExtraChat adds end-to-end encrypted, cross-data-centre, unlimited linkshells\nto the game.",
  "ApplicableVersion": "any",
  "RepoUrl": "https://git.anna.lgbt/anna/ExtraChat",
  "DalamudApiLevel": 11,
  "LoadRequiredState": 0,
  "LoadSync": false,
  "CanUnloadAsync": false,
  "LoadPriority": 0,
  "Punchline": "Cross-data-centre linkshells with unlimited members.",
  "AcceptsFeedback": false,
  "FeedbackMessage": "Submit only bugs to https://github.com/lojewalo/plugin-issues"
}