{
  "Author": "Rül Hölos",
  "Name": "Bartender",
  "InternalName": "Bartender",
  "AssemblyVersion": "1.1.8.2",
  "Description": "Save and load hotbar profiles with chat commands and/or macros.\nAllows for automation too!",
  "ApplicableVersion": "any",
  "RepoUrl": "https://github.com/RulHolos/Bartender",
  "Tags": [
    "qol",
    "hotbar",
    "ui",
    "menu"
  ],
  "DalamudApiLevel": 14,
  "LoadRequiredState": 0,
  "LoadSync": false,
  "CanUnloadAsync": false,
  "LoadPriority": 0,
  "IconUrl": "https://github.com/RulHolos/Bartender/blob/master/Bartender/images/icon.png",
  "Punchline": "Save and load hotbars into profiles, re-use them later, profit.",
  "AcceptsFeedback": true
}