{
  "Author": "Infi",
  "Name": "Tracky",
  "InternalName": "TrackyTrack",
  "AssemblyVersion": "1.6.5.0",
  "Description": "Tracking data is fun",
  "ApplicableVersion": "any",
  "RepoUrl": "https://github.com/Infiziert90/TrackyTrack",
  "Tags": [
    "Desynthesis",
    "Venture Coffer",
    "Gacha",
    "Tracker",
    "Tracking",
    "Data",
    "Repair",
    "Teleport",
    "Eureka",
    "Retainer"
  ],
  "DalamudApiLevel": 14,
  "LoadRequiredState": 0,
  "LoadSync": false,
  "CanUnloadAsync": false,
  "LoadPriority": 0,
  "Punchline": "Tracking data is fun",
  "AcceptsFeedback": true
}