{
  "Author": "Infi",
  "Name": "Tracky Track",
  "InternalName": "TrackyTrack",
  "AssemblyVersion": "1.3.0.9",
  "Description": "### Normal Functions \n+ Track currency increase\n+ Track teleport and npc repair costs\n+ Track desynthesis results\n+ Track retainer ventures\n\n### Advanced  Functions\n+ Track different coffer rewards\n  - Venture Coffer\n  - Materiel Container 3.0\n  - Materiel Container 4.0\n  - Sanctuary Materiel Container\n+ Track Eureka bunny rewards\n+ Track Eureka/Bozja lockboxes",
  "ApplicableVersion": "any",
  "Tags": [
    "Desynthesis",
    "Venture Coffer",
    "Gacha",
    "Tracker",
    "Tracking",
    "Data",
    "Repair",
    "Teleport",
    "Eureka",
    "Retainer"
  ],
  "DalamudApiLevel": 9,
  "LoadRequiredState": 0,
  "LoadSync": false,
  "CanUnloadAsync": false,
  "LoadPriority": 0,
  "Punchline": "Tracking data is fun",
  "AcceptsFeedback": true
}