{
  "Author": "Attick",
  "Name": "XIV Combo",
  "InternalName": "XIVCombo",
  "AssemblyVersion": "1.7.23.0",
  "Description": "This plugin condenses combos and mutually exclusive abilities onto a single button. /pcombo to open menu",
  "ApplicableVersion": "any",
  "RepoUrl": "https://github.com/attickdoor/XivComboPlugin",
  "Tags": [
    "Combo"
  ],
  "DalamudApiLevel": 8,
  "LoadRequiredState": 0,
  "LoadSync": false,
  "LoadPriority": 0,
  "Punchline": "PvP, but in PvE!",
  "AcceptsFeedback": true
}