[
    {
        "BaseId": 24284,
        "Stack": [
            {
                "Item1": "UI Mouseover",
                "Item2": 24284
            },
            {
                "Item1": "Target",
                "Item2": 24284
            }
        ],
        "Modifier": 0,
        "JobIdx": 40
    },
    {
        "BaseId": 24287,
        "Stack": [
            {
                "Item1": "UI Mouseover",
                "Item2": 24287
            },
            {
                "Item1": "Target",
                "Item2": 24287
            }
        ],
        "Modifier": 0,
        "JobIdx": 40
    },
    {
        "BaseId": 24285,
        "Stack": [
            {
                "Item1": "UI Mouseover",
                "Item2": 24285
            },
            {
                "Item1": "Target",
                "Item2": 24285
            }
        ],
        "Modifier": 0,
        "JobIdx": 40
    },
    {
        "BaseId": 24296,
        "Stack": [
            {
                "Item1": "UI Mouseover",
                "Item2": 24296
            },
            {
                "Item1": "Target",
                "Item2": 24296
            }
        ],
        "Modifier": 0,
        "JobIdx": 40
    },
    {
        "BaseId": 24303,
        "Stack": [
            {
                "Item1": "UI Mouseover",
                "Item2": 24303
            },
            {
                "Item1": "Target",
                "Item2": 24303
            }
        ],
        "Modifier": 0,
        "JobIdx": 40
    },
    {
        "BaseId": 24305,
        "Stack": [
            {
                "Item1": "UI Mouseover",
                "Item2": 24305
            },
            {
                "Item1": "Target",
                "Item2": 24305
            }
        ],
        "Modifier": 0,
        "JobIdx": 40
    },
    {
        "BaseId": 24317,
        "Stack": [
            {
                "Item1": "UI Mouseover",
                "Item2": 24317
            },
            {
                "Item1": "Target",
                "Item2": 24317
            }
        ],
        "Modifier": 0,
        "JobIdx": 40
    }
]