{
  "Author": "ItsLunaYup",
  "Name": "High FPS Physics Fix",
  "InternalName": "HighFpsPhysicsPlugin",
  "AssemblyVersion": "9.0.0.0",
  "Description": "Simple plugin that divides the physics' refresh rate, making physics (kinda) work at high fps.",
  "ApplicableVersion": "any",
  "RepoUrl": "https://github.com/ItsLunaYup/xivlauncher_physics_plugin",
  "Tags": [
    "plugin",
    "jank",
    "graphics"
  ],
  "DalamudApiLevel": 14,
  "LoadRequiredState": 0,
  "LoadSync": false,
  "CanUnloadAsync": false,
  "LoadPriority": 0,
  "Punchline": "Reduces the refresh rate of movement physics, \"fixing\" it at high fps.",
  "AcceptsFeedback": true
}