{
  "Author": "Haplo064",
  "Name": "Pixel Perfect",
  "InternalName": "PixelPerfect",
  "AssemblyVersion": "3.1.0.0",
  "Description": "Showing exactly where to stand since 2020.",
  "ApplicableVersion": "any",
  "RepoUrl": "https://github.com/Haplo064/PixelPerfect",
  "Tags": [
    "Hitbox",
    "Overlay",
    "Indicator"
  ],
  "DalamudApiLevel": 10,
  "LoadRequiredState": 0,
  "LoadSync": false,
  "CanUnloadAsync": false,
  "LoadPriority": 0,
  "ImageUrls": [
    "https://raw.githubusercontent.com/Haplo064/PixelPerfect/master/images/image1.png",
    "https://raw.githubusercontent.com/Haplo064/PixelPerfect/master/images/image2.png",
    "https://raw.githubusercontent.com/Haplo064/PixelPerfect/master/images/image3.png"
  ],
  "IconUrl": "https://raw.githubusercontent.com/Haplo064/PixelPerfect/master/images/icon.png",
  "Punchline": "Reveals your hitbox, with customisable features.",
  "AcceptsFeedback": true
}