{
  "Author": "karashiiro",
  "Name": "SoundSetter",
  "InternalName": "SoundSetter",
  "AssemblyVersion": "1.11.0.0",
  "Description": "A Dalamud plugin that allows volume control from anywhere, including gpose and cutscenes.",
  "ApplicableVersion": "any",
  "RepoUrl": "https://github.com/karashiiro/SoundSetter",
  "Tags": [
    "tool",
    "sound",
    "volume",
    "control"
  ],
  "DalamudApiLevel": 12,
  "LoadRequiredState": 0,
  "LoadSync": false,
  "CanUnloadAsync": false,
  "LoadPriority": 0,
  "IconUrl": "https://raw.githubusercontent.com/karashiiro/SoundSetter/master/Assets/icon.png",
  "Punchline": "A Dalamud plugin that allows volume control from anywhere, including gpose and cutscenes.",
  "AcceptsFeedback": true
}