{
  "Author": "shdwp, Avaflow, abashby, nebel",
  "Name": "Party Icons",
  "InternalName": "PartyIcons",
  "AssemblyVersion": "1.2.3.3",
  "Description": "PartyIcons plugin",
  "ApplicableVersion": "any",
  "RepoUrl": "https://github.com/nebel/xivPartyIcons",
  "Tags": [
    "UI"
  ],
  "DalamudApiLevel": 14,
  "LoadRequiredState": 0,
  "LoadSync": false,
  "CanUnloadAsync": false,
  "LoadPriority": 0,
  "Punchline": "Replace names with job icons, raid role positions and more!",
  "AcceptsFeedback": true
}