{
  "Author": "daemitus",
  "Name": "ezWondrousTails",
  "InternalName": "WondrousTailsSolver",
  "AssemblyVersion": "2.3.0.0",
  "Description": "This plugin prints the probability of getting a row in Wondrous Tails to the in-game display along with the average probability of what would happen if you shuffled.",
  "ApplicableVersion": "any",
  "RepoUrl": "https://github.com/daemitus/WondrousTailsSolver",
  "DalamudApiLevel": 9,
  "LoadRequiredState": 0,
  "LoadSync": false,
  "CanUnloadAsync": false,
  "LoadPriority": 0,
  "ImageUrls": [
    "https://raw.githubusercontent.com/daemitus/WondrousTailsSolver/master/res/image1.png"
  ],
  "IconUrl": "https://raw.githubusercontent.com/daemitus/WondrousTailsSolver/master/res/icon.png",
  "Punchline": "Adds row probabilities to the Wondrous Tails display.",
  "AcceptsFeedback": true
}