{
  "Author": "Cytraen",
  "Name": "Seated Sidekick Spectator",
  "InternalName": "SeatedSidekickSpectator",
  "AssemblyVersion": "1.0.0.0",
  "Description": "Adds chat or toast notifications whenever someone enters or exits your mount.",
  "ApplicableVersion": "any",
  "RepoUrl": "https://github.com/Cytraen/SeatedSidekickSpectator",
  "Tags": [
    "utility"
  ],
  "CategoryTags": [
    "Utility"
  ],
  "DalamudApiLevel": 12,
  "LoadRequiredState": 0,
  "LoadSync": false,
  "CanUnloadAsync": false,
  "LoadPriority": 0,
  "Punchline": "Get notified when someone enters or exits your mount!",
  "Changelog": "- Update for 7.2",
  "AcceptsFeedback": true
}