{
  "Author": "img02",
  "Name": "Hunt Helper",
  "InternalName": "HuntHelper",
  "AssemblyVersion": "1.0.0.29",
  "Description": "Hunt map with spawns points, A-Rank train recorder (w/ export/import sharing), TTS, Chat notifications, Counters for S-Rank Spawns",
  "ApplicableVersion": "any",
  "RepoUrl": "https://github.com/img02/HuntHelper",
  "Tags": [
    "hunt",
    "radar",
    "the hunt",
    "train",
    "s rank",
    "map",
    "mob"
  ],
  "DalamudApiLevel": 12,
  "LoadRequiredState": 0,
  "LoadSync": false,
  "CanUnloadAsync": false,
  "LoadPriority": 0,
  "ImageUrls": [
    "https://raw.githubusercontent.com/img02/HuntHelper/main/Images/image1.png",
    "https://raw.githubusercontent.com/img02/HuntHelper/main/Images/image2.png",
    "https://raw.githubusercontent.com/img02/HuntHelper/main/Images/image3.png",
    "https://raw.githubusercontent.com/img02/HuntHelper/main/Images/image4.png"
  ],
  "IconUrl": "https://raw.githubusercontent.com/img02/HuntHelper/main/Images/icon.png",
  "Punchline": "basically a hunt radar + train recorder + notifications + s rank utils +++.",
  "AcceptsFeedback": true
}