{
  "Author": "nopjmp, Jessidhia, PGGB",
  "Name": "DeviceChangeFix",
  "InternalName": "DeviceChangeFix",
  "AssemblyVersion": "2.0.8.2",
  "Description": "An FF14-Plugin that stops controller input from freezing on device changes",
  "ApplicableVersion": "any",
  "RepoUrl": "https://github.com/MKhayle/DeviceChangeFix",
  "Tags": [
    "fix",
    "gamepad"
  ],
  "DalamudApiLevel": 14,
  "LoadRequiredState": 0,
  "LoadSync": false,
  "CanUnloadAsync": false,
  "LoadPriority": 0,
  "Punchline": "Stops controller input from freezing randomly.",
  "AcceptsFeedback": true
}