{
  "Author": "Olaren",
  "Name": "Easy Translate",
  "InternalName": "EasyTranslate.DalamudPlugin",
  "AssemblyVersion": "4.1.0.0",
  "Description": "Search anything and get the translations in other languages.\nUse /et to open the ui or /et <search term> to search directly!",
  "ApplicableVersion": "any",
  "RepoUrl": "https://github.com/Olaren15/ffxiv-easy-translate",
  "Tags": [
    "utility",
    "social",
    "other",
    "translate",
    "translation",
    "english",
    "french",
    "german",
    "japanese"
  ],
  "DalamudApiLevel": 11,
  "LoadRequiredState": 0,
  "LoadSync": false,
  "CanUnloadAsync": false,
  "LoadPriority": 0,
  "Punchline": "Translate anything!",
  "AcceptsFeedback": true
}