<?xml version="1.0"?>
<doc>
    <assembly>
        <name>PriceCheck</name>
    </assembly>
    <members>
        <member name="T:PriceCheck.PluginConfig">
            <summary>
            Plugin configuration class used for dalamud.
            </summary>
        </member>
        <member name="P:PriceCheck.PluginConfig.Version">
            <inheritdoc/>
        </member>
        <member name="T:PriceCheck.PriceCheckConfig">
            <summary>
            Sample plugin configuration.
            </summary>
        </member>
        <member name="P:PriceCheck.PriceCheckConfig.RequestTimeout">
            <summary>
            Gets or sets the request timeout to universalis.
            </summary>
        </member>
        <member name="P:PriceCheck.PriceCheckConfig.FreshInstall">
            <summary>
            Gets or sets a value indicating whether this is a fresh install of the plugin.
            </summary>
        </member>
        <member name="P:PriceCheck.PriceCheckConfig.Enabled">
            <summary>
            Gets or sets a value indicating whether plugin is enabled.
            </summary>
        </member>
        <member name="P:PriceCheck.PriceCheckConfig.PriceMode">
            <summary>
            Gets or sets the price mode to use for calculation.
            </summary>
        </member>
        <member name="P:PriceCheck.PriceCheckConfig.ShowPrices">
            <summary>
            Gets or sets a value indicating whether to show prices.
            </summary>
        </member>
        <member name="P:PriceCheck.PriceCheckConfig.AllowKeybindAfterHover">
            <summary>
            Gets or sets a value indicating whether to allow keybind trigger after item hover.
            </summary>
        </member>
        <member name="P:PriceCheck.PriceCheckConfig.RestrictInCombat">
            <summary>
            Gets or sets a value indicating whether to prevent price checks in combat.
            </summary>
        </member>
        <member name="P:PriceCheck.PriceCheckConfig.RestrictInContent">
            <summary>
            Gets or sets a value indicating whether to prevent price checks in content.
            </summary>
        </member>
        <member name="P:PriceCheck.PriceCheckConfig.HoverDelay">
            <summary>
            Gets or sets a value for the hover delay before price check is triggered.
            </summary>
        </member>
        <member name="P:PriceCheck.PriceCheckConfig.ShowOverlay">
            <summary>
            Gets or sets a value indicating whether to show overlay.
            </summary>
        </member>
        <member name="P:PriceCheck.PriceCheckConfig.ShowOverlayOnLogin">
            <summary>
            Gets or sets a value indicating whether to show overlay on login.
            </summary>
        </member>
        <member name="P:PriceCheck.PriceCheckConfig.ShowOverlayByKeybind">
            <summary>
            Gets or sets a value indicating whether to show overlay on login.
            </summary>
        </member>
        <member name="P:PriceCheck.PriceCheckConfig.ShowKeybindInTitleBar">
            <summary>
            Gets or sets a value indicating whether to show keybind in title bar.
            </summary>
        </member>
        <member name="P:PriceCheck.PriceCheckConfig.UseOverlayColors">
            <summary>
            Gets or sets a value indicating whether to use overlay colors.
            </summary>
        </member>
        <member name="P:PriceCheck.PriceCheckConfig.MaxItemsInOverlay">
            <summary>
            Gets or sets the max number of items to show in overlay.
            </summary>
        </member>
        <member name="P:PriceCheck.PriceCheckConfig.ShowToast">
            <summary>
            Gets or sets a value indicating whether to show price checks in toasts.
            </summary>
        </member>
        <member name="P:PriceCheck.PriceCheckConfig.ShowInChat">
            <summary>
            Gets or sets a value indicating whether to show price checks in chat.
            </summary>
        </member>
        <member name="P:PriceCheck.PriceCheckConfig.UseChatColors">
            <summary>
            Gets or sets a value indicating whether to use colors in chat.
            </summary>
        </member>
        <member name="P:PriceCheck.PriceCheckConfig.UseItemLinks">
            <summary>
            Gets or sets a value indicating whether to use item links in chat.
            </summary>
        </member>
        <member name="P:PriceCheck.PriceCheckConfig.KeybindEnabled">
            <summary>
            Gets or sets a value indicating whether to require key bind to trigger price check.
            </summary>
        </member>
        <member name="P:PriceCheck.PriceCheckConfig.ModifierKey">
            <summary>
            Gets or sets the modifier key for key bind.
            </summary>
        </member>
        <member name="P:PriceCheck.PriceCheckConfig.PrimaryKey">
            <summary>
            Gets or sets the primary key for key bind.
            </summary>
        </member>
        <member name="P:PriceCheck.PriceCheckConfig.MinPrice">
            <summary>
            Gets or sets the minimum price to show.
            </summary>
        </member>
        <member name="P:PriceCheck.PriceCheckConfig.MaxUploadDays">
            <summary>
            Gets or sets the maximum number of upload days.
            </summary>
        </member>
        <member name="P:PriceCheck.PriceCheckConfig.HideOverlayElapsed">
            <summary>
            Gets or sets the number of milliseconds to hide overlay after use.
            </summary>
        </member>
        <member name="P:PriceCheck.PriceCheckConfig.ShowContextMenu">
            <summary>
            Gets or sets a value indicating whether context menu items should be enabled.
            </summary>
        </member>
        <member name="P:PriceCheck.PriceCheckConfig.ChatChannel">
            <summary>
            Gets or sets chat channel to use for price check messages.
            </summary>
        </member>
        <member name="P:PriceCheck.PriceCheckConfig.ShowSuccessInOverlay">
            <summary>
            Gets or sets a value indicating whether to show Success in overlay.
            </summary>
        </member>
        <member name="P:PriceCheck.PriceCheckConfig.ShowFailedToProcessInOverlay">
            <summary>
            Gets or sets a value indicating whether to show FailedToProcess in overlay.
            </summary>
        </member>
        <member name="P:PriceCheck.PriceCheckConfig.ShowFailedToGetDataInOverlay">
            <summary>
            Gets or sets a value indicating whether to show FailedToGetData in overlay.
            </summary>
        </member>
        <member name="P:PriceCheck.PriceCheckConfig.ShowNoDataAvailableInOverlay">
            <summary>
            Gets or sets a value indicating whether to show NoDataAvailable in overlay.
            </summary>
        </member>
        <member name="P:PriceCheck.PriceCheckConfig.ShowNoRecentDataAvailableInOverlay">
            <summary>
            Gets or sets a value indicating whether to show RecentDataAvailable in overlay.
            </summary>
        </member>
        <member name="P:PriceCheck.PriceCheckConfig.ShowBelowVendorInOverlay">
            <summary>
            Gets or sets a value indicating whether to show BelowVendor in overlay.
            </summary>
        </member>
        <member name="P:PriceCheck.PriceCheckConfig.ShowBelowMinimumInOverlay">
            <summary>
            Gets or sets a value indicating whether to show BelowMinimum in overlay.
            </summary>
        </member>
        <member name="P:PriceCheck.PriceCheckConfig.ShowUnmarketableInOverlay">
            <summary>
            Gets or sets a value indicating whether to show Unmarketable in overlay.
            </summary>
        </member>
        <member name="P:PriceCheck.PriceCheckConfig.ShowSuccessInChat">
            <summary>
            Gets or sets a value indicating whether to show Success in chat.
            </summary>
        </member>
        <member name="P:PriceCheck.PriceCheckConfig.ShowFailedToProcessInChat">
            <summary>
            Gets or sets a value indicating whether to show FailedToProcess in chat.
            </summary>
        </member>
        <member name="P:PriceCheck.PriceCheckConfig.ShowFailedToGetDataInChat">
            <summary>
            Gets or sets a value indicating whether to show FailedToGetData in chat.
            </summary>
        </member>
        <member name="P:PriceCheck.PriceCheckConfig.ShowNoDataAvailableInChat">
            <summary>
            Gets or sets a value indicating whether to show NoDataAvailable in chat.
            </summary>
        </member>
        <member name="P:PriceCheck.PriceCheckConfig.ShowNoRecentDataAvailableInChat">
            <summary>
            Gets or sets a value indicating whether to show RecentDataAvailable in chat.
            </summary>
        </member>
        <member name="P:PriceCheck.PriceCheckConfig.ShowBelowVendorInChat">
            <summary>
            Gets or sets a value indicating whether to show BelowVendor in chat.
            </summary>
        </member>
        <member name="P:PriceCheck.PriceCheckConfig.ShowBelowMinimumInChat">
            <summary>
            Gets or sets a value indicating whether to show BelowMinimum in chat.
            </summary>
        </member>
        <member name="P:PriceCheck.PriceCheckConfig.ShowUnmarketableInChat">
            <summary>
            Gets or sets a value indicating whether to show Unmarketable in chat.
            </summary>
        </member>
        <member name="T:PriceCheck.ItemResult">
            <summary>
            Result of conducting price check on item.
            </summary>
        </member>
        <member name="T:PriceCheck.MarketBoardData">
            <summary>
            Market board data for a given item.
            </summary>
        </member>
        <member name="P:PriceCheck.MarketBoardData.LastCheckTime">
            <summary>
            Gets or sets last time price was checked.
            </summary>
        </member>
        <member name="P:PriceCheck.MarketBoardData.LastUploadTime">
            <summary>
            Gets or sets last time price was checked.
            </summary>
        </member>
        <member name="P:PriceCheck.MarketBoardData.AveragePriceNQ">
            <summary>
            Gets or sets the average price (NQ).
            </summary>
        </member>
        <member name="P:PriceCheck.MarketBoardData.AveragePriceHQ">
            <summary>
            Gets or sets the average price (HQ).
            </summary>
        </member>
        <member name="P:PriceCheck.MarketBoardData.CurrentAveragePriceNQ">
            <summary>
            Gets or sets the current average price (NQ).
            </summary>
        </member>
        <member name="P:PriceCheck.MarketBoardData.CurrentAveragePriceHQ">
            <summary>
            Gets or sets the current average price (HQ).
            </summary>
        </member>
        <member name="P:PriceCheck.MarketBoardData.MinimumPriceNQ">
            <summary>
            Gets or sets the minimum price (NQ).
            </summary>
        </member>
        <member name="P:PriceCheck.MarketBoardData.MinimumPriceHQ">
            <summary>
            Gets or sets the minimum price (HQ).
            </summary>
        </member>
        <member name="P:PriceCheck.MarketBoardData.MaximumPriceNQ">
            <summary>
            Gets or sets the maximum price (NQ).
            </summary>
        </member>
        <member name="P:PriceCheck.MarketBoardData.MaximumPriceHQ">
            <summary>
            Gets or sets the maximum price (HQ).
            </summary>
        </member>
        <member name="P:PriceCheck.MarketBoardData.CurrentMinimumPrice">
            <summary>
            Gets or sets the current minimum price.
            </summary>
        </member>
        <member name="T:PriceCheck.ModifierKey">
            <summary>
            Modifier key for key binds.
            </summary>
        </member>
        <member name="F:PriceCheck.ModifierKey.Names">
            <summary>
            Modifier key names.
            </summary>
        </member>
        <member name="T:PriceCheck.ModifierKey.Enum">
            <summary>
            Modifier key enum.
            </summary>
        </member>
        <member name="F:PriceCheck.ModifierKey.Enum.VkShift">
            <summary>
            Shift key.
            </summary>
        </member>
        <member name="F:PriceCheck.ModifierKey.Enum.VkTab">
            <summary>
            Tab key.
            </summary>
        </member>
        <member name="M:PriceCheck.ModifierKey.EnumToIndex(PriceCheck.ModifierKey.Enum)">
            <summary>
            Convert enum to index.
            </summary>
            <param name="value">modifier key enum.</param>
            <returns>modifier key index.</returns>
        </member>
        <member name="M:PriceCheck.ModifierKey.IndexToEnum(System.Int32)">
            <summary>
            Convert index to enum.
            </summary>
            <param name="i">modifier key index.</param>
            <returns>modifier key enum.</returns>
        </member>
        <member name="T:PriceCheck.PricedItem">
            <summary>
            Item with pricing data.
            </summary>
        </member>
        <member name="P:PriceCheck.PricedItem.ItemId">
            <summary>
            Gets or sets parsed item id.
            </summary>
        </member>
        <member name="P:PriceCheck.PricedItem.LastUpdated">
            <summary>
            Gets or sets a value indicating price check time.
            </summary>
        </member>
        <member name="P:PriceCheck.PricedItem.IsHQ">
            <summary>
            Gets or sets a value indicating whether item is HQ.
            </summary>
        </member>
        <member name="P:PriceCheck.PricedItem.IsMarketable">
            <summary>
            Gets or sets a value indicating whether item is marketable.
            </summary>
        </member>
        <member name="P:PriceCheck.PricedItem.ItemName">
            <summary>
            Gets or sets the item name.
            </summary>
        </member>
        <member name="P:PriceCheck.PricedItem.VendorPrice">
            <summary>
            Gets or sets the vendor price.
            </summary>
        </member>
        <member name="P:PriceCheck.PricedItem.Result">
            <summary>
            Gets or sets the price check result.
            </summary>
        </member>
        <member name="P:PriceCheck.PricedItem.MarketPrice">
            <summary>
            Gets or sets a value for market price.
            </summary>
        </member>
        <member name="P:PriceCheck.PricedItem.Message">
            <summary>
            Gets or sets the message to show in chat.
            </summary>
        </member>
        <member name="P:PriceCheck.PricedItem.ChatColor">
            <summary>
            Gets or sets the color for chat messages.
            </summary>
        </member>
        <member name="P:PriceCheck.PricedItem.OverlayColor">
            <summary>
            Gets or sets the color for overlay messages.
            </summary>
        </member>
        <member name="P:PriceCheck.PricedItem.WorldId">
            <summary>
            Gets or sets the world id this item was checked on.
            </summary>
        </member>
        <member name="T:PriceCheck.PriceMode">
            <summary>
            PriceMode enum.
            </summary>
        </member>
        <member name="F:PriceCheck.PriceMode.PriceModes">
            <summary>
            List of price modes.
            </summary>
        </member>
        <member name="F:PriceCheck.PriceMode.PriceModeNames">
            <summary>
            List of price mode names.
            </summary>
        </member>
        <member name="F:PriceCheck.PriceMode.AveragePrice">
            <summary>
            Price mode: historical average.
            </summary>
        </member>
        <member name="F:PriceCheck.PriceMode.CurrentAveragePrice">
            <summary>
            Price mode: current average.
            </summary>
        </member>
        <member name="F:PriceCheck.PriceMode.MinimumPrice">
            <summary>
            Price mode: minimum price.
            </summary>
        </member>
        <member name="F:PriceCheck.PriceMode.MaximumPrice">
            <summary>
            Price mode: maximum price.
            </summary>
        </member>
        <member name="F:PriceCheck.PriceMode.CurrentMinimumPrice">
            <summary>
            Price mode: current minimum price.
            </summary>
        </member>
        <member name="M:PriceCheck.PriceMode.#ctor">
            <summary>
            Initializes a new instance of the <see cref="T:PriceCheck.PriceMode"/> class.
            </summary>
        </member>
        <member name="P:PriceCheck.PriceMode.Index">
            <summary>
            Gets or sets price mode index.
            </summary>
        </member>
        <member name="P:PriceCheck.PriceMode.Name">
            <summary>
            Gets or sets price mode name.
            </summary>
        </member>
        <member name="P:PriceCheck.PriceMode.Description">
            <summary>
            Gets or sets price mode description.
            </summary>
        </member>
        <member name="M:PriceCheck.PriceMode.GetPriceModeByIndex(System.Int32)">
            <summary>
            Find price mode by index.
            </summary>
            <param name="index">price mode index.</param>
            <returns>price mode.</returns>
        </member>
        <member name="M:PriceCheck.PriceMode.ToString">
            <summary>
            Gets item name.
            </summary>
            <returns>price mode name.</returns>
        </member>
        <member name="T:PriceCheck.PrimaryKey">
            <summary>
            Gets primary key.
            </summary>
        </member>
        <member name="F:PriceCheck.PrimaryKey.Names">
            <summary>
            Get primary key names.
            </summary>
        </member>
        <member name="T:PriceCheck.PrimaryKey.Enum">
            <summary>
            primary key enum.
            </summary>
        </member>
        <member name="F:PriceCheck.PrimaryKey.Enum.VkNone">
            <summary>
            None.
            </summary>
        </member>
        <member name="F:PriceCheck.PrimaryKey.Enum.Vk0">
            <summary>
            Zero.
            </summary>
        </member>
        <member name="F:PriceCheck.PrimaryKey.Enum.Vk1">
            <summary>
            One.
            </summary>
        </member>
        <member name="F:PriceCheck.PrimaryKey.Enum.Vk2">
            <summary>
            Two.
            </summary>
        </member>
        <member name="F:PriceCheck.PrimaryKey.Enum.Vk3">
            <summary>
            Three.
            </summary>
        </member>
        <member name="F:PriceCheck.PrimaryKey.Enum.Vk4">
            <summary>
            Four.
            </summary>
        </member>
        <member name="F:PriceCheck.PrimaryKey.Enum.Vk5">
            <summary>
            Five.
            </summary>
        </member>
        <member name="F:PriceCheck.PrimaryKey.Enum.Vk6">
            <summary>
            Six.
            </summary>
        </member>
        <member name="F:PriceCheck.PrimaryKey.Enum.Vk7">
            <summary>
            Seven.
            </summary>
        </member>
        <member name="F:PriceCheck.PrimaryKey.Enum.Vk8">
            <summary>
            Eight.
            </summary>
        </member>
        <member name="F:PriceCheck.PrimaryKey.Enum.Vk9">
            <summary>
            Nine.
            </summary>
        </member>
        <member name="F:PriceCheck.PrimaryKey.Enum.VkA">
            <summary>
            A.
            </summary>
        </member>
        <member name="F:PriceCheck.PrimaryKey.Enum.VkB">
            <summary>
            B.
            </summary>
        </member>
        <member name="F:PriceCheck.PrimaryKey.Enum.VkC">
            <summary>
            C.
            </summary>
        </member>
        <member name="F:PriceCheck.PrimaryKey.Enum.VkD">
            <summary>
            D.
            </summary>
        </member>
        <member name="F:PriceCheck.PrimaryKey.Enum.VkE">
            <summary>
            E.
            </summary>
        </member>
        <member name="F:PriceCheck.PrimaryKey.Enum.VkF">
            <summary>
            F.
            </summary>
        </member>
        <member name="F:PriceCheck.PrimaryKey.Enum.VkG">
            <summary>
            G.
            </summary>
        </member>
        <member name="F:PriceCheck.PrimaryKey.Enum.VkH">
            <summary>
            H.
            </summary>
        </member>
        <member name="F:PriceCheck.PrimaryKey.Enum.VkI">
            <summary>
            I.
            </summary>
        </member>
        <member name="F:PriceCheck.PrimaryKey.Enum.VkJ">
            <summary>
            J.
            </summary>
        </member>
        <member name="F:PriceCheck.PrimaryKey.Enum.VkK">
            <summary>
            K.
            </summary>
        </member>
        <member name="F:PriceCheck.PrimaryKey.Enum.VkL">
            <summary>
            L.
            </summary>
        </member>
        <member name="F:PriceCheck.PrimaryKey.Enum.VkM">
            <summary>
            M.
            </summary>
        </member>
        <member name="F:PriceCheck.PrimaryKey.Enum.VkN">
            <summary>
            N.
            </summary>
        </member>
        <member name="F:PriceCheck.PrimaryKey.Enum.VkO">
            <summary>
            O.
            </summary>
        </member>
        <member name="F:PriceCheck.PrimaryKey.Enum.VkP">
            <summary>
            P.
            </summary>
        </member>
        <member name="F:PriceCheck.PrimaryKey.Enum.VkQ">
            <summary>
            Q.
            </summary>
        </member>
        <member name="F:PriceCheck.PrimaryKey.Enum.VkR">
            <summary>
            R.
            </summary>
        </member>
        <member name="F:PriceCheck.PrimaryKey.Enum.VkS">
            <summary>
            S.
            </summary>
        </member>
        <member name="F:PriceCheck.PrimaryKey.Enum.VkT">
            <summary>
            T.
            </summary>
        </member>
        <member name="F:PriceCheck.PrimaryKey.Enum.VkU">
            <summary>
            U.
            </summary>
        </member>
        <member name="F:PriceCheck.PrimaryKey.Enum.VkV">
            <summary>
            V.
            </summary>
        </member>
        <member name="F:PriceCheck.PrimaryKey.Enum.VkW">
            <summary>
            W.
            </summary>
        </member>
        <member name="F:PriceCheck.PrimaryKey.Enum.VkX">
            <summary>
            X.
            </summary>
        </member>
        <member name="F:PriceCheck.PrimaryKey.Enum.VkY">
            <summary>
            Y.
            </summary>
        </member>
        <member name="F:PriceCheck.PrimaryKey.Enum.VkZ">
            <summary>
            Z.
            </summary>
        </member>
        <member name="M:PriceCheck.PrimaryKey.EnumToIndex(PriceCheck.PrimaryKey.Enum)">
            <summary>
            Convert enum to index.
            </summary>
            <param name="value">enum.</param>
            <returns>index.</returns>
        </member>
        <member name="M:PriceCheck.PrimaryKey.IndexToEnum(System.Int32)">
            <summary>
            Convert index to enum.
            </summary>
            <param name="i">index.</param>
            <returns>enum.</returns>
        </member>
        <member name="T:PriceCheck.HoveredItemManager">
            <summary>
            Manage item hover events.
            </summary>
        </member>
        <member name="F:PriceCheck.HoveredItemManager.ItemId">
            <summary>
            Previous id from item hover to allow for holding keybind after hover.
            </summary>
        </member>
        <member name="F:PriceCheck.HoveredItemManager.ItemQuality">
            <summary>
            Previous item quality from item hover to allow for holding keybind after hover.
            </summary>
        </member>
        <member name="M:PriceCheck.HoveredItemManager.#ctor(PriceCheck.Plugin)">
            <summary>
            Initializes a new instance of the <see cref="T:PriceCheck.HoveredItemManager"/> class.
            </summary>
            <param name="plugin">plugin.</param>
        </member>
        <member name="M:PriceCheck.HoveredItemManager.Dispose">
            <summary>
            Dispose hover item events.
            </summary>
        </member>
        <member name="T:PriceCheck.PluginCommandManager">
            <summary>
            Manage plugin commands.
            </summary>
        </member>
        <member name="M:PriceCheck.PluginCommandManager.#ctor(PriceCheck.Plugin)">
            <summary>
            Initializes a new instance of the <see cref="T:PriceCheck.PluginCommandManager"/> class.
            </summary>
            <param name="plugin">plugin.</param>
        </member>
        <member name="M:PriceCheck.PluginCommandManager.Dispose">
            <summary>
            Dispose command manager.
            </summary>
        </member>
        <member name="T:PriceCheck.Plugin">
            <summary>
            PriceCheck plugin.
            </summary>
        </member>
        <member name="F:PriceCheck.Plugin.ItemCancellationTokenSource">
            <summary>
            Cancellation token to terminate request if interrupted.
            </summary>
        </member>
        <member name="P:PriceCheck.Plugin.PluginCommandManager">
            <summary>
            Gets or sets command manager to handle user commands.
            </summary>
        </member>
        <member name="P:PriceCheck.Plugin.PriceService">
            <summary>
            Gets price service.
            </summary>
        </member>
        <member name="P:PriceCheck.Plugin.UniversalisClient">
            <summary>
            Gets universalis client.
            </summary>
        </member>
        <member name="P:PriceCheck.Plugin.Configuration">
            <summary>
            Gets or sets plugin configuration.
            </summary>
        </member>
        <member name="P:PriceCheck.Plugin.HoveredItemManager">
            <summary>
            Gets or sets hovered item manager to handle hover item events.
            </summary>
        </member>
        <member name="M:PriceCheck.Plugin.#ctor">
            <summary>
            Initializes a new instance of the <see cref="T:PriceCheck.Plugin"/> class.
            </summary>
        </member>
        <member name="M:PriceCheck.Plugin.Dispose">
            <summary>
            Dispose plugin.
            </summary>
        </member>
        <member name="M:PriceCheck.Plugin.LanguageChanged(System.String)">
            <summary>
            Sets the language to be used for loc.
            </summary>
        </member>
        <member name="M:PriceCheck.Plugin.PrintHelpMessage">
            <summary>
            Gets plugin configuration.
            </summary>
        </member>
        <member name="M:PriceCheck.Plugin.SendToast(PriceCheck.PricedItem)">
            <summary>
            Send toast.
            </summary>
            <param name="pricedItem">priced Item.</param>
        </member>
        <member name="M:PriceCheck.Plugin.PrintItemMessage(PriceCheck.PricedItem)">
            <summary>
            Print item message.
            </summary>
            <param name="pricedItem">priced item.</param>
        </member>
        <member name="M:PriceCheck.Plugin.IsKeyBindPressed">
            <summary>
            Check if keybind is pressed.
            </summary>
            <returns>indicator if keybind is pressed.</returns>
        </member>
        <member name="M:PriceCheck.Plugin.SaveConfig">
            <summary>
            Save plugin configuration.
            </summary>
        </member>
        <member name="M:PriceCheck.Plugin.ShouldPriceCheck">
            <summary>
            Check state and configuration to determine if price check should be made.
            </summary>
            <returns>indicator whether or not price check should be made.</returns>
        </member>
        <member name="T:PriceCheck.Language">
            <summary>
              A strongly-typed resource class, for looking up localized strings, etc.
            </summary>
        </member>
        <member name="P:PriceCheck.Language.ResourceManager">
            <summary>
              Returns the cached ResourceManager instance used by this class.
            </summary>
        </member>
        <member name="P:PriceCheck.Language.Culture">
            <summary>
              Overrides the current thread's CurrentUICulture property for all
              resource lookups using this strongly typed resource class.
            </summary>
        </member>
        <member name="P:PriceCheck.Language.AllowKeybindAfterHover">
            <summary>
              Looks up a localized string similar to Allow keybind to be pressed after hovering over item.
            </summary>
        </member>
        <member name="P:PriceCheck.Language.AllowKeybindAfterHover_HelpMarker">
            <summary>
              Looks up a localized string similar to allows you to hold the keybind after the item tooltip has been opened (disable for legacy mode).
            </summary>
        </member>
        <member name="P:PriceCheck.Language.AveragePrice">
            <summary>
              Looks up a localized string similar to Average Price.
            </summary>
        </member>
        <member name="P:PriceCheck.Language.AveragePriceDesc">
            <summary>
              Looks up a localized string similar to The average sale price in recent sale history with outliers removed beyond three standard deviations of the mean..
            </summary>
        </member>
        <member name="P:PriceCheck.Language.BelowMinimum">
            <summary>
              Looks up a localized string similar to Below minimum price.
            </summary>
        </member>
        <member name="P:PriceCheck.Language.BelowVendor">
            <summary>
              Looks up a localized string similar to Sell to vendor.
            </summary>
        </member>
        <member name="P:PriceCheck.Language.Chat">
            <summary>
              Looks up a localized string similar to Chat.
            </summary>
        </member>
        <member name="P:PriceCheck.Language.ChatChannel">
            <summary>
              Looks up a localized string similar to Chat channel.
            </summary>
        </member>
        <member name="P:PriceCheck.Language.ChatChannel_HelpMarker">
            <summary>
              Looks up a localized string similar to set the chat channel to send messages.
            </summary>
        </member>
        <member name="P:PriceCheck.Language.ClearPricedItems">
            <summary>
              Looks up a localized string similar to Clear items.
            </summary>
        </member>
        <member name="P:PriceCheck.Language.ContextMenu">
            <summary>
              Looks up a localized string similar to Context Menu.
            </summary>
        </member>
        <member name="P:PriceCheck.Language.CurrentAveragePrice">
            <summary>
              Looks up a localized string similar to Current Average Price.
            </summary>
        </member>
        <member name="P:PriceCheck.Language.CurrentAveragePriceDesc">
            <summary>
              Looks up a localized string similar to The average sale price in current listings with outliers removed beyond three standard deviations of the mean..
            </summary>
        </member>
        <member name="P:PriceCheck.Language.CurrentMinimumPrice">
            <summary>
              Looks up a localized string similar to Current Minimum Price.
            </summary>
        </member>
        <member name="P:PriceCheck.Language.CurrentMinimumPriceDesc">
            <summary>
              Looks up a localized string similar to The minimum price in current listings across both normal and high quality items..
            </summary>
        </member>
        <member name="P:PriceCheck.Language.DisplayHeading">
            <summary>
              Looks up a localized string similar to Display.
            </summary>
        </member>
        <member name="P:PriceCheck.Language.FailedToGetData">
            <summary>
              Looks up a localized string similar to Failed to get data (universalis.app may be down).
            </summary>
        </member>
        <member name="P:PriceCheck.Language.FailedToProcess">
            <summary>
              Looks up a localized string similar to Failed to process item.
            </summary>
        </member>
        <member name="P:PriceCheck.Language.Filters">
            <summary>
              Looks up a localized string similar to Filters.
            </summary>
        </member>
        <member name="P:PriceCheck.Language.FiltersHeading">
            <summary>
              Looks up a localized string similar to Filters.
            </summary>
        </member>
        <member name="P:PriceCheck.Language.General">
            <summary>
              Looks up a localized string similar to General.
            </summary>
        </member>
        <member name="P:PriceCheck.Language.HelpMessage">
            <summary>
              Looks up a localized string similar to To check prices, hold your keybind and then hover over an item in your inventory or linked in chat. You can set your keybind (or disable it) in the PriceCheck settings. The prices are averages from Universalis and will not match any specific listings you see on the market board. You can use /pcheck to open the overlay and /pcheckconfig to open settings. If you need help, reach out on discord or open an issue on GitHub. If you want to help add translations, you can submit updates on Crowdin..
            </summary>
        </member>
        <member name="P:PriceCheck.Language.HideOverlayTimer">
            <summary>
              Looks up a localized string similar to Hide overlay timer.
            </summary>
        </member>
        <member name="P:PriceCheck.Language.HideOverlayTimer_HelpMarker">
            <summary>
              Looks up a localized string similar to hide overlay after x amount of seconds since last price check - you can disable this by setting to zero..
            </summary>
        </member>
        <member name="P:PriceCheck.Language.HoverDelay">
            <summary>
              Looks up a localized string similar to Hover delay.
            </summary>
        </member>
        <member name="P:PriceCheck.Language.HoverDelay_HelpMarker">
            <summary>
              Looks up a localized string similar to delay (in seconds) before processing after hovering.
            </summary>
        </member>
        <member name="P:PriceCheck.Language.InstallThankYou">
            <summary>
              Looks up a localized string similar to Thank you for installing PriceCheck!.
            </summary>
        </member>
        <member name="P:PriceCheck.Language.Keybind">
            <summary>
              Looks up a localized string similar to Keybind.
            </summary>
        </member>
        <member name="P:PriceCheck.Language.KeybindEnabled">
            <summary>
              Looks up a localized string similar to Enable keybind.
            </summary>
        </member>
        <member name="P:PriceCheck.Language.KeybindEnabled_HelpMarker">
            <summary>
              Looks up a localized string similar to toggle if keybind is used or just hover.
            </summary>
        </member>
        <member name="P:PriceCheck.Language.MaximumPrice">
            <summary>
              Looks up a localized string similar to Maximum Price.
            </summary>
        </member>
        <member name="P:PriceCheck.Language.MaximumPriceDesc">
            <summary>
              Looks up a localized string similar to The maximum price in current listings..
            </summary>
        </member>
        <member name="P:PriceCheck.Language.MaxItems">
            <summary>
              Looks up a localized string similar to Max items.
            </summary>
        </member>
        <member name="P:PriceCheck.Language.MaxItems_HelpMarker">
            <summary>
              Looks up a localized string similar to set max number of items in overlay at a time.
            </summary>
        </member>
        <member name="P:PriceCheck.Language.MaxUploadDays">
            <summary>
              Looks up a localized string similar to Max Upload Days.
            </summary>
        </member>
        <member name="P:PriceCheck.Language.MaxUploadDays_HelpMarker">
            <summary>
              Looks up a localized string similar to set maximum age to avoid using old data.
            </summary>
        </member>
        <member name="P:PriceCheck.Language.MinimumPrice">
            <summary>
              Looks up a localized string similar to Minimum Price.
            </summary>
        </member>
        <member name="P:PriceCheck.Language.MinimumPrice_HelpMarker">
            <summary>
              Looks up a localized string similar to set minimum price at which actual average will be displayed.
            </summary>
        </member>
        <member name="P:PriceCheck.Language.MinimumPriceDesc">
            <summary>
              Looks up a localized string similar to The minimum price in current listings..
            </summary>
        </member>
        <member name="P:PriceCheck.Language.ModifierKeybind">
            <summary>
              Looks up a localized string similar to Modifier.
            </summary>
        </member>
        <member name="P:PriceCheck.Language.ModifierKeybind_HelpMarker">
            <summary>
              Looks up a localized string similar to set your modifier key (e.g. shift).
            </summary>
        </member>
        <member name="P:PriceCheck.Language.NoDataAvailable">
            <summary>
              Looks up a localized string similar to No data available.
            </summary>
        </member>
        <member name="P:PriceCheck.Language.NoRecentDataAvailable">
            <summary>
              Looks up a localized string similar to No recent data.
            </summary>
        </member>
        <member name="P:PriceCheck.Language.Overlay">
            <summary>
              Looks up a localized string similar to Overlay.
            </summary>
        </member>
        <member name="P:PriceCheck.Language.PluginDisabled">
            <summary>
              Looks up a localized string similar to PriceCheck is disabled..
            </summary>
        </member>
        <member name="P:PriceCheck.Language.PluginEnabled">
            <summary>
              Looks up a localized string similar to Plugin enabled.
            </summary>
        </member>
        <member name="P:PriceCheck.Language.PluginEnabled_HelpMarker">
            <summary>
              Looks up a localized string similar to toggle the plugin on/off.
            </summary>
        </member>
        <member name="P:PriceCheck.Language.PriceMode">
            <summary>
              Looks up a localized string similar to Price mode.
            </summary>
        </member>
        <member name="P:PriceCheck.Language.PriceMode_HelpMarker">
            <summary>
              Looks up a localized string similar to select price calculation to use.
            </summary>
        </member>
        <member name="P:PriceCheck.Language.PrimaryKeybind">
            <summary>
              Looks up a localized string similar to Primary.
            </summary>
        </member>
        <member name="P:PriceCheck.Language.PrimaryKeybind_HelpMarker">
            <summary>
              Looks up a localized string similar to set your primary key (e.g. None, Z).
            </summary>
        </member>
        <member name="P:PriceCheck.Language.RestrictInCombat">
            <summary>
              Looks up a localized string similar to Don&apos;t process in combat.
            </summary>
        </member>
        <member name="P:PriceCheck.Language.RestrictInCombat_HelpMarker">
            <summary>
              Looks up a localized string similar to don&apos;t process price checks while in combat.
            </summary>
        </member>
        <member name="P:PriceCheck.Language.RestrictInContent">
            <summary>
              Looks up a localized string similar to Don&apos;t process in content.
            </summary>
        </member>
        <member name="P:PriceCheck.Language.RestrictInContent_HelpMarker">
            <summary>
              Looks up a localized string similar to don&apos;t process price checks while in content.
            </summary>
        </member>
        <member name="P:PriceCheck.Language.SellOnMarketboard">
            <summary>
              Looks up a localized string similar to Sell on marketboard.
            </summary>
        </member>
        <member name="P:PriceCheck.Language.ShowBelowMinimumInChat">
            <summary>
              Looks up a localized string similar to Show cheaper than minimum threshold warning.
            </summary>
        </member>
        <member name="P:PriceCheck.Language.ShowBelowMinimumInChat_HelpMarker">
            <summary>
              Looks up a localized string similar to show warning the price is below your minimum threshold.
            </summary>
        </member>
        <member name="P:PriceCheck.Language.ShowBelowMinimumInOverlay">
            <summary>
              Looks up a localized string similar to Show cheaper than minimum threshold warning.
            </summary>
        </member>
        <member name="P:PriceCheck.Language.ShowBelowMinimumInOverlay_HelpMarker">
            <summary>
              Looks up a localized string similar to show warning the price is below your minimum threshold.
            </summary>
        </member>
        <member name="P:PriceCheck.Language.ShowBelowVendorInChat">
            <summary>
              Looks up a localized string similar to Show cheaper than vendor price warning.
            </summary>
        </member>
        <member name="P:PriceCheck.Language.ShowBelowVendorInChat_HelpMarker">
            <summary>
              Looks up a localized string similar to show warning that the market price is cheaper than what you can sell it to a vendor for.
            </summary>
        </member>
        <member name="P:PriceCheck.Language.ShowBelowVendorInOverlay">
            <summary>
              Looks up a localized string similar to Show cheaper than vendor price warning.
            </summary>
        </member>
        <member name="P:PriceCheck.Language.ShowBelowVendorInOverlay_HelpMarker">
            <summary>
              Looks up a localized string similar to show warning that the market price is cheaper than what you can sell it to a vendor for.
            </summary>
        </member>
        <member name="P:PriceCheck.Language.ShowContextMenu">
            <summary>
              Looks up a localized string similar to Show context menu.
            </summary>
        </member>
        <member name="P:PriceCheck.Language.ShowFailedToGetDataInChat">
            <summary>
              Looks up a localized string similar to Show failed to get data error.
            </summary>
        </member>
        <member name="P:PriceCheck.Language.ShowFailedToGetDataInChat_HelpMarker">
            <summary>
              Looks up a localized string similar to show error where the plugin couldn&apos;t connect to universalis to get the data - usually a problem with your connection or universalis is down.
            </summary>
        </member>
        <member name="P:PriceCheck.Language.ShowFailedToGetDataInOverlay">
            <summary>
              Looks up a localized string similar to Show failed to get data error.
            </summary>
        </member>
        <member name="P:PriceCheck.Language.ShowFailedToGetDataInOverlay_HelpMarker">
            <summary>
              Looks up a localized string similar to show error where the plugin couldn&apos;t connect to universalis to get the data - usually a problem with your connection or universalis is down.
            </summary>
        </member>
        <member name="P:PriceCheck.Language.ShowFailedToProcessInChat">
            <summary>
              Looks up a localized string similar to Show failed to process error.
            </summary>
        </member>
        <member name="P:PriceCheck.Language.ShowFailedToProcessInChat_HelpMarker">
            <summary>
              Looks up a localized string similar to show error where something went wrong unexpectedly.
            </summary>
        </member>
        <member name="P:PriceCheck.Language.ShowFailedToProcessInOverlay">
            <summary>
              Looks up a localized string similar to Show failed to process error.
            </summary>
        </member>
        <member name="P:PriceCheck.Language.ShowFailedToProcessInOverlay_HelpMarker">
            <summary>
              Looks up a localized string similar to show error where something went wrong unexpectedly.
            </summary>
        </member>
        <member name="P:PriceCheck.Language.ShowInChat">
            <summary>
              Looks up a localized string similar to Show in chat.
            </summary>
        </member>
        <member name="P:PriceCheck.Language.ShowInChat_HelpMarker">
            <summary>
              Looks up a localized string similar to show price check results in chat.
            </summary>
        </member>
        <member name="P:PriceCheck.Language.ShowKeybindInTitleBar">
            <summary>
              Looks up a localized string similar to Show keybind in titlebar.
            </summary>
        </member>
        <member name="P:PriceCheck.Language.ShowKeybindInTitleBar_HelpMarker">
            <summary>
              Looks up a localized string similar to toggle if keybind is displayed in titlebar.
            </summary>
        </member>
        <member name="P:PriceCheck.Language.ShowNoDataAvailableInChat">
            <summary>
              Looks up a localized string similar to Show no data available warning.
            </summary>
        </member>
        <member name="P:PriceCheck.Language.ShowNoDataAvailableInChat_HelpMarker">
            <summary>
              Looks up a localized string similar to show warning where there was no data from universalis available for the item.
            </summary>
        </member>
        <member name="P:PriceCheck.Language.ShowNoDataAvailableInOverlay">
            <summary>
              Looks up a localized string similar to Show no data available warning.
            </summary>
        </member>
        <member name="P:PriceCheck.Language.ShowNoDataAvailableInOverlay_HelpMarker">
            <summary>
              Looks up a localized string similar to show warning where there was no data from universalis available for the item.
            </summary>
        </member>
        <member name="P:PriceCheck.Language.ShowNoRecentDataAvailableInChat">
            <summary>
              Looks up a localized string similar to Show no recent data available warning.
            </summary>
        </member>
        <member name="P:PriceCheck.Language.ShowNoRecentDataAvailableInChat_HelpMarker">
            <summary>
              Looks up a localized string similar to show warning where there was no recent data from universalis available for the item within your threshold.
            </summary>
        </member>
        <member name="P:PriceCheck.Language.ShowNoRecentDataAvailableInOverlay">
            <summary>
              Looks up a localized string similar to Show no recent data available warning.
            </summary>
        </member>
        <member name="P:PriceCheck.Language.ShowNoRecentDataAvailableInOverlay_HelpMarker">
            <summary>
              Looks up a localized string similar to show warning where there was no recent data from universalis available for the item within your threshold.
            </summary>
        </member>
        <member name="P:PriceCheck.Language.ShowOverlay">
            <summary>
              Looks up a localized string similar to Show overlay.
            </summary>
        </member>
        <member name="P:PriceCheck.Language.ShowOverlay_HelpMarker">
            <summary>
              Looks up a localized string similar to show price check results in overlay window.
            </summary>
        </member>
        <member name="P:PriceCheck.Language.ShowOverlayByKeybind">
            <summary>
              Looks up a localized string similar to Show overlay by keybind.
            </summary>
        </member>
        <member name="P:PriceCheck.Language.ShowOverlayByKeybind_HelpMarker">
            <summary>
              Looks up a localized string similar to show overlay window when keybind is being held.
            </summary>
        </member>
        <member name="P:PriceCheck.Language.ShowOverlayOnLogin">
            <summary>
              Looks up a localized string similar to Show overlay on login.
            </summary>
        </member>
        <member name="P:PriceCheck.Language.ShowOverlayOnLogin_HelpMarker">
            <summary>
              Looks up a localized string similar to show overlay window on login.
            </summary>
        </member>
        <member name="P:PriceCheck.Language.ShowPrices">
            <summary>
              Looks up a localized string similar to Show prices.
            </summary>
        </member>
        <member name="P:PriceCheck.Language.ShowPrices_HelpMarker">
            <summary>
              Looks up a localized string similar to show price or just show advice.
            </summary>
        </member>
        <member name="P:PriceCheck.Language.ShowSuccessInChat">
            <summary>
              Looks up a localized string similar to Show successful price check.
            </summary>
        </member>
        <member name="P:PriceCheck.Language.ShowSuccessInChat_HelpMarker">
            <summary>
              Looks up a localized string similar to show successful price check.
            </summary>
        </member>
        <member name="P:PriceCheck.Language.ShowSuccessInOverlay">
            <summary>
              Looks up a localized string similar to Show successful price check.
            </summary>
        </member>
        <member name="P:PriceCheck.Language.ShowSuccessInOverlay_HelpMarker">
            <summary>
              Looks up a localized string similar to show successful price check.
            </summary>
        </member>
        <member name="P:PriceCheck.Language.ShowToast">
            <summary>
              Looks up a localized string similar to Show toast.
            </summary>
        </member>
        <member name="P:PriceCheck.Language.ShowToast_HelpMarker">
            <summary>
              Looks up a localized string similar to show price check results in toasts.
            </summary>
        </member>
        <member name="P:PriceCheck.Language.ShowUnmarketableInChat">
            <summary>
              Looks up a localized string similar to Show unmarketable warning.
            </summary>
        </member>
        <member name="P:PriceCheck.Language.ShowUnmarketableInChat_HelpMarker">
            <summary>
              Looks up a localized string similar to show warning that the item can&apos;t be sold on the market board.
            </summary>
        </member>
        <member name="P:PriceCheck.Language.ShowUnmarketableInOverlay">
            <summary>
              Looks up a localized string similar to Show unmarketable warning.
            </summary>
        </member>
        <member name="P:PriceCheck.Language.ShowUnmarketableInOverlay_HelpMarker">
            <summary>
              Looks up a localized string similar to show warning that the item can&apos;t be sold on the market board.
            </summary>
        </member>
        <member name="P:PriceCheck.Language.StyleHeading">
            <summary>
              Looks up a localized string similar to Style.
            </summary>
        </member>
        <member name="P:PriceCheck.Language.Thresholds">
            <summary>
              Looks up a localized string similar to Thresholds.
            </summary>
        </member>
        <member name="P:PriceCheck.Language.TitleBarWithKeybind1">
            <summary>
              Looks up a localized string similar to PriceCheck ({0}).
            </summary>
        </member>
        <member name="P:PriceCheck.Language.TitleBarWithKeybind2">
            <summary>
              Looks up a localized string similar to PriceCheck ({0}+{1}).
            </summary>
        </member>
        <member name="P:PriceCheck.Language.Toast">
            <summary>
              Looks up a localized string similar to Toast.
            </summary>
        </member>
        <member name="P:PriceCheck.Language.Unmarketable">
            <summary>
              Looks up a localized string similar to Can&apos;t sell on marketboard.
            </summary>
        </member>
        <member name="P:PriceCheck.Language.UseChatColors">
            <summary>
              Looks up a localized string similar to Use chat colors.
            </summary>
        </member>
        <member name="P:PriceCheck.Language.UseChatColors_HelpMarker">
            <summary>
              Looks up a localized string similar to use different colors for chat based on result.
            </summary>
        </member>
        <member name="P:PriceCheck.Language.UseItemLinks">
            <summary>
              Looks up a localized string similar to Use item links.
            </summary>
        </member>
        <member name="P:PriceCheck.Language.UseItemLinks_HelpMarker">
            <summary>
              Looks up a localized string similar to use item links in chat results.
            </summary>
        </member>
        <member name="P:PriceCheck.Language.UseOverlayColors">
            <summary>
              Looks up a localized string similar to Use overlay colors.
            </summary>
        </member>
        <member name="P:PriceCheck.Language.UseOverlayColors_HelpMarker">
            <summary>
              Looks up a localized string similar to use different colors for overlay based on result.
            </summary>
        </member>
        <member name="P:PriceCheck.Language.WaitingForItems">
            <summary>
              Looks up a localized string similar to Waiting for items..
            </summary>
        </member>
        <member name="T:PriceCheck.PriceService">
            <summary>
            Pricing service.
            </summary>
        </member>
        <member name="P:PriceCheck.PriceService.LastPriceCheck">
            <summary>
            Gets or sets last price check conducted in unix timestamp.
            </summary>
        </member>
        <member name="M:PriceCheck.PriceService.#ctor(PriceCheck.Plugin)">
            <summary>
            Initializes a new instance of the <see cref="T:PriceCheck.PriceService"/> class.
            </summary>
            <param name="plugin">price check plugin.</param>
        </member>
        <member name="M:PriceCheck.PriceService.GetItems">
            <summary>
            Get priced items.
            </summary>
            <returns>list of priced items.</returns>
        </member>
        <member name="M:PriceCheck.PriceService.ClearItems">
            <summary>
            Clear all items.
            </summary>
        </member>
        <member name="M:PriceCheck.PriceService.ProcessItemAsync(System.UInt32,System.Boolean)">
            <summary>
            Conduct price check.
            </summary>
            <param name="itemId">item id to lookup.</param>
            <param name="isHQ">indicator if item is hq.</param>
        </member>
        <member name="T:PriceCheck.UniversalisClient">
            <summary>
            Universalis client.
            </summary>
        </member>
        <member name="M:PriceCheck.UniversalisClient.#ctor(PriceCheck.Plugin)">
            <summary>
            Initializes a new instance of the <see cref="T:PriceCheck.UniversalisClient"/> class.
            </summary>
            <param name="plugin">price check plugin.</param>
        </member>
        <member name="M:PriceCheck.UniversalisClient.GetMarketBoard(System.UInt32,System.UInt64)">
            <summary>
            Get market board data.
            </summary>
            <param name="worldId">world id.</param>
            <param name="itemId">item id.</param>
            <returns>market board data.</returns>
        </member>
        <member name="M:PriceCheck.UniversalisClient.Dispose">
            <summary>
            Dispose client.
            </summary>
        </member>
        <member name="T:PriceCheck.MainWindow">
            <summary>
            Config window for the Plugin.
            </summary>
        </member>
        <member name="M:PriceCheck.MainWindow.#ctor(PriceCheck.Plugin)">
            <summary>
            Initializes a new instance of the <see cref="T:PriceCheck.MainWindow"/> class.
            </summary>
            <param name="plugin">PriceCheck Plugin.</param>
        </member>
        <member name="M:PriceCheck.MainWindow.OnClose">
            <inheritdoc />
        </member>
        <member name="M:PriceCheck.MainWindow.DrawConditions">
            <inheritdoc />
        </member>
        <member name="M:PriceCheck.MainWindow.OpenOnLogin">
            <summary>
            Open window on login depending on config.
            </summary>
        </member>
        <member name="M:PriceCheck.MainWindow.UpdateWindowTitle">
            <summary>
            Update window title.
            </summary>
        </member>
        <member name="M:PriceCheck.MainWindow.Draw">
            <inheritdoc />
        </member>
    </members>
</doc>
