{
  "Author": "Glyceri",
  "Name": "Dialog Copy",
  "InternalName": "TalkCopy",
  "AssemblyVersion": "1.0.0.0",
  "Description": "Automatically copies messages from the Dialog Box to your clipboard.",
  "ApplicableVersion": "any",
  "Tags": [
    "plugin",
    "talk",
    "copy",
    "dailog"
  ],
  "DalamudApiLevel": 10,
  "LoadRequiredState": 0,
  "LoadSync": false,
  "CanUnloadAsync": false,
  "LoadPriority": 0,
  "Punchline": "Automatically copies messages from the Dialog Box to your clipboard.",
  "AcceptsFeedback": true
}