{
  "Author": "Glyceri",
  "Name": "Dialog Copy",
  "InternalName": "TalkCopy",
  "AssemblyVersion": "1.3.0.0",
  "Description": "Dialogue copy will copy text from the dialogue box to your clipboard.",
  "ApplicableVersion": "any",
  "Tags": [
    "plugin",
    "talk",
    "copy",
    "dailog",
    "text",
    "clipboard"
  ],
  "DalamudApiLevel": 14,
  "LoadRequiredState": 0,
  "LoadSync": false,
  "CanUnloadAsync": false,
  "LoadPriority": 0,
  "Punchline": "Automatically copy ANY text on your screen by choice.",
  "AcceptsFeedback": true
}