{
  "Author": "goat, bumped by Franz",
  "Name": "Character Data Sync",
  "InternalName": "Dalamud.CharacterSync",
  "AssemblyVersion": "2.0.0.14",
  "Description": "This plugin allows you to use your character data from your main character on all others.\n\nIn-game, use the configuration menu to choose your main character, the restart the game to start syncing!\n\nFranz would like to not maintain this anymore. Please reach out if you're interested in taking it over.",
  "ApplicableVersion": "any",
  "RepoUrl": "https://github.com/reiichi001/Dalamud.CharacterSync",
  "DalamudApiLevel": 13,
  "LoadRequiredState": 0,
  "LoadSync": false,
  "CanUnloadAsync": false,
  "LoadPriority": 0,
  "ImageUrls": [],
  "IconUrl": "https://github.com/reiichi001/Dalamud.CharacterSync/raw/master/res/icon.png",
  "Punchline": "Sync your character data from your main character to all others",
  "AcceptsFeedback": true
}