{
  "Author": "aers, JHerig, squidmade",
  "Name": "Nameplate Debuffs",
  "InternalName": "NamePlateDebuffs",
  "AssemblyVersion": "1.0.3.0",
  "Description": "Displays your debuffs on enemy nameplates.",
  "ApplicableVersion": "any",
  "RepoUrl": "https://github.com/jherig/NamePlateDebuffs",
  "DalamudApiLevel": 9,
  "LoadRequiredState": 0,
  "LoadSync": false,
  "CanUnloadAsync": false,
  "LoadPriority": 0,
  "Punchline": "Displays debuffs you cast on nameplates of enemies",
  "AcceptsFeedback": true
}