{
  "Author": "aers, JHerig, squidmade, sourpuh",
  "Name": "Nameplate Debuffs",
  "InternalName": "NamePlateDebuffs",
  "AssemblyVersion": "1.1.0.6",
  "Description": "Displays debuffs on nameplates.",
  "ApplicableVersion": "any",
  "RepoUrl": "https://github.com/sourpuh/NamePlateDebuffs",
  "DalamudApiLevel": 13,
  "LoadRequiredState": 0,
  "LoadSync": false,
  "CanUnloadAsync": false,
  "LoadPriority": 0,
  "Punchline": "Displays debuffs on enemy and player nameplates",
  "AcceptsFeedback": true
}