{
  "Author": "Meoiswa",
  "Name": "Magitek Stratagem",
  "InternalName": "MagitekStratagem",
  "AssemblyVersion": "1.0.2.0",
  "Description": "Developed by the ingenious Garlean engineer Tobiias, this revolutionary Magitek device empowers adventurers by enabling hands-free enemy targeting with unparalleled precision.",
  "ApplicableVersion": "any",
  "Tags": [
    "UI",
    "Accessibility",
    "Peripheral",
    "Eye Tracking",
    "Head Tracking",
    "Tobii",
    "Eyeware",
    "Opentrack"
  ],
  "DalamudApiLevel": 12,
  "LoadRequiredState": 0,
  "LoadSync": false,
  "CanUnloadAsync": false,
  "LoadPriority": 0,
  "Punchline": "Tobii and Eyeware Eye and Opentrack tracker support for FFXIV",
  "AcceptsFeedback": true
}