{
  "Author": "Meoiswa",
  "Name": "Magitek Stratagem",
  "InternalName": "MagitekStratagem",
  "AssemblyVersion": "0.7.0.2",
  "Description": "Developed by the ingenious Garlean engineer Tobiias, this revolutionary Magitek device empowers adventurers by enabling hands-free enemy targeting with unparalleled precision.",
  "ApplicableVersion": "any",
  "Tags": [
    "UI",
    "Accessibility",
    "Peripheral",
    "Tobii",
    "Eye Tracking"
  ],
  "DalamudApiLevel": 10,
  "LoadRequiredState": 0,
  "LoadSync": false,
  "CanUnloadAsync": false,
  "LoadPriority": 0,
  "Punchline": "Tobii and Eyeware eye tracker support for FFXIV",
  "AcceptsFeedback": true
}