{
  "Author": "Meoiswa",
  "Name": "Magitek Stratagem",
  "InternalName": "MagitekStratagem",
  "AssemblyVersion": "1.3.0.0",
  "Description": "Eye and Head tracker integration",
  "ApplicableVersion": "any",
  "Tags": [
    "UI",
    "Accessibility",
    "Peripheral",
    "Eye Tracking",
    "Head Tracking",
    "Tobii",
    "Eyeware",
    "Opentrack"
  ],
  "DalamudApiLevel": 14,
  "LoadRequiredState": 0,
  "LoadSync": false,
  "CanUnloadAsync": false,
  "LoadPriority": 0,
  "Punchline": "Tobii and Eyeware Eye and Opentrack tracker support for FFXIV",
  "AcceptsFeedback": true
}