{
  "Author": "MidoriKami",
  "Name": "Kitchen Sync",
  "InternalName": "KitchenSync",
  "AssemblyVersion": "1.1.1.2",
  "Description": "This plugin allows you to configure the transparency of hotbar skills that you can't use due to being sync'd or under-leveled.\n\n/ksync help → Display all available commands",
  "ApplicableVersion": "any",
  "RepoUrl": "https://github.com/MidoriKami/KitchenSync",
  "Tags": [
    "utility"
  ],
  "CategoryTags": [
    "Utility",
    "UI"
  ],
  "DalamudApiLevel": 8,
  "LoadRequiredState": 0,
  "LoadSync": false,
  "LoadPriority": 0,
  "Punchline": "Make hotbar skills that you cant use transparent when sync'd",
  "AcceptsFeedback": true
}