{
  "Author": "MidoriKami",
  "Name": "DailyDuty",
  "InternalName": "DailyDuty",
  "AssemblyVersion": "5.2.1.4",
  "Description": "Automatically track and complete many daily and weekly tasks.",
  "ApplicableVersion": "any",
  "RepoUrl": "https://github.com/MidoriKami/DailyDuty",
  "Tags": [
    "utility",
    "gil",
    "tasks",
    "dailies",
    "tracking",
    "todo"
  ],
  "DalamudApiLevel": 11,
  "LoadRequiredState": 0,
  "LoadSync": false,
  "CanUnloadAsync": false,
  "LoadPriority": 0,
  "Punchline": "Easily Track Daily and Weekly tasks",
  "AcceptsFeedback": false
}