{
  "Author": "MidoriKami",
  "Name": "Daily Duty",
  "InternalName": "DailyDuty",
  "AssemblyVersion": "4.0.5.3",
  "Description": "Automatically track and complete many daily and weekly tasks.",
  "ApplicableVersion": "any",
  "RepoUrl": "https://github.com/MidoriKami/DailyDuty",
  "Tags": [
    "utility"
  ],
  "CategoryTags": [
    "Utility",
    "Other"
  ],
  "DalamudApiLevel": 9,
  "LoadRequiredState": 0,
  "LoadSync": false,
  "CanUnloadAsync": false,
  "LoadPriority": 0,
  "Punchline": "Easily Track Daily and Weekly tasks",
  "AcceptsFeedback": false
}