{
  "Author": "Zhyra",
  "Name": "PartyPlanner",
  "InternalName": "PartyPlanner",
  "AssemblyVersion": "1.6.7.0",
  "Description": "partake.gg, directly on your client!",
  "ApplicableVersion": "any",
  "RepoUrl": "https://github.com/ZhyraPlugins/PartyPlanner",
  "Tags": [
    "plugin",
    "partyverse",
    "partake"
  ],
  "DalamudApiLevel": 14,
  "LoadRequiredState": 0,
  "LoadSync": false,
  "CanUnloadAsync": false,
  "LoadPriority": 0,
  "IconUrl": "https://raw.githubusercontent.com/ZhyraPlugins/PartyPlanner/master/PartyPlanner/images/icon.png",
  "Punchline": "Browse community events sourced from partake.gg directly from your client!",
  "AcceptsFeedback": true
}