{
  "Author": "Critical_Impact",
  "Name": "Allagan Market",
  "InternalName": "AllaganMarket",
  "AssemblyVersion": "1.2.0.3",
  "Description": "Allagan Market's primary purpose is to provide a list of all retainer listings/sales across all characters.\n\nIt'll do it's best to track your sales but it works best when it's always on!",
  "ApplicableVersion": "any",
  "Tags": [
    "market",
    "sales",
    "retainers"
  ],
  "DalamudApiLevel": 13,
  "LoadRequiredState": 0,
  "LoadSync": false,
  "CanUnloadAsync": false,
  "LoadPriority": 0,
  "Punchline": "Get your retainer sales organized, track active sales, historical sales and undercutting!",
  "AcceptsFeedback": true
}