{
  "Author": "Critical_Impact",
  "Name": "Allagan Market",
  "InternalName": "AllaganMarket",
  "AssemblyVersion": "1.3.0.5",
  "Description": "Helps track what items you have on sale.",
  "ApplicableVersion": "any",
  "Tags": [
    "market",
    "sales",
    "retainers"
  ],
  "DalamudApiLevel": 14,
  "LoadRequiredState": 0,
  "LoadSync": false,
  "CanUnloadAsync": false,
  "LoadPriority": 0,
  "Punchline": "Get your retainer sales organized, track active sales, historical sales and undercutting!",
  "AcceptsFeedback": true
}