<?xml version="1.0"?>
<doc>
    <assembly>
        <name>Messenger</name>
    </assembly>
    <members>
        <member name="T:Messenger.FriendListManager.FriendList">
            <summary>
            The class containing friend list functionality
            </summary>
        </member>
        <member name="T:Messenger.FriendListManager.FriendListEntry">
            <summary>
            An entry in a player's friend list.
            </summary>
        </member>
        <member name="P:Messenger.FriendListManager.FriendListEntry.ContentId">
            <summary>
            The content ID of the friend.
            </summary>
        </member>
        <member name="P:Messenger.FriendListManager.FriendListEntry.CurrentWorld">
            <summary>
            The current world of the friend.
            </summary>
        </member>
        <member name="P:Messenger.FriendListManager.FriendListEntry.HomeWorld">
            <summary>
            The home world of the friend.
            </summary>
        </member>
        <member name="P:Messenger.FriendListManager.FriendListEntry.Job">
            <summary>
            The job the friend is currently on.
            </summary>
        </member>
        <member name="P:Messenger.FriendListManager.FriendListEntry.Name">
            <summary>
            The friend's raw SeString name. See <see cref="P:Messenger.FriendListManager.FriendListEntry.Name"/>.
            </summary>
        </member>
        <member name="P:Messenger.FriendListManager.FriendListEntry.FreeCompany">
            <summary>
            The friend's free company tag.
            </summary>
        </member>
        <member name="M:Messenger.Gui.PseudoMultilineInput.EmojiWhitelistedSymbols">
            <remarks>
            Pattern:<br/>
            <code>^[a-z0-9_]{1}$</code><br/>
            Options:<br/>
            <code>RegexOptions.IgnoreCase</code><br/>
            Explanation:<br/>
            <code>
            ○ Match if at the beginning of the string.<br/>
            ○ Match a character in the set [0-9A-Z_a-z\u212A].<br/>
            ○ Match if at the end of the string or if before an ending newline.<br/>
            </code>
            </remarks>
        </member>
        <member name="M:Messenger.MessageHistory.MessageRegex">
            <remarks>
            Pattern:<br/>
            <code>^\\[(.+)\\] From (.+)@([a-zA-Z]+): (.+)$</code><br/>
            Explanation:<br/>
            <code>
            ○ Match if at the beginning of the string.<br/>
            ○ Match '['.<br/>
            ○ 1st capture group.<br/>
                ○ Match a character other than '\n' greedily at least once.<br/>
            ○ Match the string "] From ".<br/>
            ○ 2nd capture group.<br/>
                ○ Match a character other than '\n' greedily at least once.<br/>
            ○ Match '@'.<br/>
            ○ 3rd capture group.<br/>
                ○ Match a character in the set [A-Za-z] atomically at least once.<br/>
            ○ Match the string ": ".<br/>
            ○ 4th capture group.<br/>
                ○ Match a character other than '\n' greedily at least once.<br/>
            ○ Match if at the end of the string or if before an ending newline.<br/>
            </code>
            </remarks>
        </member>
        <member name="M:Messenger.MessageHistory.SystemMessageRegex">
            <remarks>
            Pattern:<br/>
            <code>^\\[(.+)\\] System: (.+)$</code><br/>
            Explanation:<br/>
            <code>
            ○ Match if at the beginning of the string.<br/>
            ○ Match '['.<br/>
            ○ 1st capture group.<br/>
                ○ Match a character other than '\n' greedily at least once.<br/>
            ○ Match the string "] System: ".<br/>
            ○ 2nd capture group.<br/>
                ○ Match a character other than '\n' greedily at least once.<br/>
            ○ Match if at the end of the string or if before an ending newline.<br/>
            </code>
            </remarks>
        </member>
        <member name="M:Messenger.Services.MessageParsingService.ParsedMessage.EmojiRegex">
            <remarks>
            Pattern:<br/>
            <code>(:[a-z0-9_-]+:)</code><br/>
            Options:<br/>
            <code>RegexOptions.IgnoreCase</code><br/>
            Explanation:<br/>
            <code>
            ○ 1st capture group.<br/>
                ○ Match ':'.<br/>
                ○ Match a character in the set [-0-9A-Z_a-z\u212A] atomically at least once.<br/>
                ○ Match ':'.<br/>
            </code>
            </remarks>
        </member>
        <member name="M:Messenger.Services.XIMIpcManager.#ctor">
            <summary>
            You can copy this entire class into your project and use it.
            </summary>
        </member>
        <member name="F:Messenger.Services.XIMIpcManager.GetConversationCount">
            <summary>
            Returns: number of loaded conversations
            </summary>
        </member>
        <member name="F:Messenger.Services.XIMIpcManager.GetUnreadConversationCount">
            <summary>
            Returns: number of unread conversations
            </summary>
        </member>
        <member name="F:Messenger.Services.XIMIpcManager.GetConversations">
            <summary>
            Returns: list of loaded conversations. Relatively expensive to call, should not be used unconditionally.
            </summary>
        </member>
        <member name="F:Messenger.Services.XIMIpcManager.OpenMessenger">
            <summary>
            Will open conversation for a specified player.<br></br>
            Takes arguments: <br></br>
            - Player's name and world in Player Name@World format<br></br>
            - Whether to also focus input field after opening
            </summary>
        </member>
        <member name="F:Messenger.Services.XIMIpcManager.InviteToParty">
            <summary>
            Will attempt to invite player to party.<br></br>
            Takes arguments: <br></br>
            - Player's name and world in Player Name@World format<br></br>
            - <see langword="false"/> for cross world invite, <see langword="true"/> for same world<br></br>
            Returns: <see langword="null"/> if command was successful, <see langword="string"/> with error otherwise.
            </summary>
        </member>
        <member name="F:Messenger.Services.XIMIpcManager.GetCID">
            <summary>
            Attempts to get player's content id from multiple sources.<br></br>
            Takes arguments: <br></br>
            - Player's name and world in Player Name@World format<br></br>
            Returns: content id if was found or 0 otherwise.
            </summary>
        </member>
        <member name="T:System.Text.RegularExpressions.Generated.EmojiWhitelistedSymbols_0">
            <summary>Custom <see cref="T:System.Text.RegularExpressions.Regex"/>-derived type for the EmojiWhitelistedSymbols method.</summary>
        </member>
        <member name="F:System.Text.RegularExpressions.Generated.EmojiWhitelistedSymbols_0.Instance">
            <summary>Cached, thread-safe singleton instance.</summary>
        </member>
        <member name="M:System.Text.RegularExpressions.Generated.EmojiWhitelistedSymbols_0.#ctor">
            <summary>Initializes the instance.</summary>
        </member>
        <member name="T:System.Text.RegularExpressions.Generated.EmojiWhitelistedSymbols_0.RunnerFactory">
            <summary>Provides a factory for creating <see cref="T:System.Text.RegularExpressions.RegexRunner"/> instances to be used by methods on <see cref="T:System.Text.RegularExpressions.Regex"/>.</summary>
        </member>
        <member name="M:System.Text.RegularExpressions.Generated.EmojiWhitelistedSymbols_0.RunnerFactory.CreateInstance">
            <summary>Creates an instance of a <see cref="T:System.Text.RegularExpressions.RegexRunner"/> used by methods on <see cref="T:System.Text.RegularExpressions.Regex"/>.</summary>
        </member>
        <member name="T:System.Text.RegularExpressions.Generated.EmojiWhitelistedSymbols_0.RunnerFactory.Runner">
            <summary>Provides the runner that contains the custom logic implementing the specified regular expression.</summary>
        </member>
        <member name="M:System.Text.RegularExpressions.Generated.EmojiWhitelistedSymbols_0.RunnerFactory.Runner.Scan(System.ReadOnlySpan{System.Char})">
            <summary>Scan the <paramref name="inputSpan"/> starting from base.runtextstart for the next match.</summary>
            <param name="inputSpan">The text being scanned by the regular expression.</param>
        </member>
        <member name="M:System.Text.RegularExpressions.Generated.EmojiWhitelistedSymbols_0.RunnerFactory.Runner.TryFindNextPossibleStartingPosition(System.ReadOnlySpan{System.Char})">
            <summary>Search <paramref name="inputSpan"/> starting from base.runtextpos for the next location a match could possibly start.</summary>
            <param name="inputSpan">The text being scanned by the regular expression.</param>
            <returns>true if a possible match was found; false if no more matches are possible.</returns>
        </member>
        <member name="M:System.Text.RegularExpressions.Generated.EmojiWhitelistedSymbols_0.RunnerFactory.Runner.TryMatchAtCurrentPosition(System.ReadOnlySpan{System.Char})">
            <summary>Determine whether <paramref name="inputSpan"/> at base.runtextpos is a match for the regular expression.</summary>
            <param name="inputSpan">The text being scanned by the regular expression.</param>
            <returns>true if the regular expression matches at the current position; otherwise, false.</returns>
        </member>
        <member name="T:System.Text.RegularExpressions.Generated.MessageRegex_1">
            <summary>Custom <see cref="T:System.Text.RegularExpressions.Regex"/>-derived type for the MessageRegex method.</summary>
        </member>
        <member name="F:System.Text.RegularExpressions.Generated.MessageRegex_1.Instance">
            <summary>Cached, thread-safe singleton instance.</summary>
        </member>
        <member name="M:System.Text.RegularExpressions.Generated.MessageRegex_1.#ctor">
            <summary>Initializes the instance.</summary>
        </member>
        <member name="T:System.Text.RegularExpressions.Generated.MessageRegex_1.RunnerFactory">
            <summary>Provides a factory for creating <see cref="T:System.Text.RegularExpressions.RegexRunner"/> instances to be used by methods on <see cref="T:System.Text.RegularExpressions.Regex"/>.</summary>
        </member>
        <member name="M:System.Text.RegularExpressions.Generated.MessageRegex_1.RunnerFactory.CreateInstance">
            <summary>Creates an instance of a <see cref="T:System.Text.RegularExpressions.RegexRunner"/> used by methods on <see cref="T:System.Text.RegularExpressions.Regex"/>.</summary>
        </member>
        <member name="T:System.Text.RegularExpressions.Generated.MessageRegex_1.RunnerFactory.Runner">
            <summary>Provides the runner that contains the custom logic implementing the specified regular expression.</summary>
        </member>
        <member name="M:System.Text.RegularExpressions.Generated.MessageRegex_1.RunnerFactory.Runner.Scan(System.ReadOnlySpan{System.Char})">
            <summary>Scan the <paramref name="inputSpan"/> starting from base.runtextstart for the next match.</summary>
            <param name="inputSpan">The text being scanned by the regular expression.</param>
        </member>
        <member name="M:System.Text.RegularExpressions.Generated.MessageRegex_1.RunnerFactory.Runner.TryFindNextPossibleStartingPosition(System.ReadOnlySpan{System.Char})">
            <summary>Search <paramref name="inputSpan"/> starting from base.runtextpos for the next location a match could possibly start.</summary>
            <param name="inputSpan">The text being scanned by the regular expression.</param>
            <returns>true if a possible match was found; false if no more matches are possible.</returns>
        </member>
        <member name="M:System.Text.RegularExpressions.Generated.MessageRegex_1.RunnerFactory.Runner.TryMatchAtCurrentPosition(System.ReadOnlySpan{System.Char})">
            <summary>Determine whether <paramref name="inputSpan"/> at base.runtextpos is a match for the regular expression.</summary>
            <param name="inputSpan">The text being scanned by the regular expression.</param>
            <returns>true if the regular expression matches at the current position; otherwise, false.</returns>
        </member>
        <member name="T:System.Text.RegularExpressions.Generated.SystemMessageRegex_2">
            <summary>Custom <see cref="T:System.Text.RegularExpressions.Regex"/>-derived type for the SystemMessageRegex method.</summary>
        </member>
        <member name="F:System.Text.RegularExpressions.Generated.SystemMessageRegex_2.Instance">
            <summary>Cached, thread-safe singleton instance.</summary>
        </member>
        <member name="M:System.Text.RegularExpressions.Generated.SystemMessageRegex_2.#ctor">
            <summary>Initializes the instance.</summary>
        </member>
        <member name="T:System.Text.RegularExpressions.Generated.SystemMessageRegex_2.RunnerFactory">
            <summary>Provides a factory for creating <see cref="T:System.Text.RegularExpressions.RegexRunner"/> instances to be used by methods on <see cref="T:System.Text.RegularExpressions.Regex"/>.</summary>
        </member>
        <member name="M:System.Text.RegularExpressions.Generated.SystemMessageRegex_2.RunnerFactory.CreateInstance">
            <summary>Creates an instance of a <see cref="T:System.Text.RegularExpressions.RegexRunner"/> used by methods on <see cref="T:System.Text.RegularExpressions.Regex"/>.</summary>
        </member>
        <member name="T:System.Text.RegularExpressions.Generated.SystemMessageRegex_2.RunnerFactory.Runner">
            <summary>Provides the runner that contains the custom logic implementing the specified regular expression.</summary>
        </member>
        <member name="M:System.Text.RegularExpressions.Generated.SystemMessageRegex_2.RunnerFactory.Runner.Scan(System.ReadOnlySpan{System.Char})">
            <summary>Scan the <paramref name="inputSpan"/> starting from base.runtextstart for the next match.</summary>
            <param name="inputSpan">The text being scanned by the regular expression.</param>
        </member>
        <member name="M:System.Text.RegularExpressions.Generated.SystemMessageRegex_2.RunnerFactory.Runner.TryFindNextPossibleStartingPosition(System.ReadOnlySpan{System.Char})">
            <summary>Search <paramref name="inputSpan"/> starting from base.runtextpos for the next location a match could possibly start.</summary>
            <param name="inputSpan">The text being scanned by the regular expression.</param>
            <returns>true if a possible match was found; false if no more matches are possible.</returns>
        </member>
        <member name="M:System.Text.RegularExpressions.Generated.SystemMessageRegex_2.RunnerFactory.Runner.TryMatchAtCurrentPosition(System.ReadOnlySpan{System.Char})">
            <summary>Determine whether <paramref name="inputSpan"/> at base.runtextpos is a match for the regular expression.</summary>
            <param name="inputSpan">The text being scanned by the regular expression.</param>
            <returns>true if the regular expression matches at the current position; otherwise, false.</returns>
        </member>
        <member name="T:System.Text.RegularExpressions.Generated.EmojiRegex_3">
            <summary>Custom <see cref="T:System.Text.RegularExpressions.Regex"/>-derived type for the EmojiRegex method.</summary>
        </member>
        <member name="F:System.Text.RegularExpressions.Generated.EmojiRegex_3.Instance">
            <summary>Cached, thread-safe singleton instance.</summary>
        </member>
        <member name="M:System.Text.RegularExpressions.Generated.EmojiRegex_3.#ctor">
            <summary>Initializes the instance.</summary>
        </member>
        <member name="T:System.Text.RegularExpressions.Generated.EmojiRegex_3.RunnerFactory">
            <summary>Provides a factory for creating <see cref="T:System.Text.RegularExpressions.RegexRunner"/> instances to be used by methods on <see cref="T:System.Text.RegularExpressions.Regex"/>.</summary>
        </member>
        <member name="M:System.Text.RegularExpressions.Generated.EmojiRegex_3.RunnerFactory.CreateInstance">
            <summary>Creates an instance of a <see cref="T:System.Text.RegularExpressions.RegexRunner"/> used by methods on <see cref="T:System.Text.RegularExpressions.Regex"/>.</summary>
        </member>
        <member name="T:System.Text.RegularExpressions.Generated.EmojiRegex_3.RunnerFactory.Runner">
            <summary>Provides the runner that contains the custom logic implementing the specified regular expression.</summary>
        </member>
        <member name="M:System.Text.RegularExpressions.Generated.EmojiRegex_3.RunnerFactory.Runner.Scan(System.ReadOnlySpan{System.Char})">
            <summary>Scan the <paramref name="inputSpan"/> starting from base.runtextstart for the next match.</summary>
            <param name="inputSpan">The text being scanned by the regular expression.</param>
        </member>
        <member name="M:System.Text.RegularExpressions.Generated.EmojiRegex_3.RunnerFactory.Runner.TryFindNextPossibleStartingPosition(System.ReadOnlySpan{System.Char})">
            <summary>Search <paramref name="inputSpan"/> starting from base.runtextpos for the next location a match could possibly start.</summary>
            <param name="inputSpan">The text being scanned by the regular expression.</param>
            <returns>true if a possible match was found; false if no more matches are possible.</returns>
        </member>
        <member name="M:System.Text.RegularExpressions.Generated.EmojiRegex_3.RunnerFactory.Runner.TryMatchAtCurrentPosition(System.ReadOnlySpan{System.Char})">
            <summary>Determine whether <paramref name="inputSpan"/> at base.runtextpos is a match for the regular expression.</summary>
            <param name="inputSpan">The text being scanned by the regular expression.</param>
            <returns>true if the regular expression matches at the current position; otherwise, false.</returns>
        </member>
        <member name="T:System.Text.RegularExpressions.Generated.Utilities">
            <summary>Helper methods used by generated <see cref="T:System.Text.RegularExpressions.Regex"/>-derived implementations.</summary>
        </member>
        <member name="F:System.Text.RegularExpressions.Generated.Utilities.s_defaultTimeout">
            <summary>Default timeout value set in <see cref="T:System.AppContext"/>, or <see cref="F:System.Text.RegularExpressions.Regex.InfiniteMatchTimeout"/> if none was set.</summary>
        </member>
        <member name="F:System.Text.RegularExpressions.Generated.Utilities.s_hasTimeout">
            <summary>Whether <see cref="F:System.Text.RegularExpressions.Generated.Utilities.s_defaultTimeout"/> is non-infinite.</summary>
        </member>
        <member name="F:System.Text.RegularExpressions.Generated.Utilities.s_asciiLetters">
            <summary>Supports searching for characters in or not in "ABCDEFGHIJKLMNOPQRSTUVWXYZabcdefghijklmnopqrstuvwxyz".</summary>
        </member>
    </members>
</doc>
