{
  "Author": "Infi, Anna",
  "Name": "Chat 2",
  "InternalName": "ChatTwo",
  "AssemblyVersion": "1.28.2.0",
  "Description": "Chat 2 is a complete rewrite of the in-game chat window as a plugin.\nIt supports:\n\n- Unlimited tabs\n- Tabs that always send to a certain channel\n- More flexible filtering\n- RGB channel colouring\n- Completely variable font size\n- Sidebar tabs\n- Unread counts\n- Emotes\n- Screenshot mode (obfuscate names)",
  "ApplicableVersion": "any",
  "RepoUrl": "https://github.com/Infiziert90/ChatTwo",
  "Tags": [
    "Social",
    "UI",
    "Chat",
    "Replacement"
  ],
  "DalamudApiLevel": 10,
  "LoadRequiredState": 0,
  "LoadSync": false,
  "CanUnloadAsync": false,
  "LoadPriority": 0,
  "Punchline": "Electric Boogaloo - ♪ A whole new chat, a new fantastic chat window ♪",
  "Changelog": "**Added**\n- Implement 24-hour clock timestamp option [default false]\n\n**Fixes**\n- Bozja/Eureka tells should work again\n- Invites in Bozja/Eureka should work again\n  - Added a notification that warns about fails duo missing player id\n- Hide activity channels are now saved across sessions\n\n**Misc**\n- Loc updates",
  "AcceptsFeedback": true
}