{
  "Author": "Infi, Anna",
  "Name": "Chat 2",
  "InternalName": "ChatTwo",
  "AssemblyVersion": "1.25.2.0",
  "Description": "Chat 2 is a complete rewrite of the in-game chat window as a plugin.\nIt supports:\n\n- Unlimited tabs\n- Tabs that always send to a certain channel\n- More flexible filtering\n- RGB channel colouring\n- Completely variable font size\n- Sidebar tabs\n- Unread counts\n- Emotes\n- Screenshot mode (obfuscate names)",
  "ApplicableVersion": "any",
  "RepoUrl": "https://github.com/Infiziert90/ChatTwo",
  "Tags": [
    "Social",
    "UI",
    "Chat",
    "Replacement"
  ],
  "DalamudApiLevel": 9,
  "LoadRequiredState": 0,
  "LoadSync": false,
  "CanUnloadAsync": false,
  "LoadPriority": 0,
  "Punchline": "Electric Boogaloo - ♪ A whole new chat, a new fantastic chat window ♪",
  "Changelog": "**New**\n- Changelog tab\n  - Shows the latest changelog\n  - Has an option to disable printing of changelogs to chat\n\n**Message Preview**\n- Message preview has now its own config tab\n- Added a new position: Tooltip\n  - Shows up while hovering the input box\n  - This won't support the letter selection or any of the hover features\n- Added option to set a minimum length before message preview appears\n- Added option to only show preview if special parameter are used (<item>, emotes...)\n- Selectable letters in message preview\n  - Click on any letter and the text cursor will jump to its position\n- Better word wrapping in message preview\n\n**Fixes**\n- Prevent rare null reference on plugin load\n- Prevent null strings from being parsed\n- Parsing of emotes works with punctuation and non latin letters surrounding it\n\n**Future Updates**\n- Message preview will receive numerous features over the next weeks\n  - More parameter will be supported (<t> ...)\n  - Better customization (Position it anywhere)\n  - Feedback is always welcome\n  - If you want to disable this feature all together, visit the Preview tab in your config\n- Fix welcome messages getting shuffled\n- Message history viewer, going above the 10,000 that chat2 can display at once",
  "AcceptsFeedback": true
}