{
  "Author": "Infi, Anna",
  "Name": "Chat 2",
  "InternalName": "ChatTwo",
  "AssemblyVersion": "1.23.3.0",
  "Description": "Chat 2 is a complete rewrite of the in-game chat window as a plugin.\nIt supports:\n\n- Unlimited tabs\n- Tabs that always send to a certain channel\n- More flexible filtering\n- RGB channel colouring\n- Completely variable font size\n- Sidebar tabs\n- Unread counts\n- Screenshot mode (obfuscate names)",
  "ApplicableVersion": "any",
  "RepoUrl": "https://github.com/Infiziert90/ChatTwo",
  "Tags": [
    "Social",
    "UI",
    "Chat",
    "Replacement"
  ],
  "DalamudApiLevel": 9,
  "LoadRequiredState": 0,
  "LoadSync": false,
  "CanUnloadAsync": false,
  "LoadPriority": 0,
  "Punchline": "Electric Boogaloo - ♪ A whole new chat, a new fantastic chat window ♪",
  "AcceptsFeedback": true
}