{
  "Author": "Elypha",
  "Name": "BilingualTooltips",
  "InternalName": "BilingualTooltips",
  "AssemblyVersion": "1.5.0.0",
  "Description": "In case the WoL speaks more than one language",
  "ApplicableVersion": "any",
  "RepoUrl": "https://github.com/Elypha/BilingualTooltips",
  "Tags": [
    "Tooltip",
    "Language",
    "Translation",
    "Elypha"
  ],
  "CategoryTags": [
    "Utility",
    "UI",
    "Other"
  ],
  "DalamudApiLevel": 14,
  "LoadRequiredState": 0,
  "LoadSync": false,
  "CanUnloadAsync": false,
  "LoadPriority": 0,
  "Punchline": "In case the WoL speaks more than one language",
  "AcceptsFeedback": true
}