{
  "Author": "Elypha",
  "Name": "BilingualTooltips",
  "InternalName": "BilingualTooltips",
  "AssemblyVersion": "1.2.0.0",
  "Description": "Yes, we have tooltips displayed in two languages now. You paid SE for 4 languages so make very good use of it.\n\n- Interested in localised item descriptions in different languages?\n- Got fed up of transliterated カタカナ and would rather read just the original words?\n\nWe've got you! See plugin config to customise your own experience.\n",
  "ApplicableVersion": "any",
  "RepoUrl": "https://github.com/Elypha/BilingualTooltips",
  "Tags": [
    "Tooltip",
    "Language",
    "Translation",
    "Elypha"
  ],
  "CategoryTags": [
    "Utility",
    "UI",
    "Other"
  ],
  "DalamudApiLevel": 11,
  "LoadRequiredState": 0,
  "LoadSync": false,
  "CanUnloadAsync": false,
  "LoadPriority": 0,
  "Punchline": "In case the WoL speaks more than one language",
  "AcceptsFeedback": true
}