{
  "Author": "Franz",
  "Name": "ChatTyper",
  "InternalName": "ChatTyper",
  "AssemblyVersion": "0.1.4.0",
  "Description": "Prefixes all chatbox messages with their chat type number and name, if known.",
  "ApplicableVersion": "any",
  "RepoUrl": "https://github.com/reiichi001/dalamud-chattyper",
  "DalamudApiLevel": 10,
  "LoadRequiredState": 0,
  "LoadSync": false,
  "CanUnloadAsync": false,
  "LoadPriority": 0,
  "Punchline": "This is still mostly a dev tool for debugging, but people like it?",
  "AcceptsFeedback": true
}