{
  "Author": "Blackcatz1911",
  "Name": "Currency Spender",
  "InternalName": "CurrencySpender",
  "AssemblyVersion": "1.2.5.0",
  "Description": "Figure out what to do with all the ingame currencies.",
  "ApplicableVersion": "any",
  "RepoUrl": "https://github.com/Blackcatz1911/CurrencySpender",
  "Tags": [
    "currency",
    "poetics",
    "tomestone"
  ],
  "DalamudApiLevel": 14,
  "LoadRequiredState": 0,
  "LoadSync": false,
  "CanUnloadAsync": false,
  "LoadPriority": 0,
  "Punchline": "Discover how to use all the in-game currencies.",
  "AcceptsFeedback": true
}