{
  "Author": "ascclemens",
  "Name": "The Heart of the Party",
  "InternalName": "TheHeartOfTheParty",
  "AssemblyVersion": "1.0.4.0",
  "Description": "The Heart of the Party is a remake of the in-game title picker, but it\nsupports searching. Note that it doesn't add a command to set your title; use\nthe built-in /title command instead.",
  "ApplicableVersion": "any",
  "RepoUrl": "https://git.annaclemens.io/ascclemens/TheHeartOfTheParty",
  "DalamudApiLevel": 7,
  "LoadPriority": 0,
  "Punchline": "Set your character's title - now with Searchalin!"
}