{
  "Author": "Felys",
  "Name": "EnemyListDebuffs",
  "InternalName": "EnemyListDebuffs",
  "AssemblyVersion": "1.12.0.0",
  "Description": "Displays your debuffs on the enemy list. Original implementation credit to aers.",
  "ApplicableVersion": "any",
  "RepoUrl": "https://github.com/Felys1998/EnemyListDebuffs",
  "DalamudApiLevel": 12,
  "LoadRequiredState": 0,
  "LoadSync": false,
  "CanUnloadAsync": false,
  "LoadPriority": 0,
  "Punchline": "Because tracking your DoTs shouldn't be difficult.",
  "AcceptsFeedback": true
}