{
  "Author": "Felys, maintained by Limiana",
  "Name": "EnemyListDebuffs",
  "InternalName": "EnemyListDebuffs",
  "AssemblyVersion": "1.13.0.1",
  "Description": "Dalamud plugin that shows debuffs on the Enemy List.",
  "ApplicableVersion": "any",
  "RepoUrl": "https://github.com/Limiana/EnemyListDebuffs",
  "DalamudApiLevel": 14,
  "LoadRequiredState": 0,
  "LoadSync": false,
  "CanUnloadAsync": false,
  "LoadPriority": 0,
  "Punchline": "Because tracking your DoTs shouldn't be difficult.",
  "AcceptsFeedback": true
}