{
  "Author": "Styr1x",
  "Name": "Browsingway",
  "InternalName": "Browsingway",
  "AssemblyVersion": "1.5.0.0",
  "Description": "Renders browser overlays in-game to enable playing in fullscreen (and G-SYNC) while having access to ACT overlays.\nUse the settings button below or the '/bw config' command to configure.\nBased on the BrowserHost plugin by ackwell.",
  "ApplicableVersion": "any",
  "RepoUrl": "https://github.com/Styr1x/Browsingway",
  "Tags": [
    "framework",
    "browser",
    "inlay",
    "overlay",
    "chromium",
    "act",
    "youtube",
    "website",
    "video"
  ],
  "DalamudApiLevel": 8,
  "LoadRequiredState": 0,
  "LoadSync": false,
  "LoadPriority": 0,
  "Punchline": "Browser overlays rendered in-game.",
  "Changelog": "-Add 'Disabled' option\n-Add 'Mute' option\nAdd 'ACT optimizations' option (disables overlay when ACT is not running)\n- Fix keyboard input and focus handling\n- Update Chromium to 108.0.5359.125\n- API 8 support",
  "AcceptsFeedback": true
}