{
  "Author": "Styr1x",
  "Name": "Browsingway",
  "InternalName": "Browsingway",
  "AssemblyVersion": "1.6.2",
  "Description": "Renders browser overlays in-game to enable playing in fullscreen (and G-SYNC) while having access to ACT overlays.\nUse the settings button below or the '/bw config' command to configure.\nBased on the BrowserHost plugin by ackwell.",
  "ApplicableVersion": "any",
  "RepoUrl": "https://github.com/Styr1x/Browsingway",
  "Tags": [
    "framework",
    "browser",
    "inlay",
    "overlay",
    "chromium",
    "act",
    "youtube",
    "website",
    "video"
  ],
  "DalamudApiLevel": 10,
  "LoadRequiredState": 0,
  "LoadSync": false,
  "CanUnloadAsync": false,
  "LoadPriority": 0,
  "Punchline": "Browser overlays rendered in-game.",
  "Changelog": "- Fix local storage not working after Chromium update\n  Note: Due to encryption changes in Chromium, local storage data from previous versions will be lost.\n",
  "AcceptsFeedback": true
}