{
  "Author": "Styr1x",
  "Name": "Browsingway",
  "InternalName": "Browsingway",
  "AssemblyVersion": "1.5.5.0",
  "Description": "Renders browser overlays in-game to enable playing in fullscreen (and G-SYNC) while having access to ACT overlays.\nUse the settings button below or the '/bw config' command to configure.\nBased on the BrowserHost plugin by ackwell.",
  "ApplicableVersion": "any",
  "RepoUrl": "https://github.com/Styr1x/Browsingway",
  "Tags": [
    "framework",
    "browser",
    "inlay",
    "overlay",
    "chromium",
    "act",
    "youtube",
    "website",
    "video"
  ],
  "DalamudApiLevel": 9,
  "LoadRequiredState": 0,
  "LoadSync": false,
  "CanUnloadAsync": false,
  "LoadPriority": 0,
  "Punchline": "Browser overlays rendered in-game.",
  "Changelog": "- Chromium 117.0.5938.132 (fix for CVE-2023-4863 and CVE-2023-5217)\n- API9 compatibility\n- Custom CSS feature by xorus/olee (experimental, unsupported)",
  "AcceptsFeedback": true
}