{
  "Author": "Styr1x",
  "Name": "Browsingway",
  "InternalName": "Browsingway",
  "AssemblyVersion": "1.5.6.0",
  "Description": "Renders browser overlays in-game to enable playing in fullscreen (and G-SYNC) while having access to ACT overlays.\nUse the settings button below or the '/bw config' command to configure.\nBased on the BrowserHost plugin by ackwell.",
  "ApplicableVersion": "any",
  "RepoUrl": "https://github.com/Styr1x/Browsingway",
  "Tags": [
    "framework",
    "browser",
    "inlay",
    "overlay",
    "chromium",
    "act",
    "youtube",
    "website",
    "video"
  ],
  "DalamudApiLevel": 9,
  "LoadRequiredState": 0,
  "LoadSync": false,
  "CanUnloadAsync": false,
  "LoadPriority": 0,
  "Punchline": "Browser overlays rendered in-game.",
  "Changelog": "- Chromium 121.0.6167.184 (fix for various CVEs)\n- Fullscreen mode by Una (experimental, unsupported)\n- Minor UI fixes",
  "AcceptsFeedback": true
}