{
  "Author": "erroch",
  "Name": "FFXIV RP Event Calendar",
  "InternalName": "FFXIVRPCalendarPlugin",
  "AssemblyVersion": "1.0.1.2",
  "Description": "An in game portal to the FFXIV RP Event Calendar (https://ffxiv-rp.org).  Use /events to bring up the list of roleplay events happening this week.",
  "ApplicableVersion": "any",
  "RepoUrl": "https://github.com/erroch/FFXIVRPEventCalendarPlugin",
  "Tags": [
    "roleplay",
    "calendar",
    "rp",
    "events",
    "rp events"
  ],
  "DalamudApiLevel": 9,
  "LoadRequiredState": 0,
  "LoadSync": false,
  "CanUnloadAsync": false,
  "LoadPriority": 0,
  "Punchline": "Want to know what's going in in roleplay today?",
  "AcceptsFeedback": true
}