{
  "Author": "Anna, Azure Gem",
  "Name": "Quest Map",
  "InternalName": "QuestMap",
  "AssemblyVersion": "14.0.0.0",
  "Description": "Explore quests and their rewards.\n- Search for quest names or their rewards, including instances,\n  beast tribes, minions, etc.\n- See an interactive map of quest requirements and unlocks.\n- Open a quest info window even for quests you haven't completed.\n- Open quest starting locations on the map or open quests in the journal.\n\nIcons: treasure map by Anthony Ledoux from the Noun Project and\nlocked book by Anthony Ledoux from the Noun Project",
  "ApplicableVersion": "any",
  "RepoUrl": "https://github.com/rreminy/QuestMap",
  "DalamudApiLevel": 14,
  "LoadRequiredState": 0,
  "LoadSync": false,
  "CanUnloadAsync": false,
  "LoadPriority": 0,
  "Punchline": "Explore quests and their rewards.",
  "AcceptsFeedback": true
}