{
  "Author": "goat",
  "Name": "Wotsit",
  "InternalName": "Dalamud.FindAnything",
  "AssemblyVersion": "1.0.1.14",
  "Description": "Adds a convenient quick search akin to Spotlight that lets you open game windows, teleport, find wiki articles, and more.\nPress Control + T to open the search window. This can be changed by searching for \"Wotsit Settings\".",
  "ApplicableVersion": "any",
  "Tags": [
    "find",
    "teleport",
    "wiki"
  ],
  "DalamudApiLevel": 8,
  "LoadRequiredState": 0,
  "LoadSync": false,
  "LoadPriority": 0,
  "Punchline": "Find anything, go anywhere, in style.",
  "AcceptsFeedback": true
}