{
  "Author": "athene",
  "Name": "Launchpad Hotbars",
  "InternalName": "LaunchpadHotbars",
  "AssemblyVersion": "1.0.0.3",
  "Description": "A plugin that allows you to map hotbar actions to a novation launchpad. /lphb to open config.",
  "ApplicableVersion": "any",
  "RepoUrl": "https://github.com/gnargle/LPHotbars",
  "Tags": [
    "launchpad",
    "plugin",
    "hotbars",
    "actions",
    "midi"
  ],
  "DalamudApiLevel": 13,
  "LoadRequiredState": 0,
  "LoadSync": false,
  "CanUnloadAsync": false,
  "LoadPriority": 0,
  "IconUrl": "https://raw.githubusercontent.com/gnargle/LPHotbars/master/LaunchpadHotbars/images/icon.png",
  "Punchline": "A plugin that allows you to map hotbar actions to a novation launchpad",
  "AcceptsFeedback": true
}