{
  "Author": "perchbird",
  "Name": "ResLogger2.Plugin",
  "InternalName": "ResLogger2.Plugin",
  "AssemblyVersion": "0.0.1.5",
  "Description": "ResLogger2 allows you to log paths that the game loads in a fast and convenient\nwindow, with multiple options including only logging unique paths, path filters,\nand uploading found paths. Note that the current database of found paths can\nbe downloaded at any time at https://rl2.perchbird.dev/export.csv.",
  "ApplicableVersion": "any",
  "RepoUrl": "https://github.com/lmcintyre/reslogger2",
  "DalamudApiLevel": 7,
  "LoadPriority": 1,
  "Punchline": "A path logger with optional crowdsourcing functionality.",
  "Changelog": "Update for 6.2."
}