{
  "Author": "perchbird",
  "Name": "ResLogger2.Plugin",
  "InternalName": "ResLogger2.Plugin",
  "AssemblyVersion": "0.0.2.2",
  "Description": "ResLogger2 allows you to log paths that the game loads in a fast and convenient\nwindow, with multiple options including only logging unique paths, path filters,\nand uploading found paths. Information on the crowdsourced paths is available\nat https://rl2.perchbird.dev.\nOpen the UI with /reslog.",
  "ApplicableVersion": "any",
  "RepoUrl": "https://github.com/lmcintyre/reslogger2",
  "DalamudApiLevel": 7,
  "LoadPriority": 1,
  "Punchline": "A path logger with optional crowdsourcing functionality.",
  "Changelog": "Complete web server rework and increased reliability in the plugin.\n- [Web only] Reworked the web server to further prevent hash collisions and include information from old game versions more accurately\n- [Web only] Added new methods of obtaining crowdsourced path data from the web server.\n- Reworked the database in the plugin to further prevent hash collisions.\n- Added a stats window to the plugin, showcasing path progress for the current game version and the total amount of paths found.\n- Added a new command to open the stats window.\n- Added a new command to perform XIV's crc32 on a given string.\n- Added a new tooltip to the path list window, showing the path's hashes."
}