{
  "Author": "perchbird",
  "Name": "ResLogger2.Plugin",
  "InternalName": "ResLogger2.Plugin",
  "AssemblyVersion": "0.0.3.2",
  "Description": "ResLogger2 allows you to log paths that the game loads in a fast and convenient\nwindow, with multiple options including only logging unique paths, path filters,\nand uploading found paths. Information on the crowdsourced paths is available\nat https://rl2.perchbird.dev.\nOpen the UI with /reslog.",
  "ApplicableVersion": "any",
  "RepoUrl": "https://github.com/perchbirdd/reslogger2",
  "DalamudApiLevel": 14,
  "LoadRequiredState": 0,
  "LoadSync": false,
  "CanUnloadAsync": false,
  "LoadPriority": 1,
  "Punchline": "A path logger with optional crowdsourcing functionality.",
  "Changelog": "New feature! Filtering paths using Regex by @karou",
  "AcceptsFeedback": true
}