{
  "Author": "Loody",
  "Name": "BetterFriendList",
  "InternalName": "BetterFriendList",
  "AssemblyVersion": "1.0.2.3",
  "Description": "Friend list but with better sorting, can search by name, refresh with a button, color names..\nRight click for context menu.",
  "ApplicableVersion": "any",
  "RepoUrl": "https://github.com/devckuw/BetterFriendList",
  "Tags": [
    "friend",
    "ui",
    "Loody"
  ],
  "DalamudApiLevel": 13,
  "LoadRequiredState": 0,
  "LoadSync": false,
  "CanUnloadAsync": false,
  "LoadPriority": 0,
  "IconUrl": "https://raw.githubusercontent.com/devckuw/BetterFriendList/master/BetterFriendList/images/icon.png",
  "Punchline": "SE friend list sucks.",
  "AcceptsFeedback": true
}