{
  "Author": "spide-r",
  "Name": "SoundEffectMuter",
  "InternalName": "SoundEffectMuter",
  "AssemblyVersion": "1.3.1.0",
  "Description": "This plugin silences all text sound effects and quick chat.\n\nFor feedback, please contact .spider in the Dalamud discord.",
  "ApplicableVersion": "any",
  "Tags": [
    "frontlines",
    "cc",
    "pvp",
    "sound effect",
    "se",
    "quick chat"
  ],
  "CategoryTags": [
    "utility",
    "other"
  ],
  "DalamudApiLevel": 14,
  "LoadRequiredState": 0,
  "LoadSync": false,
  "CanUnloadAsync": false,
  "LoadPriority": 0,
  "IconUrl": "https://github.com/spide-r/SoundEffectMuter/blob/main/images/icon.png",
  "Punchline": "Quiets the Gameplay Experience.",
  "AcceptsFeedback": false
}