{
  "Author": "Tischel",
  "Name": "ActionTimeline",
  "InternalName": "ActionTimeline",
  "AssemblyVersion": "1.1.0.0",
  "Description": "Configurable timeline display of all the actions you use.",
  "ApplicableVersion": "any",
  "RepoUrl": "https://github.com/Tischel/ActionTimeline",
  "Tags": [
    "UI"
  ],
  "DalamudApiLevel": 8,
  "LoadRequiredState": 0,
  "LoadSync": false,
  "LoadPriority": 0,
  "Punchline": "Show your actions in real-time.",
  "Changelog": "1.1.0.0\n- Added support for Patch 6.3 and Dalamud Api8.",
  "AcceptsFeedback": true
}