{
  "Author": "Tischel",
  "Name": "ActionTimeline",
  "InternalName": "ActionTimeline",
  "AssemblyVersion": "1.3.0.1",
  "Description": "Configurable timeline display of all the actions you use.",
  "ApplicableVersion": "any",
  "RepoUrl": "https://github.com/Tischel/ActionTimeline",
  "Tags": [
    "UI"
  ],
  "DalamudApiLevel": 9,
  "LoadRequiredState": 0,
  "LoadSync": false,
  "CanUnloadAsync": false,
  "LoadPriority": 0,
  "Punchline": "Show your actions in real-time.",
  "Changelog": "# 1.3.0.1\n\n- Fixed Samurai's Kaeshi: Namikiri not showing correctly on the timeline.\n- Fixed several Ninja actions not showing correctly on the timeline.",
  "AcceptsFeedback": true
}