{
  "Author": "Cair",
  "Name": "Redirect",
  "InternalName": "Redirect",
  "AssemblyVersion": "1.2.4.0",
  "Description": "Easily change the targeting priority for spells and abilities. Queue macros, sprint, and potions! Type /redirect to configure.",
  "ApplicableVersion": "any",
  "RepoUrl": "https://github.com/cairthenn/Redirect",
  "Tags": [
    "jobs",
    "utility"
  ],
  "DalamudApiLevel": 10,
  "LoadRequiredState": 0,
  "LoadSync": false,
  "CanUnloadAsync": false,
  "LoadPriority": 0,
  "Punchline": "Change where your actions are going, queue macros, queue sprint, and queue potions!",
  "AcceptsFeedback": true
}