{
  "Author": "Cair",
  "Name": "Redirect",
  "InternalName": "Redirect",
  "AssemblyVersion": "1.2.6.0",
  "Description": "Action target switching plugin for Dalamud.",
  "ApplicableVersion": "any",
  "RepoUrl": "https://github.com/cairthenn/Redirect",
  "Tags": [
    "jobs",
    "utility"
  ],
  "DalamudApiLevel": 14,
  "LoadRequiredState": 0,
  "LoadSync": false,
  "CanUnloadAsync": false,
  "LoadPriority": 0,
  "Punchline": "Simple mouseover and ground-targeting action integration",
  "AcceptsFeedback": true
}