{
  "Author": "Caraxi",
  "Name": "Item Search",
  "InternalName": "ItemSearchPlugin",
  "AssemblyVersion": "1.10.0.2",
  "Description": "Filterable search for Items and Key Items.\nTry on any item without having to find someone to link it.",
  "ApplicableVersion": "any",
  "RepoUrl": "https://github.com/Caraxi/ItemSearchPlugin",
  "DalamudApiLevel": 11,
  "LoadRequiredState": 0,
  "LoadSync": false,
  "CanUnloadAsync": false,
  "LoadPriority": 0,
  "Punchline": "Search and link items, even if you don't have them.",
  "AcceptsFeedback": true
}