{
  "Author": "Infi, shdwp, Aelexe",
  "Name": "Fader Plugin",
  "InternalName": "FaderPlugin",
  "AssemblyVersion": "2.7.2.0",
  "Description": "Lets you automatically hide certain game UI elements based on number of conditions.",
  "ApplicableVersion": "any",
  "RepoUrl": "https://github.com/Infiziert90/xivFaderPlugin",
  "Tags": [
    "UI"
  ],
  "DalamudApiLevel": 12,
  "LoadRequiredState": 0,
  "LoadSync": false,
  "CanUnloadAsync": false,
  "LoadPriority": 0,
  "Punchline": "Automatically hides UI elements.",
  "AcceptsFeedback": true
}