{
  "Author": "shdwp, Aelexe, maintained by Infi",
  "Name": "Fader Plugin",
  "InternalName": "FaderPlugin",
  "AssemblyVersion": "2.6.2.2",
  "Description": "Lets you automatically hide certain game UI elements based on number of conditions.",
  "ApplicableVersion": "any",
  "RepoUrl": "https://github.com/shdwp/xivFaderPlugin",
  "Tags": [
    "UI"
  ],
  "DalamudApiLevel": 10,
  "LoadRequiredState": 0,
  "LoadSync": false,
  "CanUnloadAsync": false,
  "LoadPriority": 0,
  "Punchline": "Automatically hides UI elements.",
  "Changelog": "",
  "AcceptsFeedback": true
}