{
  "Author": "Tischel, Caitlyn",
  "Name": "Inventory Search Bar",
  "InternalName": "InventorySearchBar",
  "AssemblyVersion": "1.9.0.0",
  "Description": "Supports different types of filters to be able to find items by name, type, supported job or level requirements.\n\nSupported Inventories:\n\t- Character Inventory\n\t- Chocobo Saddlebags\n\t- Retainer Inventory\n\t- Armoury",
  "ApplicableVersion": "any",
  "RepoUrl": "https://github.com/caitlyn-gg/InventorySearchBar",
  "Tags": [
    "UI"
  ],
  "DalamudApiLevel": 14,
  "LoadRequiredState": 0,
  "LoadSync": false,
  "CanUnloadAsync": false,
  "LoadPriority": 0,
  "Punchline": "Adds a search bar directly in the inventory window to filter items.",
  "Changelog": "# 1.9.0.0\n\n- Added support for Patch 7.4 and Dalamud API 14.",
  "AcceptsFeedback": true
}