{
    "PluginName": "DutyPusher",
    "WelcomeLine": "Willkommen bei DutyPusher, bitte lesen Sie die Anleitung vor der Verwendung",
    "GuideURL": "https://dutypusher.github.io/FFXIVDutyPusher/docs/",
    "PushChannel": "Push-Kanal",
    "Bark": "Bark",
    "PushDeer": "PushDeer",
    "TelegramOfficialAPI": "Telegram Bot Offizielle API",
    "Chat_ID": "Chat ID",
    "Get_Chat_ID": "Chat-ID erhalten",
    "BarkURL": "Bark-URL",
    "PushDeerKey": "PushDeer-Schlüssel",
    "TelegramBotToken": "Telegram Bot Token",
    "Test": "Test",
    "TimeSensitive": "Zeitkritisch",
    "Enable": "Aktivieren",
    "Save": "Speichern",
    "Guide": "Anleitung",
    "PushTitle": "DutyPusher",
    "PushContent": "Dein Dungeon ist bereit",
    "TestContent": "Dies ist eine Testbenachrichtigung vom FFXIV Dalamud Plugin DutyPusher",
    "LocalizationLoading": "Sprache Deutsch erfolgreich geladen!",
    "IsPluginActive": "DutyPusher ist",
    "On": "Aktiv",
    "Off": "Inaktiv",
    "ntfy": "Ntfy.sh Dienst",
    "ntfy.serverlist": "Ntfy.sh Dienstliste",
    "ntfy.sh": "Offizieller Push-Server ntfy.sh (empfohlen)",
    "ntfy.dutypusher": "Selbst gehosteter DutyPusher-Dienst (TBD)",
    "ntfy.customer": "Benutzerdefinierter Push-Dienst (URL-Format: https://domain.topleveldomain/ )",
    "ntfy.custom.serverURL": "URL des benutzerdefinierten Push-Dienstes",
    "ntfy.topic": "Thema",
    "ntfy.priority": "Priorität",
    "ntfy.priority.descript": "Bitte geben Sie eine Zahl von 1-5 ein (Standard ist 3)",
    "ntfy.emoji": "Für ein bisschen Spaß (sendet bei Benachrichtigung zufällig ein Emoji)"
}
