{
    "PluginName": "DutyPusher",
    "WelcomeLine": "Welcome to use the DutyPusher, please read the guide before using",
    "GuideURL": "https://dutypusher.github.io/FFXIVDutyPusher/docs/",
    "PushChannel": "Push Channel",
    "Bark": "Bark",
    "PushDeer": "PushDeer",
    "TelegramOfficialAPI": "Telegram Bot Official API",
    "Chat_ID": "Chat ID",
    "Get_Chat_ID": "Get ChatID",
    "BarkURL": "Bark URL",
    "PushDeerKey": "PushDeer Key",
    "TelegramBotToken": "Telegram Bot Token",
    "Test": "Test",
    "TimeSensitive": "Time Sensitive",
    "Enable": "Enable",
    "Save": "Save",
    "Guide": "Guide",
    "PushTitle": "DutyPusher",
    "PushContent": "Your Duty is ready",
    "TestContent": "This is a test notify from FFXIV Dalamud Plugin DutyPusher",
    "LocalizationLoading": "Sucessed to load Language English!",
    "IsPluginActive": "The DutyPusher is",
    "On": "Active",
    "Off": "Inactive",
    "ntfy": "Ntfy.sh Service",
    "ntfy.serverlist": "Ntfy.sh Service List",
    "ntfy.sh": "Official push server ntfy.sh (recommended)",
    "ntfy.dutypusher": "DutyPusher self-hosted service (TBD)",
    "ntfy.customer": "Custom push service (URL format: https://domain.topleveldomain/ )",
    "ntfy.custom.serverURL": "Custom push service URL",
    "ntfy.topic": "Topic",
    "ntfy.priority": "Priority",
    "ntfy.priority.descript": "Please enter a number from 1-5 (default is 3)",
    "ntfy.emoji": "For a bit of fun (sends a random Emoji with notifications)"
}
