{
    "PluginName": "DutyPusher",
    "WelcomeLine": "Bienvenido a DutyPusher, por favor lee la guía antes de usar",
    "GuideURL": "https://dutypusher.github.io/FFXIVDutyPusher/docs/",
    "PushChannel": "Canal de notificaciones",
    "Bark": "Bark",
    "PushDeer": "PushDeer",
    "TelegramOfficialAPI": "API Oficial de Telegram Bot",
    "Chat_ID": "Chat ID",
    "Get_Chat_ID": "Obtener ChatID",
    "BarkURL": "URL de Bark",
    "PushDeerKey": "Clave PushDeer",
    "TelegramBotToken": "Token del Bot de Telegram",
    "Test": "Probar",
    "TimeSensitive": "Notificación urgente",
    "Enable": "Habilitar",
    "Save": "Guardar",
    "Guide": "Guía",
    "PushTitle": "DutyPusher",
    "PushContent": "Tu mazmorra está lista",
    "TestContent": "Esta es una notificación de prueba del plugin FFXIV Dalamud DutyPusher",
    "LocalizationLoading": "¡Idioma español cargado con éxito!",
    "IsPluginActive": "DutyPusher está",
    "On": "Activo",
    "Off": "Inactivo",
    "ntfy": "Servicio Ntfy.sh",
    "ntfy.serverlist": "Lista de servicios Ntfy.sh",
    "ntfy.sh": "Servidor push oficial ntfy.sh (recomendado)",
    "ntfy.dutypusher": "Servicio autoalojado DutyPusher (TBD)",
    "ntfy.customer": "Servicio push personalizado (formato de URL: https://dominio.dominioprincipal/ )",
    "ntfy.custom.serverURL": "URL del servicio push personalizado",
    "ntfy.topic": "Tema",
    "ntfy.priority": "Prioridad",
    "ntfy.priority.descript": "Por favor, ingrese un número del 1 al 5 (el valor predeterminado es 3)",
    "ntfy.emoji": "Para divertirse un poco (envía un Emoji aleatorio con las notificaciones)"
}
