{
    "PluginName": "DutyPusher",
    "WelcomeLine": "Bienvenue sur DutyPusher, veuillez lire le guide avant utilisation",
    "GuideURL": "https://dutypusher.github.io/FFXIVDutyPusher/docs/",
    "PushChannel": "Canal de notification",
    "Bark": "Bark",
    "PushDeer": "PushDeer",
    "TelegramOfficialAPI": "API Officielle Telegram Bot",
    "Chat_ID": "Chat ID",
    "Get_Chat_ID": "Obtenir l'ID de chat",
    "BarkURL": "URL Bark",
    "PushDeerKey": "Clé PushDeer",
    "TelegramBotToken": "Jeton du bot Telegram",
    "Test": "Tester",
    "TimeSensitive": "Notification Urgent",
    "Enable": "Activer",
    "Save": "Enregistrer",
    "Guide": "Guide",
    "PushTitle": "DutyPusher",
    "PushContent": "Votre donjon est prêt",
    "TestContent": "Ceci est une notification de test du plugin FFXIV Dalamud DutyPusher",
    "LocalizationLoading": "Langue française chargée avec succès !",
    "IsPluginActive": "DutyPusher est",
    "On": "Actif",
    "Off": "Inactif",
    "ntfy": "Service Ntfy.sh",
    "ntfy.serverlist": "Liste des services Ntfy.sh",
    "ntfy.sh": "Serveur push officiel ntfy.sh (recommandé)",
    "ntfy.dutypusher": "Service auto-hébergé DutyPusher (TBD)",
    "ntfy.customer": "Service push personnalisé (format d'URL : https://domaine.domaineprincipal/ )",
    "ntfy.custom.serverURL": "URL du service push personnalisé",
    "ntfy.topic": "Sujet",
    "ntfy.priority": "Priorité",
    "ntfy.priority.descript": "Veuillez saisir un nombre de 1 à 5 (la valeur par défaut est 3)",
    "ntfy.emoji": "Pour un peu de fun (envoie un Emoji aléatoire avec les notifications)"
}
