{
    "PluginName": "DutyPusher",
    "WelcomeLine": "Benvenuto in DutyPusher, leggi la guida prima dell'uso",
    "GuideURL": "https://dutypusher.github.io/FFXIVDutyPusher/docs/",
    "PushChannel": "Canale di notifica",
    "Bark": "Bark",
    "PushDeer": "PushDeer",
    "TelegramOfficialAPI": "API Ufficiale Telegram Bot",
    "Chat_ID": "Chat ID",
    "Get_Chat_ID": "Ottieni ChatID",
    "BarkURL": "URL Bark",
    "PushDeerKey": "Chiave PushDeer",
    "TelegramBotToken": "Token del Bot Telegram",
    "Test": "Test",
    "TimeSensitive": "Tempodipendente",
    "Enable": "Abilita",
    "Save": "Salva",
    "Guide": "Guida",
    "PushTitle": "DutyPusher",
    "PushContent": "Il tuo dungeon è pronto",
    "TestContent": "Questo è un test di notifica dal plugin FFXIV Dalamud DutyPusher",
    "LocalizationLoading": "Lingua italiana caricata con successo!",
    "IsPluginActive": "DutyPusher è",
    "On": "Attivo",
    "Off": "Disattivo",
    "ntfy": "Servizio Ntfy.sh",
    "ntfy.serverlist": "Elenco servizi Ntfy.sh",
    "ntfy.sh": "Server push ufficiale ntfy.sh (consigliato)",
    "ntfy.dutypusher": "Servizio self-hosted DutyPusher (TBD)",
    "ntfy.customer": "Servizio push personalizzato (formato URL: https://dominio.dominioprincipale/ )",
    "ntfy.custom.serverURL": "URL del servizio push personalizzato",
    "ntfy.topic": "Argomento",
    "ntfy.priority": "Priorità",
    "ntfy.priority.descript": "Inserisci un numero da 1 a 5 (il valore predefinito è 3)",
    "ntfy.emoji": "Per un po' di divertimento (invia un Emoji casuale con le notifiche)"
}
