{
    "PluginName": "DutyPusher",
    "WelcomeLine": "DutyPusherへようこそ。使用前にガイドをお読みください",
    "GuideURL": "https://dutypusher.github.io/FFXIVDutyPusher/docs/",
    "PushChannel": "プッシュチャネル",
    "Bark": "Bark",
    "PushDeer": "PushDeer",
    "TelegramOfficialAPI": "Telegram Bot公式API",
    "Chat_ID": "Chat ID",
    "Get_Chat_ID": "ChatIDを取得",
    "BarkURL": "Bark URL",
    "PushDeerKey": "PushDeerキー",
    "TelegramBotToken": "Telegram Botトークン",
    "Test": "テスト",
    "TimeSensitive": "タイムセンシティブ",
    "Enable": "有効",
    "Save": "保存",
    "Guide": "ガイド",
    "PushTitle": "DutyPusher",
    "PushContent": "ダンジョンの準備が整いました",
    "TestContent": "FFXIV Dalamudプラグイン DutyPusher からのテスト通知です",
    "LocalizationLoading": "言語日本語の読み込みに成功しました！",
    "IsPluginActive": "DutyPusherの状態",
    "On": "有効",
    "Off": "無効",
    "ntfy": "Ntfy.sh サービス",
    "ntfy.serverlist": "Ntfy.sh サービスリスト",
    "ntfy.sh": "公式プッシュサーバー ntfy.sh （推奨）",
    "ntfy.dutypusher": "DutyPusher 自己ホスト型サービス（TBD）",
    "ntfy.customer": "カスタムプッシュサービス（URL形式：https://ドメイン.トップレベルドメイン/ ）",
    "ntfy.custom.serverURL": "カスタムプッシュサービスURL",
    "ntfy.topic": "トピック",
    "ntfy.priority": "優先度",
    "ntfy.priority.descript": "1～5の数字を入力してください（デフォルトは3です）",
    "ntfy.emoji": "お楽しみに（通知時にランダムな絵文字を送信します）"
}
