{
    "PluginName": "DutyPusher",
    "WelcomeLine": "Velkommen til DutyPusher, vennligst les bruksanvisningen før bruk",
    "GuideURL": "https://dutypusher.github.io/FFXIVDutyPusher/docs/",
    "PushChannel": "Push-kanal",
    "Bark": "Bark",
    "PushDeer": "PushDeer",
    "TelegramOfficialAPI": "Telegram Bot Offisiell API",
    "Chat_ID": "Chat ID",
    "Get_Chat_ID": "Hent ChatID",
    "BarkURL": "Bark URL",
    "PushDeerKey": "PushDeer-nøkkel",
    "TelegramBotToken": "Telegram Bot Token",
    "Test": "Test",
    "TimeSensitive": "Tidsfølsom",
    "Enable": "Aktiver",
    "Save": "Lagre",
    "Guide": "Veiledning",
    "PushTitle": "DutyPusher",
    "PushContent": "Dungeonet ditt er klart",
    "TestContent": "Dette er en testvarsel fra FFXIV Dalamud-plugin DutyPusher",
    "LocalizationLoading": "Norsk språk lastet inn!",
    "IsPluginActive": "DutyPusher er",
    "On": "Aktiv",
    "Off": "Inaktiv",
    "ntfy": "Ntfy.sh-tjeneste",
    "ntfy.serverlist": "Ntfy.sh-tjenesteliste",
    "ntfy.sh": "Offisiell push-server ntfy.sh (anbefalt)",
    "ntfy.dutypusher": "Selvbetjent DutyPusher-tjeneste (TBD)",
    "ntfy.customer": "Egendefinert push-tjeneste (URL-format: https://domene.toppnivådomene/ )",
    "ntfy.custom.serverURL": "URL for egendefinert push-tjeneste",
    "ntfy.topic": "Emne",
    "ntfy.priority": "Prioritet",
    "ntfy.priority.descript": "Vennligst skriv inn et tall fra 1-5 (standard er 3)",
    "ntfy.emoji": "For litt moro (sender en tilfeldig Emoji med varsler)"
}
