{
    "PluginName": "DutyPusher",
    "WelcomeLine": "Добро пожаловать в DutyPusher, пожалуйста, прочтите руководство перед использованием",
    "GuideURL": "https://dutypusher.github.io/FFXIVDutyPusher/docs/",
    "PushChannel": "Канал уведомлений",
    "Bark": "Bark",
    "PushDeer": "PushDeer",
    "TelegramOfficialAPI": "Официальный API Telegram Bot",
    "Chat_ID": "Chat ID",
    "Get_Chat_ID": "Получить ChatID",
    "BarkURL": "Bark URL",
    "PushDeerKey": "PushDeer ключ",
    "TelegramBotToken": "Токен Telegram Bot",
    "Test": "Тест",
    "TimeSensitive": "Срочное уведомление",
    "Enable": "Включить",
    "Save": "Сохранить",
    "Guide": "Руководство",
    "PushTitle": "DutyPusher",
    "PushContent": "Ваше подземелье готово",
    "TestContent": "Это тестовое уведомление от плагина FFXIV Dalamud DutyPusher",
    "LocalizationLoading": "Русский язык успешно загружен!",
    "IsPluginActive": "DutyPusher",
    "On": "Включен",
    "Off": "Выключен",
    "ntfy": "Сервис Ntfy.sh",
    "ntfy.serverlist": "Список сервисов Ntfy.sh",
    "ntfy.sh": "Официальный push-сервер ntfy.sh (рекомендуется)",
    "ntfy.dutypusher": "Собственный хостинг DutyPusher (TBD)",
    "ntfy.customer": "Пользовательский push-сервис (формат URL: https://домен.доменверхнегоуровня/ )",
    "ntfy.custom.serverURL": "URL пользовательского push-сервиса",
    "ntfy.topic": "Тема",
    "ntfy.priority": "Приоритет",
    "ntfy.priority.descript": "Введите число от 1 до 5 (по умолчанию 3)",
    "ntfy.emoji": "Для развлечения (отправляет случайный Emoji с уведомлениями)"
}
