{
    "PluginName": "DutyPusher",
    "WelcomeLine": "歡迎使用DutyPusher，使用前請閱讀使用指南",
    "GuideURL": "https://dutypusher.github.io/FFXIVDutyPusher/docs/",
    "PushChannel": "推送渠道",
    "Bark": "Bark",
    "PushDeer": "PushDeer",
    "TelegramOfficialAPI": "Telegram Bot官方API",
    "Chat_ID": "Chat ID",
    "Get_Chat_ID": "取得ChatID",
    "BarkURL": "Bark推送URL",
    "PushDeerKey": "PushDeer Key",
    "TelegramBotToken": "Telegram Bot Token",
    "Test": "測試",
    "TimeSensitive": "即時通知",
    "Enable": "啟用",
    "Save": "儲存",
    "Guide": "使用指南",
    "PushTitle": "DutyPusher",
    "PushContent": "你的副本已經準備就緒",
    "TestContent": "這是一則來自FFXIV Dalamud插件 DutyPusher 的測試通知",
    "LocalizationLoading": "成功載入語言: 繁體中文！",
    "IsPluginActive": "當前副本通知",
    "On": "開啟",
    "Off": "關閉",
    "ntfy": "Ntfy.sh 服務",
    "ntfy.serverlist": "Ntfy.sh 服務列表",
    "ntfy.sh": "官方推播伺服器 ntfy.sh （推薦）",
    "ntfy.dutypusher": "DutyPusher 自建服務（TBD）",
    "ntfy.customer": "自訂推播服務 （URL格式為 https://網域.根網域/ ）",
    "ntfy.custom.serverURL": "自訂推播服務URL",
    "ntfy.topic": "主題",
    "ntfy.priority": "優先級",
    "ntfy.priority.descript": "請輸入1-5的數字（預設為3）",
    "ntfy.emoji": "找點樂子（通知時隨機傳送Emoji）"
}
