{
    "PluginName": "狒狒排本小助手",
    "WelcomeLine": "欢迎使用狒狒排本小助手，请在使用前阅读使用教程",
    "GuideURL": "https://morcherlf.github.io/FFXIVDutyPusher/docs/",
    "PushChannel": "推送渠道",
    "Bark": "Bark",
    "PushDeer": "PushDeer",
    "TelegramOfficialAPI": "Telegram Bot官方API",
    "Chat_ID": "Chat ID",
    "Get_Chat_ID": "获取ChatID",
    "BarkURL": "Bark 推送URL",
    "PushDeerKey": "PushDeer 推送Key",
    "TelegramBotToken": "Telegram Bot Token",
    "Test": "测试",
    "TimeSensitive": "即时通知",
    "Enable": "启用",
    "Save": "保存",
    "Guide": "使用教程",
    "PushTitle": "狒狒排本小助手",
    "PushContent": "你的副本已经排到了",
    "TestContent": "这是一条来自卫月插件 狒狒排本小助手 的测试推送",
    "LocalizationLoading": "成功加载语言：中文！",
    "IsPluginActive": "当前排本通知",
    "On": "开",
    "Off": "关"
}
