{
    "PluginName": "狒狒排本小助手",
    "WelcomeLine": "欢迎使用狒狒排本小助手，请在使用前阅读使用教程",
    "GuideURL": "https://dutypusher.github.io/FFXIVDutyPusher/docs/",
    "PushChannel": "推送渠道",
    "Bark": "Bark",
    "PushDeer": "PushDeer",
    "TelegramOfficialAPI": "Telegram Bot官方API",
    "Chat_ID": "Chat ID",
    "Get_Chat_ID": "获取ChatID",
    "BarkURL": "Bark 推送URL",
    "PushDeerKey": "PushDeer 推送Key",
    "TelegramBotToken": "Telegram Bot Token",
    "Test": "测试",
    "TimeSensitive": "即时通知",
    "Enable": "启用",
    "Save": "保存",
    "Guide": "使用教程",
    "PushTitle": "狒狒排本小助手",
    "PushContent": "你的副本已经排到了",
    "TestContent": "这是一条来自卫月插件 狒狒排本小助手 的测试推送",
    "LocalizationLoading": "成功加载语言：中文！",
    "IsPluginActive": "当前排本通知",
    "On": "开",
    "Off": "关",
    "ntfy": "Ntfy.sh 服务",
    "ntfy.serverlist": "Ntfy.sh 服务列表",
    "ntfy.sh": "官方推送服务器 ntfy.sh （推荐）",
    "ntfy.dutypusher": "DutyPusher自搭建服务（待上线）",
    "ntfy.customer": "自定义推送服务 （URL格式为 https://域名.根域名/ ）",
    "ntfy.custom.serverURL": "自定义推送服务URL",
    "ntfy.topic": "主题",
    "ntfy.priority": "优先级",
    "ntfy.priority.descript": "请输入1-5的数字（默认为3）",
    "ntfy.emoji": "找点乐子（通知时随机发送Emoji）"
}
