{
  "Author": "Frogworks Interactive",
  "Name": "OOF!",
  "InternalName": "OofPlugin",
  "AssemblyVersion": "1.3.6.0",
  "Description": "OOF!",
  "ApplicableVersion": "any",
  "RepoUrl": "https://github.com/Frogworks-Interactive/OOF",
  "Tags": [
    "Oof",
    "Fall Damage",
    "Death",
    "Play",
    "Alarm",
    "Roblox",
    "Obby",
    "Sound",
    "Notification"
  ],
  "DalamudApiLevel": 14,
  "LoadRequiredState": 0,
  "LoadSync": false,
  "CanUnloadAsync": false,
  "LoadPriority": 0,
  "Punchline": "Play OOF! on fall and/or death. The Only Plugin You Need!",
  "AcceptsFeedback": true
}