{
  "Author": "Frogworks Interactive",
  "Name": "OOF!",
  "InternalName": "OofPlugin",
  "AssemblyVersion": "1.3.1.0",
  "Description": "i love roblox!!! \n           \nwhimsical and magical features...\n  - when other ppl die\n  - custom mp3\n  - instant access to the hour long documentary on oof by hbomberguy\n          ",
  "ApplicableVersion": "any",
  "RepoUrl": "https://github.com/Frogworks-Interactive/OOF",
  "Tags": [
    "Oof",
    "Fall Damage",
    "Death",
    "Play",
    "Alarm",
    "Roblox",
    "Obby",
    "Sound"
  ],
  "DalamudApiLevel": 10,
  "LoadRequiredState": 0,
  "LoadSync": false,
  "CanUnloadAsync": false,
  "LoadPriority": 0,
  "Punchline": "Play OOF! on fall and/or death. The Only Plugin You Need!",
  "AcceptsFeedback": true
}