{
  "Author": "smileyhead",
  "Name": "Sticky Focus Target",
  "InternalName": "StickyFocusTarget",
  "AssemblyVersion": "1.1.1.0",
  "Description": "Like /focustarget but with no overrides.",
  "ApplicableVersion": "any",
  "RepoUrl": "https://github.com/smileyhead/conditional-focustarget",
  "Tags": [
    "combat",
    "targeting",
    "targetting",
    "focusing",
    "conditionalfocustarget",
    "stickyfocustarget"
  ],
  "CategoryTags": [
    "jobs",
    "utility"
  ],
  "DalamudApiLevel": 14,
  "LoadRequiredState": 0,
  "LoadSync": false,
  "CanUnloadAsync": false,
  "LoadPriority": 0,
  "ImageUrls": [
    "https://github.com/smileyhead/conditional-focustarget/blob/master/Assets/image1.png",
    "https://github.com/smileyhead/conditional-focustarget/blob/master/Assets/image2.png",
    "https://github.com/smileyhead/conditional-focustarget/blob/master/Assets/image3.png"
  ],
  "IconUrl": "https://github.com/smileyhead/conditional-focustarget/blob/master/Assets/icon.png",
  "Punchline": "Like /focustarget, but with no overrides.",
  "Changelog": "Initial release.",
  "AcceptsFeedback": true
}