{
  "Author": "Zeffuro",
  "Name": "StatusTimers",
  "InternalName": "StatusTimers",
  "AssemblyVersion": "1.0.3.2",
  "Description": "StatusTimers provides clear, customizable bars for tracking your crucial buffs and debuffs. It helps you keep an eye on active effects, their remaining durations, and stacks, allowing you to optimize your gameplay without constantly staring at your tiny icons.",
  "ApplicableVersion": "any",
  "RepoUrl": "https://github.com/Zeffuro/StatusTimers",
  "Tags": [
    "UI",
    "Combat",
    "Aura",
    "Timers",
    "Status",
    "Buffs",
    "Debuffs",
    "DoT",
    "DoTs"
  ],
  "DalamudApiLevel": 14,
  "LoadRequiredState": 0,
  "LoadSync": false,
  "CanUnloadAsync": false,
  "LoadPriority": 0,
  "IconUrl": "https://raw.githubusercontent.com/Zeffuro/StatusTimers/master/StatusTimers/Media/icon.png",
  "Punchline": "Before StatusTimers, my buffs/debuffs were a mystery. Now, it's a well-organized history!",
  "AcceptsFeedback": true
}