{
  "Author": "Sylf",
  "Name": "Macro Recorded",
  "InternalName": "MacroRecorded",
  "AssemblyVersion": "1.0.5.2",
  "Description": "Records a crafting rotation you start and provides a way to export it to a macro so you can reutilize it.",
  "ApplicableVersion": "any",
  "RepoUrl": "https://github.com/danielbrenom/MacroRecorded",
  "Tags": [
    "macro",
    "record",
    "export",
    "crafting"
  ],
  "DalamudApiLevel": 12,
  "LoadRequiredState": 0,
  "LoadSync": false,
  "CanUnloadAsync": false,
  "LoadPriority": 0,
  "Punchline": "Records a crafting rotation and export it as a macro.",
  "Changelog": "- Updated API 12",
  "AcceptsFeedback": true
}