{
  "Author": "Sylf",
  "Name": "Macro Recorded",
  "InternalName": "MacroRecorded",
  "AssemblyVersion": "1.0.7.2",
  "Description": "A crafting macro recorder plugin.",
  "ApplicableVersion": "any",
  "RepoUrl": "https://github.com/danielbrenom/MacroRecorded",
  "Tags": [
    "macro",
    "record",
    "export",
    "crafting"
  ],
  "DalamudApiLevel": 14,
  "LoadRequiredState": 0,
  "LoadSync": false,
  "CanUnloadAsync": false,
  "LoadPriority": 0,
  "Punchline": "Records a crafting rotation and export it as a macro.",
  "Changelog": "- Updated API 14",
  "AcceptsFeedback": true
}