{
  "Author": "karashiiro",
  "Name": "TextToTalk",
  "InternalName": "TextToTalk",
  "AssemblyVersion": "1.21.7.0",
  "Description": "Chat and game dialogue TTS. Use /tttconfig to configure the enabled channels and triggers/exceptions.",
  "ApplicableVersion": "any",
  "RepoUrl": "https://github.com/karashiiro/TextToTalk",
  "Tags": [
    "tts",
    "trigger",
    "triggers",
    "voice",
    "voices",
    "speech",
    "karashiiro"
  ],
  "DalamudApiLevel": 8,
  "LoadRequiredState": 0,
  "LoadSync": false,
  "LoadPriority": 0,
  "ImageUrls": [],
  "IconUrl": "https://raw.githubusercontent.com/karashiiro/TextToTalk/main/images/icon.png",
  "Punchline": "Chat and game dialogue TTS plugin.",
  "AcceptsFeedback": true
}