{
  "Author": "iri",
  "Name": "Photobooth",
  "InternalName": "Photobooth",
  "AssemblyVersion": "1.0.0.0",
  "Description": "Take your portrait & adventurer plate game to the next level with this companion panel for the portrait editor.\n\n• Rewind, fast forward, and step through animations frame by frame.\n• Adjust character head and eye direction without moving the camera.\n• Position camera and pivot point with a top-down map.\n• More intuitive controls for lighting color and angle.",
  "ApplicableVersion": "any",
  "RepoUrl": "https://github.com/iri-impulse/PhotoboothPlugin",
  "Tags": [
    "portrait",
    "adventurer plate",
    "fashion",
    "enhancement",
    "qol"
  ],
  "DalamudApiLevel": 14,
  "LoadRequiredState": 0,
  "LoadSync": false,
  "CanUnloadAsync": false,
  "LoadPriority": 0,
  "Punchline": "Advanced controls for portraits & adventurer plates.",
  "AcceptsFeedback": true
}