{"EurekaOrthos":{"1":{"Id":12240,"Image":"gancanagh.jpg","DungeonType":"EurekaOrthos","Floor":1,"Hp":1234000,"AttackDamage":4155,"Boss":"Gancanagh","BossAbilities":[{"Id":31477,"Potency":"n/a"},{"Id":31479,"Type":"Magic","Potency":"250-1500"},{"Id":31478,"Type":"Magic","Potency":"250"}],"Title":"EO 1-10","MimicType":"bronze","Rooms":"3-6","Chests":"4-6","Enemies":"2-3","KillsNeeded":"3-7","RespawnRate":"1m","Reward":"Bronze-tinged Sack","Notes":"Watch out for Orthos Grenade's Big Burst.\nFloors 1-6 have no bronze chests, and so no mimics. They also do not drop demiclones or pomanders of alteration, purity, serenity, storms, raising, or dread. All of these can be found starting at floor 7.\nPomanders of affluence, flight, and alteration do not drop on floor 9.\nPotsherds do not drop from bronze chests on this set. "},"11":{"Id":12261,"Image":"cloning_node.jpg","DungeonType":"EurekaOrthos","Floor":11,"Hp":1446000,"AttackDamage":4836,"Boss":"Cloning Node","BossAbilities":[{"Id":31799,"Potency":"n/a"},{"Id":32545,"Potency":"n/a"},{"Id":1227,"Type":"Magic","Potency":"250"},{"Id":676,"Type":"Magic","Potency":"250"}],"Title":"EO 11-20","MimicType":"bronze","Rooms":"3-6","Chests":"4-6","Enemies":"2-3","KillsNeeded":"3-7","RespawnRate":"1m","Reward":"Bronze-tinged Sack","Notes":"Pomanders of affluence, flight, and alteration do not drop on floor 19.\nPotsherds do not drop from bronze chests on floors 11-13. "},"21":{"Id":12242,"Image":"tiamat_clone.jpg","DungeonType":"EurekaOrthos","Floor":21,"Hp":2473000,"AttackDamage":5006,"Boss":"Tiamat's clone","BossAbilities":[{"Id":31841,"Potency":"n/a"},{"Id":31843,"Type":"Magic","Potency":"250"},{"Id":31845,"Type":"Magic","Potency":"250"},{"Id":31849,"Type":"Magic","Potency":"250"},{"Id":31847,"Type":"Magic","Potency":"250"},{"Id":7,"Type":"Magic","Potency":"120"}],"Title":"EO 21-30","MimicType":"bronze","Rooms":"3-6","Chests":"4-6","Enemies":"3-4","KillsNeeded":"3-7","RespawnRate":"1m","Reward":"Bronze-tinged Sack","Notes":"The most dangerous moves to watch out for here are:\n* Orthodemolishers' Self-Detonate * Lesser Orthos Dragons' Swinge * Orthoknights' Electromagnetism\nPomanders of affluence, flight, and alteration do not drop on floor 29.\nPotsherds do not drop from bronze chests on floors 21-23. "},"31":{"Id":12263,"Image":"twintania_clone.jpg","DungeonType":"EurekaOrthos","Floor":31,"Hp":1710000,"AttackDamage":5331,"Boss":"Twintania's clone","BossAbilities":[{"Id":671,"Potency":"n/a"},{"Id":31462,"Type":"Magic","Potency":"250"},{"Id":31465,"Potency":"250"},{"Id":4116,"Potency":"n/a"},{"Id":9906,"Type":"Physical","Potency":"500"}],"Title":"EO 31-40","MimicType":"silver","Rooms":"5-7","Chests":"4-6","Enemies":"2-3","KillsNeeded":"4-8 (rarely 3 or 9)","RespawnRate":"?","Reward":"Silver-tinged Sack","Notes":"Pomanders of affluence, flight, and alteration do not drop on floor 39.\nPotsherds do not drop from bronze chests on floors 31-33. "},"41":{"Id":12265,"Image":"chimera_14x.jpg","DungeonType":"EurekaOrthos","Floor":41,"Hp":2208000,"AttackDamage":5705,"Boss":"Servomechanical Chimera 14X","BossAbilities":[{"Id":1105,"Type":"Magic","Potency":"900"},{"Id":1104,"Type":"Magic","Potency":"900"},{"Id":31851,"Potency":"n/a"},{"Id":31852,"Potency":"n/a"},{"Id":31861,"Type":"Magic","Potency":"900"},{"Id":31863,"Type":"Magic","Potency":"900"},{"Id":31856,"Type":"Physical","Potency":"110"},{"Id":31855,"Type":"Physical","Potency":"110"},{"Id":1107,"Potency":"n/a"},{"Id":1108,"Type":"Magic","Potency":"600"}],"Title":"EO 41-50","MimicType":"silver","Rooms":"5-7","Chests":"5-6","Enemies":"2-3","KillsNeeded":"4-8 (rarely 3 or 9)","RespawnRate":"?","Reward":"Silver-tinged Sack","Notes":"Pomanders of affluence, flight, and alteration do not drop on floor 49.\nPotsherds do not drop from bronze chests on floors 41-43. "},"51":{"Id":12267,"Image":"servomechanical_minotaur.jpg","DungeonType":"EurekaOrthos","Floor":51,"Hp":3900000,"AttackDamage":6515,"Boss":"Servomechanical Minotaur 16","BossAbilities":[{"Id":31872,"Potency":"n/a"},{"Id":3972,"Type":"Magic","Potency":"100"},{"Id":30744,"Type":"Physical","Potency":"900"},{"Id":31875,"Type":"Physical","Potency":"2700"},{"Id":14463,"Type":"Magic","Potency":"200"}],"Title":"EO 51-60","MimicType":"silver","Rooms":"5-7","Chests":"4-6","Enemies":"2-3","KillsNeeded":"4-9 (rarely 10)","RespawnRate":"?","Reward":"Silver-tinged Sack","Notes":""},"61":{"Id":12246,"Image":"aeturna.jpg","DungeonType":"EurekaOrthos","Floor":61,"Hp":4880000,"AttackDamage":8462,"Boss":"Aeturna","BossAbilities":[{"Id":10207,"Type":"Physical","Potency":"275"},{"Id":31442,"Type":"Physical","Potency":"200"},{"Id":31436,"Type":"Magic","Potency":"600"},{"Id":6293,"Type":"Magic","Potency":"160"},{"Id":516,"Potency":"600"}],"Title":"EO 61-70","MimicType":"gold","Rooms":"5-8","Chests":"4-6","Enemies":"2-3","KillsNeeded":"4-9 (rarely 10)","RespawnRate":"?","Reward":"Silver-tinged Sack","Notes":""},"71":{"Id":12247,"Image":"proto-kaliya.jpg","DungeonType":"EurekaOrthos","Floor":71,"Hp":5120000,"AttackDamage":9335,"Boss":"Proto-Kaliya","BossAbilities":[{"Id":2923,"Type":"Physical","Potency":"260"},{"Id":2927,"Potency":"n/a"},{"Id":2939,"Potency":"n/a"},{"Id":2617,"Type":"Magic","Potency":"150"},{"Id":31423,"Type":"Magic","Potency":"700"},{"Id":31424,"Type":"Magic","Potency":"700"},{"Id":31425,"Type":"Magic","Potency":"700"},{"Id":31426,"Type":"Magic","Potency":"700"}],"Title":"EO 71-80","MimicType":"gold","Rooms":"5-8","Chests":"4-6","Enemies":"?","KillsNeeded":"4-10","RespawnRate":"?","Reward":"Gold-tinged Sack","Notes":"Floors 71-73 are known to have a lot of landmines. Tanks especially can use pomander of sight on these floors to take advantage of this. "},"81":{"Id":12102,"Image":"administrator.jpg","DungeonType":"EurekaOrthos","Floor":81,"Hp":5230000,"AttackDamage":8729,"Boss":"Administrator","BossAbilities":[{"Id":31449,"Potency":"n/a"},{"Id":31450,"Potency":"n/a"},{"Id":31454,"Type":"Magic","Potency":"2000"},{"Id":31455,"Potency":"n/a"},{"Id":31447,"Type":"Magic","Potency":"2000?"},{"Id":31448,"Type":"Magic","Potency":"2000"},{"Id":31456,"Type":"Magic","Potency":"500"},{"Id":3943,"Type":"Magic","Potency":"750"}],"Title":"EO 81-90","MimicType":"gold","Rooms":"5-8","Chests":"4-6","Enemies":"2-3","KillsNeeded":"4-10","RespawnRate":"?","Reward":"Gold-tinged Sack","Notes":"Silver chests have significant chance to be demiclones. No protomanders of raising drop on this set.  "},"91":{"Id":12100,"Image":"excalibur.jpg","DungeonType":"EurekaOrthos","Floor":91,"Hp":8380000,"AttackDamage":9359,"Boss":"Excalibur","BossAbilities":[{"Id":31353,"Type":"Magic","Potency":"400"},{"Id":31333},{"Id":31349,"Type":"Magic","Potency":"450"},{"Id":31338,"Potency":"n/a"},{"Id":31327,"Type":"Physical","Potency":"2000"},{"Id":31328,"Type":"Physical","Potency":"2000"},{"Id":1733,"Type":"Physical","Potency":"2000"},{"Id":31330,"Potency":"n/a"},{"Id":31329,"Potency":"n/a"},{"Id":31332,"Type":"Magic","Potency":"250"},{"Id":31331,"Type":"Magic","Potency":"250"},{"Id":31345},{"Id":31343,"Type":"Magic","Potency":"400"},{"Id":31334,"Type":"Physical","Potency":"800"},{"Id":31336,"Type":"Magic","Potency":"250"},{"Id":31337,"Type":"Magic","Potency":"250"},{"Id":31347,"Type":"Magic","Potency":"250"}],"Title":"EO 91-100","MimicType":"gold","Rooms":"5-8","Chests":"4-6","Enemies":"3-4","KillsNeeded":"5-13","RespawnRate":"?","Reward":"Gold-tinged Sack","Notes":"Silver chests have significant chance to be demiclones. No protomanders of raising drop on this set.\nThe final boss is on floor 99. Floor 100 is just a long run to the finish. Make sure you have time for this as it takes exactly 1m with a sprint on entering the floor (thus 1m15s from touching the floor 99 key). "}},"HeavenOnHigh":{"1":{"Id":7480,"Image":"mojabune.jpg","DungeonType":"HeavenOnHigh","Floor":1,"Hp":88592,"AttackDamage":721,"Boss":"Mojabune","BossAbilities":[{"Id":8026,"Type":"Magic","Potency":"300"},{"Id":8025,"Type":"Magic","Potency":"110"},{"Id":8022,"Type":"Physical","Potency":"250"}],"Title":"HoH 1-10","MimicType":"bronze","Rooms":"3-6","Chests":"4-6","Enemies":"2-3","KillsNeeded":"3-7","RespawnRate":"1m","Reward":"Silver-haloed Sack","Notes":"Sharks and Amikiris can rip your head clean off, so look out! There are some wall traps to watch out for too.\nFloors 1-6 have no bronze chests, and so no mimics. They also do not drop magicite or pomanders of alteration, purity, serenity, petrification, concealment, or raising. All of these can be found starting at floor 7, with the exception of elder magicite, which cannot be found until floor 31. Pomanders of affluence, flight, and alteration do not drop on floor 9.\nPotsherds do not drop from bronze chests on this set. "},"11":{"Id":7481,"Image":"beccho.jpg","DungeonType":"HeavenOnHigh","Floor":11,"Hp":123156,"AttackDamage":556,"Boss":"Beccho","BossAbilities":[{"Id":390,"Type":"Physical","Potency":"110"},{"Id":5574,"Type":"Magic","Potency":"500"},{"Id":5573,"Potency":"n/a"},{"Id":7850,"Type":"Magic","Potency":"500"}],"Title":"HoH 11-20","MimicType":"bronze","Rooms":"3-6","Chests":"4-6","Enemies":"2-3","KillsNeeded":"3-7","RespawnRate":"1m","Reward":"Silver-haloed Sack","Notes":"Be aware of the Hands' enrage. Also, there are some wall traps here.\nFloor 15 is always a hall of fallacies. Elder magicite cannot be found in this set. Pomanders of affluence, flight, and alteration do not drop on floor 19.\nPotsherds do not drop from bronze chests on floors 11-13. "},"21":{"Id":7478,"Image":"hiruko.jpg","DungeonType":"HeavenOnHigh","Floor":21,"Hp":187868,"AttackDamage":926,"Boss":"Hiruko","BossAbilities":[{"Id":11292,"Type":"Magic","Potency":"350"},{"Id":6009,"Potency":"n/a"},{"Id":11291,"Type":"Physical","Potency":"100-1000"},{"Id":11293,"Type":"Magic","Potency":"300"},{"Id":2368,"Type":"Magic","Potency":"130"}],"Title":"HoH 21-30","MimicType":"bronze","Rooms":"3-6","Chests":"4-6","Enemies":"3-4","KillsNeeded":"3-7","RespawnRate":"1m","Reward":"Silver-haloed Sack","Notes":"The set everyone spams for exp. Elder magicite cannot be found in this set. Pomanders of affluence, flight, and alteration do not drop on floor 29.\nPotsherds do not drop from bronze chests on floors 21-23. "},"31":{"Id":7483,"Image":"bhima.jpg","DungeonType":"HeavenOnHigh","Floor":31,"Hp":185629,"AttackDamage":955,"Boss":"Bhima","BossAbilities":[{"Id":900,"Type":"Magic","Potency":"200"},{"Id":5582,"Type":"Magic","Potency":"700"},{"Id":10966,"Type":"Magic","Potency":"600"},{"Id":10723,"Type":"Magic","Potency":"100"},{"Id":10189,"Type":"Magic","Potency":"600"}],"Title":"HoH 31-40","MimicType":"silver","Rooms":"5-7","Chests":"4-6","Enemies":"2-3","KillsNeeded":"4-8 (rarely 3 or 9)","RespawnRate":"10m","Reward":"Gold-haloed Sack","Notes":"Be aware of Harakiri and Onmitsu enrages.\nThere are two different enemies named Onmitsu - one a patrol, and one not.\nElder magicite is a possible find starting in this set. Pomanders of affluence, flight, and alteration do not drop on floor 39.\nPotsherds do not drop from bronze chests on floors 31-33. "},"41":{"Id":7485,"Image":"gozu.jpg","DungeonType":"HeavenOnHigh","Floor":41,"Hp":217202,"AttackDamage":1119,"Boss":"Gozu","BossAbilities":[{"Id":9825,"Type":"Physical","Potency":"750"},{"Id":9826,"Type":"Magic","Potency":"700"},{"Id":9829,"Potency":"n/a"},{"Id":9828,"Type":"Physical","Potency":"150-2000"},{"Id":3526,"Type":"Magic","Potency":"150"}],"Title":"HoH 41-50","MimicType":"silver","Rooms":"5-7","Chests":"4-6","Enemies":"2-3","KillsNeeded":"4-8 (rarely 3 or 9)","RespawnRate":"10m","Reward":"Gold-haloed Sack","Notes":"Be aware of Sekiban and Mizumimizu enrages, and also the wall trap on these floors.\nSome odd notes about the enemies...\n* There are two different enemies named Sekizo - one a patrol, and one not.   They are both golems, but look different. * There are two different enemies named Iseki. They are both Maroliths, but one   is green, and the other is purple. * There are two different enemies named Saikoro. They are identical except that   one casts Aero while the other casts Tornado, and they appear on different   floors.\nPomanders of affluence, flight, and alteration do not drop on floor 49.\nPotsherds do not drop from bronze chests on floors 41-43. "},"51":{"Id":7487,"Image":"suikazura.jpg","DungeonType":"HeavenOnHigh","Floor":51,"Hp":518822,"AttackDamage":2647,"Boss":"Suikazura","BossAbilities":[{"Id":2329,"Type":"Physical","Potency":"450"},{"Id":147,"Type":"Magic","Potency":"450"},{"Id":2321,"Type":"Physical","Potency":"450"},{"Id":1730,"Type":"Magic","Potency":"200"},{"Id":2331,"Type":"Magic","Potency":"500"},{"Id":2330,"Type":"Magic","Potency":"500"}],"Title":"HoH 51-60","MimicType":"silver","Rooms":"5-8","Chests":"4-6","Enemies":"2-3","KillsNeeded":"4-9 (rarely 10)","RespawnRate":"10m","Reward":"Gold-haloed Sack","Notes":"Be aware of Kongoreis' and Tessos' enrages, Nagas' Baleful Roar, and Rachimonais' out of combat AoEs. Also be aware of the wall trap on these floors. "},"61":{"Id":7489,"Image":"kenko.jpg","DungeonType":"HeavenOnHigh","Floor":61,"Hp":650263,"AttackDamage":2931,"Boss":"Kenko","BossAbilities":[{"Id":3245,"Type":"Physical","Potency":"400"},{"Id":3241,"Type":"Magic","Potency":"800"},{"Id":3248,"Type":"Magic","Potency":"90"},{"Id":3254,"Type":"Magic","Potency":"110"},{"Id":3247,"Type":"Physical","Potency":"10"},{"Id":1454,"Type":"Unique","Potency":"2500"}],"Title":"HoH 61-70","MimicType":"gold","Rooms":"5-8","Chests":"4-6","Enemies":"2-3","KillsNeeded":"4-9 (rarely 10)","RespawnRate":"10m","Reward":"Gold-haloed Sack","Notes":"Mimics are in gold chests and cannot be stunned starting on this set.\nOnryos are the worst thing to fight here, but they're proximity agro, so you won't always be able to avoid them.\nBe aware of the wall trap on these floors. "},"71":{"Id":7490,"Image":"kajigakaka.jpg","DungeonType":"HeavenOnHigh","Floor":71,"Hp":700869,"AttackDamage":2976,"Boss":"Kajigakaka","BossAbilities":[{"Id":3100,"Type":"Magic","Potency":"250"},{"Id":3102,"Type":"Physical","Potency":"100"},{"Id":3103,"Type":"Magic","Potency":"100"}],"Title":"HoH 71-80","MimicType":"gold","Rooms":"5-8","Chests":"4-6","Enemies":"2-3","KillsNeeded":"4-10","RespawnRate":"10m","Reward":"Platinum-haloed Sack","Notes":"You'll likely want to pop pomanders of raising and intuition at the start of this set, as platinum sacks start to drop here. Do be careful running into the middle of rooms to collect hoards though, as traps are often deadly here. It's safest if you've used a pomander of safety, sight, or concealment, or if you're planning to use a pomander of petrification or a magicite. This is the last set in which you can find pomanders of raising, though they are at an increased rate.\nWatch out for the wraiths' and elbsts' out of combat AoEs as they can one shot you if you're not paying attention. Mammoths can also cause problems if you're concealed.\nThere are a lot of large AoEs in these floors - make sure you're familiar and know how to avoid or stop them.\nFloors 71-73 are known to have a lot of landmines. Tanks especially can use pomander of sight on these floors to take advantage of this.\nBe aware of the wall trap on these floors. "},"81":{"Id":7493,"Image":"onra.jpg","DungeonType":"HeavenOnHigh","Floor":81,"Hp":791333,"AttackDamage":3787,"Boss":"Onra","BossAbilities":[{"Id":2356,"Type":"Magic","Potency":"1000"},{"Id":2355,"Type":"Physical","Potency":"1500"},{"Id":2358,"Type":"Magic","Potency":"1200"},{"Id":2361,"Type":"Unique","Potency":"50% of max HP"},{"Id":2025,"Type":"Magic","Potency":"100-2000"},{"Id":3032,"Type":"Magic","Potency":"100"}],"Title":"HoH 81-90","MimicType":"gold","Rooms":"5-8","Chests":"4-6","Enemies":"2-3","KillsNeeded":"4-10","RespawnRate":"10m","Reward":"Platinum-haloed Sack","Notes":"Don't forget to use a pomander of raising at the start of the set. More cannot be found here, unfortunately. Be very careful if you're going for hoards!\nFloors 84-86 are the worst, mainly due to Shinzei patrols that nobody wants to fight. These are usually good candidates for flight/alteration/petrification/magicite.\nFloors 87-89 are known to have a lot of landmines. Tanks especially can use pomander of sight on these floors to take advantage of this. "},"91":{"Id":4562,"Image":"daleven_lone_hero.jpg","DungeonType":"HeavenOnHigh","Floor":91,"Hp":null,"AttackDamage":null,"Boss":"None!","BossAbilities":[],"Title":"HoH 91-100","MimicType":"gold","Rooms":"5-8","Chests":"4-6","Enemies":"3-4","KillsNeeded":"5-13","RespawnRate":"10m","Reward":"Platinum-haloed Sack","Notes":"Don't forget to use a pomander of raising at the start of the set. More cannot be found here, unfortunately. Be very careful if you're going for hoards!\nFloors 91-93, the best thing to fight solo are WHMs. If you can LoS their Stone casts, you can avoid taking any damage. You can practice LoSing on Sprites down on floor 11+, as it is not easy. You'll likely want to avoid WARs.\nFloors 94-96 are the worst in this set, so ideal to use flight/alteration/petrification/magicite on.\nFloors 97-99 actually have the easiest enemies. 99 is guaranteed to have 3 enchantments, so do your best to save a serenity for it. "}},"PalaceOfTheDead":{"1":{"Id":4986,"Image":"deathgaze.jpg","DungeonType":"PalaceOfTheDead","Floor":1,"Hp":6170,"AttackDamage":56,"Boss":"Palace Deathgaze","BossAbilities":[{"Id":415,"Type":"Physical","Potency":"180"},{"Id":1900,"Type":"Magic","Potency":"350"},{"Id":414,"Type":"Magic","Potency":"300"},{"Id":4513,"Type":"Magic","Potency":"300"},{"Id":1672,"Type":"Physical","Potency":"80"}],"Title":"PotD 1-10","MimicType":"bronze","Rooms":"4","Chests":"3-4","Enemies":"2-3","KillsNeeded":"3-7","RespawnRate":"40s","Reward":"Bronze-trimmed Sack","Notes":"Floors 1-6 have exactly 2 enemies per room, and no mimics. There are a few known wall traps.\nThe only enchantments which appear in this set are HP & MP Boost, HP Penalty, Haste, and Blind. Floors 2-4 never have enchantments; floor 5 always has exactly 1 enchantment; floors 6-9 have at most 1 enchantment.\nIf solo, you probably want to full clear this set for exp. Watch out for hornets' Final Sting.\nPomanders of serenity, alteration, rage, purity, resolution, and raising do not drop at all on this set. Affluence and flight do not drop on floor 9.\nPotsherds do not drop from bronze chests on this set. "},"11":{"Id":4999,"Image":"spurge.jpg","DungeonType":"PalaceOfTheDead","Floor":11,"Hp":16165,"AttackDamage":180,"Boss":"Spurge","BossAbilities":[{"Id":1943,"Type":"Physical","Potency":"300"},{"Id":364,"Potency":"n/a"},{"Id":1033,"Potency":"n/a"},{"Id":1950,"Type":"Physical","Potency":"250"},{"Id":1954,"Type":"Magic","Potency":"350"}],"Title":"PotD 11-20","MimicType":"bronze","Rooms":"3-6","Chests":"3-4","Enemies":"2-3","KillsNeeded":"3-7","RespawnRate":"1m","Reward":"Bronze-trimmed Sack","Notes":"Beware of slime enrage and stay away from snakes if you hit a toading trap! There are a good number of wall traps in donut and dead-end rooms.\nThe Knockback Penalty enchantment does not appear in this set. Starting from this set, floors can have up to 3 enchantments.\nIf solo, you probably want to full clear this set for exp.\nPomanders of rage, resolution, and raising do not drop at all on this set. Affluence, flight, and alteration do not drop on floor 19.\nPotsherds do not drop from bronze chests on floors 11-13. "},"21":{"Id":5012,"Image":"ningishzida.jpg","DungeonType":"PalaceOfTheDead","Floor":21,"Hp":46768,"AttackDamage":324,"Boss":"Ningishzida","BossAbilities":[{"Id":2776,"Type":"Physical","Potency":"150"},{"Id":685,"Type":"Magic","Potency":"50"},{"Id":687,"Type":"Magic","Potency":"50"},{"Id":1280,"Type":"Magic","Potency":"200"}],"Title":"PotD 21-30","MimicType":"bronze","Rooms":"3-6","Chests":"3-4","Enemies":"2-3","KillsNeeded":"3-7","RespawnRate":"1m","Reward":"Bronze-trimmed Sack","Notes":"Watch out for minotaur patrols' untelegraphed AoE. The pillar rooms are full of wall traps.\nStarting from this set, all floor enchantments can appear.\nPomanders of resolution and raising do not drop at all on this set. Affluence, flight, and alteration do not drop on floor 29.\nPotsherds do not drop from bronze chests on floors 21-23. "},"31":{"Id":5025,"Image":"ixtab.jpg","DungeonType":"PalaceOfTheDead","Floor":31,"Hp":45616,"AttackDamage":455,"Boss":"Ixtab","BossAbilities":[{"Id":4355,"Type":"Magic","Potency":"400"},{"Id":4359,"Type":"Magic","Potency":"400"},{"Id":6434,"Type":"Magic","Potency":"260"},{"Id":594,"Type":"Magic","Potency":"170"},{"Id":179,"Type":"Magic","Potency":"260"}],"Title":"PotD 31-40","MimicType":"silver","Rooms":"3-6","Chests":"3-5","Enemies":"2-3","KillsNeeded":"3-7","RespawnRate":"1m","Reward":"Bronze-trimmed Sack","Notes":"Nothing too exciting here, but there are lots of wall traps to watch out for.\nPomanders of resolution and raising do not drop at all on this set. Affluence, flight, and alteration do not drop on floor 39.\nPotsherds do not drop from bronze chests on floors 31-33. "},"41":{"Id":5038,"Image":"edda.jpg","DungeonType":"PalaceOfTheDead","Floor":41,"Hp":101382,"AttackDamage":562,"Boss":"Edda Blackbosom","BossAbilities":[{"Id":6400,"Type":"Physical","Potency":"120"},{"Id":6398,"Type":"Unique","Potency":"400"},{"Id":6401,"Type":"Magic","Potency":"80"},{"Id":6402,"Type":"Magic","Potency":"80"},{"Id":6403,"Potency":"n/a"}],"Title":"PotD 41-50","MimicType":"gold","Rooms":"4-6","Chests":"3-6","Enemies":"3-4","KillsNeeded":"4-8 (rarely 3 or 9)","RespawnRate":"2m","Reward":"Bronze-trimmed Sack","Notes":"Mimics on this set and beyond are immune to stun, and found in gold chests. There are lots of wall traps to watch out for.\nPomanders of alteration, resolution, and raising do not drop at all on this set. Affluence and flight do not drop on floor 49.\nPotsherds do not drop from bronze chests on floors 41-43.\nBeating this set unlocks the option to start new files at floor 51. "},"51":{"Id":5309,"Image":"black_rider.jpg","DungeonType":"PalaceOfTheDead","Floor":51,"Hp":100276,"AttackDamage":689,"Boss":"The Black Rider","BossAbilities":[{"Id":3165,"Type":"Magic","Potency":"80"},{"Id":782,"Type":"Magic","Potency":"60"},{"Id":3167,"Type":"Physical","Potency":"60"}],"Title":"PotD 51-60","MimicType":"gold","Rooms":"3-6","Chests":"4-6","Enemies":"2-3","KillsNeeded":"3-7","RespawnRate":"1m","Reward":"Iron-trimmed Sack","Notes":"The set everyone spams for exp. Watch out for the wall traps.\nPomander of resolution does not drop at all on this set. Affluence, flight, and alteration do not drop on floor 59.\nPotsherds do not drop from bronze chests on floors 51-53. "},"61":{"Id":5321,"Image":"yaquaru.jpg","DungeonType":"PalaceOfTheDead","Floor":61,"Hp":102489,"AttackDamage":578,"Boss":"Yaquaru","BossAbilities":[{"Id":2334,"Type":"Magic","Potency":"115"},{"Id":4546,"Type":"Magic","Potency":"300"},{"Id":2333,"Type":"Magic","Potency":"400"},{"Id":4544,"Type":"Physical","Potency":"110"}],"Title":"PotD 61-70","MimicType":"gold","Rooms":"3-6","Chests":"4-6","Enemies":"2-3","KillsNeeded":"3-7","RespawnRate":"1m","Reward":"Iron-trimmed Sack","Notes":"Watch out for the wall traps.\nPomanders of affluence, flight, and alteration do not drop on floor 69.\nPotsherds do not drop from bronze chests on floors 61-63. "},"71":{"Id":5333,"Image":"gudanna.jpg","DungeonType":"PalaceOfTheDead","Floor":71,"Hp":136025,"AttackDamage":720,"Boss":"Gudanna","BossAbilities":[{"Id":770,"Type":"Magic","Potency":"300"},{"Id":771,"Type":"Magic","Potency":"300"},{"Id":775,"Type":"Physical","Potency":"350"},{"Id":776,"Type":"Unique","Potency":"80% of max HP"},{"Id":7127,"Type":"Magic","Potency":"130"},{"Id":771,"Type":"Magic","Potency":"500"}],"Title":"PotD 71-80","MimicType":"gold","Rooms":"3-6","Chests":"4-6","Enemies":"2-3","KillsNeeded":"3-7","RespawnRate":"1m","Reward":"Iron-trimmed Sack","Notes":"Watch out for the wall traps.\nPomanders of affluence, flight, and alteration do not drop on floor 79.\nPotsherds do not drop from bronze chests on floors 71-73. "},"81":{"Id":5345,"Image":"godmother.jpg","DungeonType":"PalaceOfTheDead","Floor":81,"Hp":165023,"AttackDamage":1003,"Boss":"The Godmother","BossAbilities":[{"Id":5322,"Type":"Physical","Potency":"120"},{"Id":5323,"Type":"Magic","Potency":"400"},{"Id":337,"Type":"Magic","Potency":"400"},{"Id":764,"Type":"Unique","Potency":"80% of max HP"},{"Id":3085,"Type":"Magic","Potency":"400"},{"Id":7102,"Type":"Unique","Potency":"99% of max HP"}],"Title":"PotD 81-90","MimicType":"gold","Rooms":"3-6","Chests":"4-6","Enemies":"2-3","KillsNeeded":"3-7","RespawnRate":"1m","Reward":"Iron-trimmed Sack","Notes":"Be aware of bomb and worm enrages. There is a known wall trap here that you can avoid too.\nPomanders of affluence, flight, and alteration do not drop on floor 89.\nPotsherds do not drop from bronze chests on floors 81-83. "},"91":{"Id":5356,"Image":"nybeth_obdilord.jpg","DungeonType":"PalaceOfTheDead","Floor":91,"Hp":242942,"AttackDamage":685,"Boss":"Nybeth Obdilord","BossAbilities":[{"Id":6872,"Type":"Magic","Potency":"150"},{"Id":6874,"Type":"Magic","Potency":"400"},{"Id":6873,"Type":"Magic","Potency":"110"},{"Id":6875,"Potency":"n/a"},{"Id":6876,"Potency":"n/a"}],"Title":"PotD 91-100","MimicType":"gold","Rooms":"4-6","Chests":"3-6","Enemies":"2-4","KillsNeeded":"4-8 (rarely 3 or 9)","RespawnRate":"2m","Reward":"Iron-trimmed Sack","Notes":"There are a lot of proximity mobs here, and a lot of undead. Everything except swarms, roselets, and hippogryphs can be killed quickly with resolution. Just make sure to save one or more for the boss. Watch out for the wall trap.\nFloors 91-95 have 2-3 enemies per room; floors 96-99 have 3-4 enemies per room.\nPomanders of affluence, flight, and alteration do not drop on floor 99.\nPotsherds do not drop from bronze chests on floors 91-93.\nThese are the last of the storyline floors. "},"101":{"Id":5371,"Image":"alicanto.jpg","DungeonType":"PalaceOfTheDead","Floor":101,"Hp":196124,"AttackDamage":1001,"Boss":"Alicanto","BossAbilities":[{"Id":415,"Type":"Physical","Potency":"120"},{"Id":1900,"Type":"Magic","Potency":"300"},{"Id":414,"Type":"Magic","Potency":"300"},{"Id":4513,"Type":"Magic","Potency":"300"},{"Id":1672,"Type":"Physical","Potency":"80"}],"Title":"PotD 101-110","MimicType":"gold","Rooms":"5-7","Chests":"4-6","Enemies":"2-4","KillsNeeded":"4-9 (rarely 10)","RespawnRate":"1m30s","Reward":"Silver-trimmed Sack","Notes":"Watch out for hornets' Final Sting. There is also a wall trap you can avoid. "},"111":{"Id":5384,"Image":"kirtimukha.jpg","DungeonType":"PalaceOfTheDead","Floor":111,"Hp":186163,"AttackDamage":1134,"Boss":"Kirtimukha","BossAbilities":[{"Id":1943,"Type":"Physical","Potency":"150"},{"Id":364,"Potency":"n/a"},{"Id":1033,"Potency":"n/a"},{"Id":1950,"Type":"Physical","Potency":"200"},{"Id":1954,"Type":"Magic","Potency":"1100"}],"Title":"PotD 111-120","MimicType":"gold","Rooms":"5-7","Chests":"4-6","Enemies":"2-3","KillsNeeded":"4-9 (rarely 10)","RespawnRate":"1m30s","Reward":"Silver-trimmed Sack","Notes":"Things to watch out for:\n* slime enrage * snakes if you hit a toading trap * random AoE from Nankas when out of combat\nLots of wall traps here also. "},"121":{"Id":5397,"Image":"alfard.jpg","DungeonType":"PalaceOfTheDead","Floor":121,"Hp":239843,"AttackDamage":324,"Boss":"Alfard","BossAbilities":[{"Id":2776,"Type":"Physical","Potency":"120"},{"Id":685,"Type":"Magic","Potency":"75"},{"Id":687,"Type":"Magic","Potency":"75"},{"Id":1280,"Type":"Magic","Potency":"500"}],"Title":"PotD 121-130","MimicType":"gold","Rooms":"5-7","Chests":"4-6","Enemies":"2-3","KillsNeeded":"4-9 (rarely 10)","RespawnRate":"1m30s","Reward":"Silver-trimmed Sack","Notes":"Watch out for minotaurs' untelegraphed pointblank. Lots of wall traps here also. "},"131":{"Id":5410,"Image":"ah_puch.jpg","DungeonType":"PalaceOfTheDead","Floor":131,"Hp":213391,"AttackDamage":1277,"Boss":"Ah Puch","BossAbilities":[{"Id":4355,"Type":"Magic","Potency":"400"},{"Id":4359,"Type":"Magic","Potency":"1100"},{"Id":6434,"Type":"Magic","Potency":"1100?"},{"Id":594,"Type":"Magic","Potency":"300"},{"Id":179,"Type":"Magic","Potency":"350"}],"Title":"PotD 131-140","MimicType":"gold","Rooms":"5-7","Chests":"4-6","Enemies":"2-3","KillsNeeded":"4-9 (rarely 10)","RespawnRate":"1m30s","Reward":"Silver-trimmed Sack","Notes":"Watch out for ahrimans' untelegraphed petrify. More wall traps too. "},"141":{"Id":5424,"Image":"tisiphone.jpg","DungeonType":"PalaceOfTheDead","Floor":141,"Hp":249251,"AttackDamage":1835,"Boss":"Tisiphone","BossAbilities":[{"Id":705,"Type":"Magic","Potency":"320"},{"Id":1717,"Type":"Magic","Potency":"350"},{"Id":7177,"Type":"Magic","Potency":"350"},{"Id":6876,"Potency":"n/a"},{"Id":1762,"Potency":"n/a"},{"Id":1610,"Potency":"n/a"},{"Id":1720,"Type":"Magic","Potency":"350"},{"Id":489,"Type":"Physical","Potency":"120"},{"Id":855,"Type":"Magic","Potency":"300"}],"Title":"PotD 141-150","MimicType":"gold","Rooms":"5-7","Chests":"4-6","Enemies":"2-3","KillsNeeded":"4-9 (rarely 10)","RespawnRate":"1m30s","Reward":"Silver-trimmed Sack","Notes":"Things start getting a bit more painful here with several hard-hitting enemies. Watch out for random Succubus AoEs cast out of combat. Demons have an enrage also. There are more wall traps too. "},"151":{"Id":5438,"Image":"todesritter.jpg","DungeonType":"PalaceOfTheDead","Floor":151,"Hp":332040,"AttackDamage":2751,"Boss":"Todesritter","BossAbilities":[{"Id":3165,"Type":"Magic","Potency":"65"},{"Id":782,"Type":"Magic","Potency":"65"},{"Id":3167,"Type":"Physical","Potency":"60"}],"Title":"PotD 151-160","MimicType":"gold","Rooms":"5-8","Chests":"4-6","Enemies":"2-3","KillsNeeded":"4-10","RespawnRate":"5m","Reward":"Gold-trimmed Sack","Notes":"Some good news:\n* No more surprise patrols! There are very few walls, so visibility is great   the rest of the way. * Gold sacks drop now. Use your Intuition poms ASAP, but do be careful walking   into rooms to collect - luring traps are getting scarier and scarier!   * Some people prefer not to risk collecting hoards, but it is safer if you've     used safety or sight or already hit a trap in the room\nImps and Soulflayers are the enemies to watch out for here.\nBe aware of the wall traps on these floors. "},"161":{"Id":5449,"Image":"yulunggu.jpg","DungeonType":"PalaceOfTheDead","Floor":161,"Hp":348642,"AttackDamage":2202,"Boss":"Yulunggu","BossAbilities":[{"Id":2334,"Type":"Magic","Potency":"115"},{"Id":4546,"Type":"Magic","Potency":"250"},{"Id":2333,"Type":"Magic","Potency":"400"},{"Id":4544,"Type":"Physical","Potency":"100"}],"Title":"PotD 161-170","MimicType":"gold","Rooms":"5-8","Chests":"4-6","Enemies":"2-3","KillsNeeded":"4-10","RespawnRate":"5m","Reward":"Gold-trimmed Sack","Notes":"There are some hard-hitting dinosaurs here, but it's mostly easier than the previous set.\nBe aware of the wall traps on these floors. "},"171":{"Id":5461,"Image":"dendainsonne.jpg","DungeonType":"PalaceOfTheDead","Floor":171,"Hp":373545,"AttackDamage":3268,"Boss":"Dendainsonne","BossAbilities":[{"Id":770,"Type":"Magic","Potency":"300"},{"Id":771,"Type":"Magic","Potency":"300?"},{"Id":775,"Type":"Physical","Potency":"350?"},{"Id":776,"Type":"Unique","Potency":"80% of max HP"},{"Id":7127,"Type":"Magic","Potency":"130?"},{"Id":771,"Type":"Magic","Potency":"500?"}],"Title":"PotD 171-180","MimicType":"gold","Rooms":"5-8","Chests":"4-6","Enemies":"2-3","KillsNeeded":"4-10","RespawnRate":"5m","Reward":"Gold-trimmed Sack","Notes":"Welcome to Behemoth's Domain! Lots of easy mobs in the first half, but the last few floors can get rough. Try to conserve poms as much as possible, but don't be afraid to blow a flight if you're short on time, or a raging if you get a floor with a lot of Anzus and Sasquatches, bad debuffs, etc.\nMake sure to pop raising immediately, assuming you either have 3 or are not confident in your ability to clear the set. This is the last set where they drop too.\nBe aware of the wall traps on these floors. "},"181":{"Id":5471,"Image":"godfather.jpg","DungeonType":"PalaceOfTheDead","Floor":181,"Hp":415050,"AttackDamage":4145,"Boss":"The Godfather","BossAbilities":[{"Id":5322,"Type":"Physical","Potency":"150"},{"Id":5323,"Type":"Magic","Potency":"250"},{"Id":3085,"Type":"Magic","Potency":"180?"},{"Id":3085,"Type":"Unique","Potency":"80% of max HP"},{"Id":5567,"Type":"Magic","Potency":"180?"},{"Id":7102,"Type":"Unique","Potency":"99% of max HP"}],"Title":"PotD 181-190","MimicType":"gold","Rooms":"5-8","Chests":"4-6 (unverified)","Enemies":"2-3","KillsNeeded":"4-10","RespawnRate":"5m","Reward":"Gold-trimmed Sack","Notes":"Don't forget to use a pomander of raising at the start of the set. More cannot be found here, unfortunately.\nThis is the scariest set in terms of the regular floors. 87-89 have absolutely terrible mobs that you mostly won't want to fight solo. 86 can be bad too, but is a bit more random in the enemies you'll see. The usual plan is to get as far as you can with minimal pomander usage, and then use what you need to get through the last few floors.\n* Alterations are great here - if you get mandragoras, great! If you get mimics, they're still much better than most of the other enemies. * Rage is great, and there are a couple optimal ways to use it   * Use fortune and clear the entire floor (or as much as possible), then go     back to collect your loot. Even better if you planned ahead and used     affluence as well.   * Double-rage - collect as many chests as you can and locate the exit     before-hand, then use rage, clear enemies close to the exit as quickly as     possible and go into the portal with rage still active. You can then     continue killing a few enemies on the next floor before it wears off. * Flights are not great here as they don't combine well with alteration, and   don't save you much time with rage either since the enemies are more   spread out. Flight will save more time on the earlier floors that you're   going to fight through if you need it.\nBe aware of the wall traps on these floors. "},"191":{"Id":4562,"Image":"daleven_necromancer.jpg","DungeonType":"PalaceOfTheDead","Floor":191,"Hp":null,"AttackDamage":null,"Boss":"None!","BossAbilities":[],"Title":"PotD 191-200","MimicType":"gold","Rooms":"5-8","Chests":"4-6","Enemies":"3-4","KillsNeeded":"5-13","RespawnRate":"5m","Reward":"Gold-trimmed Sack","Notes":"Almost there! Time to stop playing conservatively and use everything you've got! Go in with a plan based on what pomanders you have.\n* Always use raising immediately if you have it. More do not drop in this set   unfortunately * Use fortunes/affluences early if you need pomanders * Most enemies die in 2-3 hits from resolution   * Generally best used on the late floors, but consider using on early floors     if there are a lot of corse patrols, as avoiding them can be very     time-consuming   * Note which enemies are immune to stun, as you'll probably be taking hits     from them while getting your second/third shots off. Consider using steel   * Use witching first to make this a little safer. Just be careful with imps     still * The early floor mobs are easiest, so best to save flights and rages for mid   or late floors * Don't forget to use up your safties and sights\nBe aware of the wall traps on these floors. "}},"PilgrimsTraverse":{"1":{"Id":13979,"Image":"ornamental_leafman.jpg","DungeonType":"PilgrimsTraverse","Floor":1,"Hp":2253700,"AttackDamage":6929,"Boss":"Ornamental Leafman","BossAbilities":[{"Id":44051,"Potency":"n/a"},{"Id":44053,"Type":"Magic","Potency":"300"},{"Id":44055,"Type":"Magic","Potency":"300"},{"Id":7,"Type":"Physical","Potency":"33"},{"Id":44059,"Type":"Physical","Potency":"300"}],"Title":"PT 1-10","MimicType":"bronze","Rooms":"3-6","Chests":"4-6","Enemies":"2-3","KillsNeeded":"3-7","RespawnRate":"1m","Reward":"Sack of Silvered Light","Notes":"Enjoy the scenery! Enemy AoEs on early sets will hurt but not kill (other than Mimics' Deathtrap, which can still be survived with Steel or as a tank).\nFloors 1-6 have no bronze chests, and so no mimics. They also do not drop pomanders of alteration, purity, serenity, purification, raising, or devotion. All of these can be found starting at floor 7. Silver chests *do* drop incense from floor 1 onwards, unlike HoH magicite and EO demiclones.\nPomanders of affluence, flight, and alteration do not drop on floor 9.\nPotsherds do not drop from bronze chests on this set. "},"11":{"Id":13973,"Image":"emulation.jpg","DungeonType":"PilgrimsTraverse","Floor":11,"Hp":3161557,"AttackDamage":9174,"Boss":"Forgiven Emulation","BossAbilities":[{"Id":564,"Type":"Physical","Potency":"150"},{"Id":764,"Type":"Magic","Potency":"300"},{"Id":43460,"Type":"Physical","Potency":"300"},{"Id":43463,"Type":"Physical","Potency":"300"},{"Id":8666,"Type":"Physical","Potency":"300"}],"Title":"PT 11-20","MimicType":"bronze","Rooms":"3-6","Chests":"4-6","Enemies":"2-3","KillsNeeded":"3-7","RespawnRate":"1m","Reward":"Sack of Silvered Light","Notes":"Pomanders of affluence, flight, and alteration do not drop on floor 19.\nPotsherds do not drop from bronze chests on floors 11-13. "},"21":{"Id":13863,"Image":"treachery.jpg","DungeonType":"PilgrimsTraverse","Floor":21,"Hp":5741267,"AttackDamage":9752,"Boss":"Forgiven Treachery","BossAbilities":[{"Id":39487,"Potency":"n/a"},{"Id":39642,"Type":"Magic","Potency":"300"},{"Id":39876,"Type":"Magic","Potency":"300"},{"Id":40401,"Type":"Magic","Potency":"300"},{"Id":40411,"Type":"Magic","Potency":"300"},{"Id":44917,"Type":"Magic","Potency":"300"}],"Title":"PT 21-30","MimicType":"bronze","Rooms":"3-6","Chests":"4-6","Enemies":"2-3","KillsNeeded":"3-7","RespawnRate":"1m","Reward":"Sack of Silvered Light","Notes":"A few things to watch out for:\n* Forgiven Insult's Holy, which stuns you just like the WHM version * Traverse Clionid's Parasitism, a heavy damage attack used at low health * Forgiven Venery, which will chase players to cast its out-of-combat Flare * Forgiven Intolerance's Swinge, a late-telegraph pointblank AoE (unlike the   conal seen in EO 21+)\nPomanders of affluence, flight, and alteration do not drop on floor 29.\nPotsherds do not drop from bronze chests on floors 21-23.\nCompleting this set awards a potsherd and a +1/+1 aetherpool upgrade. "},"31":{"Id":13977,"Image":"naivety.jpg","DungeonType":"PilgrimsTraverse","Floor":31,"Hp":3937353,"AttackDamage":12114,"Boss":"Forgiven Naivety","BossAbilities":[{"Id":42123,"Potency":"n/a"},{"Id":42129,"Type":"Magic","Potency":"300"},{"Id":42128,"Type":"Magic","Potency":"35"},{"Id":35486,"Type":"Magic","Potency":"300"},{"Id":35488,"Type":"Magic","Potency":"300"},{"Id":42130,"Type":"Magic","Potency":"300"},{"Id":337,"Type":"Magic","Potency":"2000"}],"Title":"PT 31-40","MimicType":"silver","Rooms":"5-7","Chests":"4-6","Enemies":"2-3","KillsNeeded":"4-8 (rarely 3 or 9)","RespawnRate":"10m","Reward":"Sack of Gilded Light","Notes":"Enemy attacks start getting a bit trickier here. Watch out in particular for: * Forgiven Perversion's Unto Dust * Forgiven Petulance's Left/Right Tentacle * Traverse Soldierstone's Moatmaker\nIncense is also fairly rare in floors 31-50, so don't overspend what you bring in.\nPomanders of affluence, flight, and alteration do not drop on floor 39.\nAetherpool upgrades from silver chests on this set award an additional +1 over their usual values (+2/+3/+4 instead of +1/+2/+3).\nBronze chests on this set can drop up to 4 items. Potsherds do not drop from bronze chests on floors 31-33.\nCompleting this set awards a +2/+2 aetherpool upgrade. "},"41":{"Id":14263,"Image":"ogbunabali.jpg","DungeonType":"PilgrimsTraverse","Floor":41,"Hp":5558616,"AttackDamage":13827,"Boss":"Ogbunabali","BossAbilities":[{"Id":19094,"Potency":"n/a"},{"Id":43537,"Potency":"n/a"},{"Id":8677,"Potency":"n/a"},{"Id":8675,"Type":"Physical","Potency":"600"},{"Id":7317,"Type":"Magic","Potency":"75"},{"Id":6624,"Type":"Magic","Potency":"600"}],"Title":"PT 41-50","MimicType":"silver","Rooms":"5-7","Chests":"4-6","Enemies":"2-3","KillsNeeded":"4-8 (rarely 3 or 9)","RespawnRate":"10m","Reward":"Sack of Gilded Light","Notes":"Welcome to the desert! Watch out for the turtles (Traverse Troubadour) which eat your Steel buff.\nPomanders of affluence, flight, and alteration do not drop on floor 49.\nAetherpool upgrades from silver chests on this set award an additional +1 over their usual values (+2/+3/+4 instead of +1/+2/+3).\nBronze chests on this set can drop up to 4 items. Potsherds do not drop from bronze chests on floors 41-43.\nCompleting this set awards a potsherd and a +2/+2 aetherpool upgrade. "},"51":{"Id":14097,"Image":"ancestral_maliktender.jpg","DungeonType":"PilgrimsTraverse","Floor":51,"Hp":7635565,"AttackDamage":16885,"Boss":"Ancestral Maliktender","BossAbilities":[{"Id":44866,"Type":"Physical","Potency":"600"},{"Id":44051,"Potency":"n/a"},{"Id":44862,"Potency":"n/a"},{"Id":44863,"Potency":"n/a"},{"Id":44867,"Type":"Physical","Potency":"600"},{"Id":21189,"Type":"Physical","Potency":"700"},{"Id":44859,"Type":"Physical","Potency":"700"}],"Title":"PT 51-60","MimicType":"silver","Rooms":"5-8","Chests":"4-6","Enemies":"2-3","KillsNeeded":"4-9 (rarely 10)","RespawnRate":"10m","Reward":"Sack of Gilded Light","Notes":"From this set onward, most cast/AoE abilities are deadly to DPS or healers without Steel. Late-telegraph and untelegraphed attacks are also more common, so be prepared! Floors 57-59 in particular are full of enemies with \"gotcha\" moves.\nAetherpool upgrades from silver chests on this set award an additional +1 over their usual values (+2/+3/+4 instead of +1/+2/+3).\nBronze chests on this set can drop up to 4 items. Potsherds do not drop from bronze chests on floors 51-53.\nCompleting this set awards a +4/+4 aetherpool upgrade. "},"61":{"Id":13971,"Image":"zeal.jpg","DungeonType":"PilgrimsTraverse","Floor":61,"Hp":8955548,"AttackDamage":22787,"Boss":"Forgiven Zeal","BossAbilities":[{"Id":39642,"Type":"Magic","Potency":"1000"},{"Id":43406,"Type":"Magic","Potency":"1000"},{"Id":43418,"Type":"Magic","Potency":"1000"},{"Id":19285,"Type":"Physical","Potency":"1000"},{"Id":3972,"Type":"Magic","Potency":"150"},{"Id":31872,"Type":"Physical","Potency":"700"}],"Title":"PT 61-70","MimicType":"gold","Rooms":"5-8","Chests":"4-6","Enemies":"2-3","KillsNeeded":"4-9 (rarely 10)","RespawnRate":"10m","Reward":"Sack of Gilded Light","Notes":"Beware the hidden frogs (Forgiven Doubt)!\nAetherpool upgrades from silver chests on this set award an additional +1 over their usual values (+2/+3/+4 instead of +1/+2/+3).\nBronze chests on this set can drop up to 4 items. Potsherds do not drop from bronze chests on floors 61-63.\nCompleting this set awards a potsherd and a +4/+4 aetherpool upgrade. "},"71":{"Id":13968,"Image":"profanity.jpg","DungeonType":"PilgrimsTraverse","Floor":71,"Hp":11117232,"AttackDamage":25504,"Boss":"Forgiven Profanity","BossAbilities":[{"Id":43473,"Type":"Magic","Potency":"700"},{"Id":43465,"Type":"Magic","Potency":"1000"},{"Id":43469,"Type":"Magic","Potency":"1000"},{"Id":43476,"Type":"Magic","Potency":"70"},{"Id":43476,"Type":"Magic","Potency":"700"},{"Id":43478,"Type":"Magic","Potency":"700"},{"Id":43475,"Type":"Magic","Potency":"70"}],"Title":"PT 71-80","MimicType":"gold","Rooms":"5-8","Chests":"4-6","Enemies":"2-3","KillsNeeded":"4-10","RespawnRate":"10m","Reward":"Sack of Platinum Light","Notes":"Potsherds do not drop from bronze chests and silver chests do not award aetherpool upgrades on this set.\nCompleting this set awards a +5/+5 aetherpool upgrade. "},"81":{"Id":14090,"Image":"malacoda.jpg","DungeonType":"PilgrimsTraverse","Floor":81,"Hp":11298000,"AttackDamage":25492,"Boss":"Malacoda","BossAbilities":[{"Id":44250,"Type":"Magic","Potency":"1000"},{"Id":43796,"Type":"Magic","Potency":"1000"},{"Id":44258,"Type":"Magic","Potency":"1000"},{"Id":44259,"Type":"Magic","Potency":"1000"},{"Id":44267,"Potency":"n/a"},{"Id":205,"Type":"Magic","Potency":"1000"},{"Id":44266,"Type":"Magic","Potency":"150"}],"Title":"PT 81-90","MimicType":"gold","Rooms":"5-8","Chests":"4-6","Enemies":"2-3","KillsNeeded":"4-10","RespawnRate":"10m","Reward":"Sack of Platinum Light","Notes":"The final stretch! Pretty much every mob has some trick up their sleeve, but as long as you know what they do they're not too bad.\nPotsherds do not drop from bronze chests and silver chests do not award aetherpool increases in this set.\nCompleting this set awards a +5/+5 aetherpool upgrade. "},"91":{"Id":14037,"Image":"grief.jpg","DungeonType":"PilgrimsTraverse","Floor":91,"Hp":8910356,"AttackDamage":12000,"Boss":"Devoured Eater and Eminent Grief","BossAbilities":[{"Id":685,"Type":"Magic","Potency":"1250"},{"Id":44063,"Type":"Magic","Potency":"250"},{"Id":44085},{"Id":44074,"Potency":"n/a"},{"Id":44074,"Type":"Magic","Potency":"3125"},{"Id":44065,"Type":"Magic","Potency":"1250"},{"Id":44081,"Type":"Magic","Potency":"125 (+1250)"},{"Id":44088,"Type":"Magic","Potency":"1250"}],"Title":"PT 91-100","MimicType":"gold","Rooms":"5-8","Chests":"4-6","Enemies":"3-4","KillsNeeded":"5-13","RespawnRate":"10m","Reward":"Sack of Platinum Light","Notes":"This set has only 8 floors, with the boss on floor 99. After beating the boss, you still need to touch the Small Altar on floor 100 to complete the set, so make sure you have at least 35 seconds left when you take the portal from the boss arena to the floor exit.\nDo your best to save a barkbalm or at least a mazeroot for the boss - the fight can take close to 30 minutes on some jobs with no incense or pomanders to help.\nPotsherds do not drop from bronze chests and silver chests do not award aetherpool increases in this set.\nCompleting this set awards a +5/+5 aetherpool upgrade. "}}}