{
  "Author": "Vielle Janlenoux",
  "Name": "RPP - Roleplay Profiles",
  "Punchline": "Display profiles from Chaos Archives (Europe region) in-game",
  "Description": "A plugin for Europe region roleplayers, displaying profiles from Chaos Archives (chaosarchives.org) for characters with the RP flag on.",
  "InternalName": "roleplayProfiles",
  "RepoUrl": "https://github.com/Maia-Everett/dalamud-roleplay-profiles",
  "IconUrl": "https://raw.githubusercontent.com/Maia-Everett/dalamud-roleplay-profiles/main/images/icon.png",
  "ApplicableVersion": "any",
  "Tags": [
    "roleplay",
    "rp",
    "tooltip"
  ]
}
