{
  "Author": "Critical_Impact",
  "Name": "Allagan Item Search",
  "InternalName": "AllaganItemSearch",
  "AssemblyVersion": "1.2.0.0",
  "Description": "A plugin designed for quickly searching through all in-game items, providing detailed information on gear, crafting materials, and collectibles.",
  "ApplicableVersion": "any",
  "Tags": [
    "search",
    "items",
    "filters"
  ],
  "DalamudApiLevel": 14,
  "LoadRequiredState": 0,
  "LoadSync": false,
  "CanUnloadAsync": false,
  "LoadPriority": 0,
  "Punchline": "Trying to find that item you don't know the name of? Maybe Allagan Item Search can help.",
  "AcceptsFeedback": true
}