{
  "Author": "keifufu",
  "Name": "Facade",
  "InternalName": "Facade",
  "AssemblyVersion": "1.0.0.0",
  "Description": "Visually change the exterior appearance of any house so it's no longer an eyesore. (Note: Changes reset upon entering the plot to restore intended collission)",
  "ApplicableVersion": "any",
  "RepoUrl": "https://github.com/keifufu/Facade",
  "Tags": [
    "Facade",
    "Housing",
    "Exterior"
  ],
  "DalamudApiLevel": 14,
  "LoadRequiredState": 0,
  "LoadSync": false,
  "CanUnloadAsync": false,
  "LoadPriority": 0,
  "Punchline": "Change your neighbours' housing exterior appearance.",
  "AcceptsFeedback": true
}