{
  "Author": "Callum Carmicheal (with help from Aida Enna)",
  "Name": "The Great Controller HUD Switcher",
  "InternalName": "XIVControllerToggle",
  "AssemblyVersion": "1.2.0.0",
  "Description": "A simple tool to automatically switch between keyboard and controller hud's when pressing WASD or moving the left joystick. You can setup a macro to add the actions to your hotbar.",
  "ApplicableVersion": "any",
  "RepoUrl": "https://github.com/CallumCarmicheal/XIVControllerToggle",
  "Tags": [
    "controller",
    "keyboard",
    "hud",
    "aida"
  ],
  "DalamudApiLevel": 12,
  "LoadRequiredState": 0,
  "LoadSync": false,
  "CanUnloadAsync": false,
  "LoadPriority": 0,
  "IconUrl": "https://raw.githubusercontent.com/CallumCarmicheal/XIVControllerToggle/master/images/icon.png",
  "Punchline": "Toggle controller / mouse mode automatically or with commands.",
  "AcceptsFeedback": true
}