{
  "Author": "Populo",
  "Name": "Retainer Sales",
  "InternalName": "RetainerSales",
  "AssemblyVersion": "1.0.0.3",
  "Description": "Quickly see which retainers have sold something while you were logged off.",
  "ApplicableVersion": "any",
  "RepoUrl": "https://github.com/Populo/RetainerSales",
  "Tags": [
    "Other"
  ],
  "DalamudApiLevel": 12,
  "LoadRequiredState": 0,
  "LoadSync": false,
  "CanUnloadAsync": false,
  "LoadPriority": 0,
  "Punchline": "See retainer sales quicker",
  "AcceptsFeedback": true
}