{
  "Author": "Nuffin",
  "Name": "Better Mount Roulette",
  "InternalName": "BetterMountRoulette",
  "AssemblyVersion": "1.0.0.2",
  "Description": "Allows any number of mounts to be enabled for the mount roulette, instead of having to choose between the \"up to 30\" and \"EVERYTHING\" modes supported by the game.\n",
  "ApplicableVersion": "any",
  "RepoUrl": "https://github.com/CMDRNuffin/BetterMountRoulette",
  "Tags": [
    "mount"
  ],
  "DalamudApiLevel": 7,
  "LoadPriority": 0,
  "Punchline": "Choose which mounts show up in the mount roulette."
}