{
  "Author": "ascclemens",
  "Name": "Tourist",
  "InternalName": "Tourist",
  "AssemblyVersion": "1.2.10",
  "Description": "Tourist adds a window to assist with the sightseeing log.\n\n- Show when sightseeing log vistas are available\n- Add markers for ARR vistas\n- Open vista locations on your map\n- Hide already completed or unavailable vistas\n- Show the command needed for each vista\n\nIcon: sightseeing by muhammad from the Noun Project",
  "ApplicableVersion": "any",
  "RepoUrl": "https://git.annaclemens.io/ascclemens/Tourist",
  "DalamudApiLevel": 7,
  "LoadPriority": 0,
  "Punchline": "Finish your sightseeing log."
}