{
  "Author": "Anna",
  "Name": "Tourist",
  "InternalName": "Tourist",
  "AssemblyVersion": "1.2.17.0",
  "Description": "Tourist adds a window to assist with the sightseeing log.\n\n- Show when sightseeing log vistas are available\n- Add markers for ARR vistas\n- Open vista locations on your map\n- Hide already completed or unavailable vistas\n- Show the command needed for each vista\n\nIcon: sightseeing by muhammad from the Noun Project",
  "ApplicableVersion": "any",
  "RepoUrl": "https://git.anna.lgbt/anna/Tourist",
  "DalamudApiLevel": 12,
  "LoadRequiredState": 0,
  "LoadSync": false,
  "CanUnloadAsync": false,
  "LoadPriority": 0,
  "Punchline": "Finish your sightseeing log.",
  "AcceptsFeedback": true
}