{
  "Author": "Anna, maintained by foophoof",
  "Name": "Tourist",
  "InternalName": "Tourist",
  "AssemblyVersion": "1.14.0.0",
  "Description": "Tourist adds a window to assist with the sightseeing log.\n\n- Show when sightseeing log vistas are available\n- Add markers for ARR vistas\n- Open vista locations on your map\n- Hide already completed or unavailable vistas\n- Show the command needed for each vista\n\n\"sightseeing\" icon by muhammad, from thenounproject.com CC BY 3.0",
  "ApplicableVersion": "any",
  "RepoUrl": "https://github.com/foophoof/Tourist/",
  "Tags": [
    "Utility",
    "Sightseeing",
    "Log",
    "Vista",
    "Completion"
  ],
  "DalamudApiLevel": 14,
  "LoadRequiredState": 0,
  "LoadSync": false,
  "CanUnloadAsync": false,
  "LoadPriority": 0,
  "Punchline": "Finish your sightseeing log.",
  "AcceptsFeedback": true
}