{
  "Author": "X'pahtalo (originally Anna)",
  "Name": "Burnt Toast",
  "InternalName": "BurntToast",
  "AssemblyVersion": "1.3.5.0",
  "Description": "Hides toast notifications you don't want to see.",
  "ApplicableVersion": "any",
  "RepoUrl": "https://github.com/Xpahtalo/BurntToast",
  "DalamudApiLevel": 11,
  "LoadRequiredState": 0,
  "LoadSync": false,
  "CanUnloadAsync": false,
  "LoadPriority": 0,
  "Punchline": "Hides toast notifications you don't want to see.",
  "AcceptsFeedback": true
}