{
  "Author": "MidoriKami, Lharz",
  "Name": "CurrencyAlert",
  "Punchline": "Display alerts upon reaching configurable currencies thresholds.",
  "Description": "This plugin lets you easily manage your various currencies to prevent from wasting precious resources.",
  "Tags": [
    "Currency",
    "Tomestones",
    "Utility",
    "Other"
  ],
  "CategoryTags": [
    "Utility",
    "Other",
	"UI"
  ],
  "InternalName": "CurrencyAlert",
  "RepoUrl": "https://github.com/MidoriKami/CurrencyAlert",
  "AcceptsFeedback": false
}