{
  "Author": "rail",
  "Name": "AetherBreakout",
  "InternalName": "AetherBreakout",
  "AssemblyVersion": "1.2.2.0",
  "Description": "A Breakout clone to play during queue times.",
  "ApplicableVersion": "any",
  "Tags": [
    "game",
    "arcade",
    "breakout"
  ],
  "DalamudApiLevel": 14,
  "LoadRequiredState": 0,
  "LoadSync": false,
  "CanUnloadAsync": false,
  "LoadPriority": 0,
  "Punchline": "A classic arcade game.",
  "Changelog": "v1.2.2.0: api 14, 7.4\nv1.2.1.0: audio volume/windows fix.\nVersion 1.2.0.2: Patch 7.3/API 13.\n1.2.0.1:\n- Features:\n  - Added sfx, music, audio controls.\n  - Enhanced paddle collision physics.\n- Bug Fixes:\n  - Fixed power-up icons to mismatch the effects.\n  - Fixed an issue where power-up effects were not resetting correctly.\n  - Fixed the ball speed setting not being applied at the start of a new game.",
  "AcceptsFeedback": true
}