{
  "Author": "Pilzinsel64, r00telement",
  "Name": "Player Tags",
  "InternalName": "PlayerTags",
  "AssemblyVersion": "1.9.5.0",
  "Description": "Lightweight job visibility in nameplates and chat. Create custom tags and add them to players with the context menu.\n\nYou want to contribute and help developing new features or want to extend existing? Feel free to open Fork and open a Pull Request!\n\nThis plugin was originally developed by r00telement but forked and continued by Pilzinsel64.",
  "ApplicableVersion": "any",
  "RepoUrl": "https://github.com/Pilzinsel64/PlayerTags",
  "Tags": [
    "Jobs",
    "UI"
  ],
  "CategoryTags": [
    "jobs",
    "UI"
  ],
  "DalamudApiLevel": 8,
  "LoadRequiredState": 0,
  "LoadSync": false,
  "CanUnloadAsync": false,
  "LoadPriority": 0,
  "Punchline": "Lightweight job visibility in nameplates and chat.",
  "AcceptsFeedback": true
}