{
  "Author": "pupwife",
  "Name": "Dispeller",
  "InternalName": "Dispeller",
  "AssemblyVersion": "1.2.0.0",
  "Description": "Analyze your Glamour Dresser for shared models!",
  "ApplicableVersion": "any",
  "Tags": [
    "glamour",
    "dresser",
    "models",
    "fashion",
    "cute",
    "utility"
  ],
  "DalamudApiLevel": 14,
  "LoadRequiredState": 0,
  "LoadSync": false,
  "CanUnloadAsync": false,
  "LoadPriority": 0,
  "Punchline": "Easily clean out your Glamour Dresser.",
  "AcceptsFeedback": true
}