{
  "Author": "NightmareXIV",
  "Name": "JustBackup",
  "InternalName": "JustBackup",
  "AssemblyVersion": "1.0.2.2",
  "Description": "This plugin automatically backups your game and plugin configurations upon game/plugin starting.",
  "ApplicableVersion": "any",
  "RepoUrl": "https://github.com/NightmareXIV/JustBackup",
  "DalamudApiLevel": 8,
  "LoadRequiredState": 0,
  "LoadSync": false,
  "LoadPriority": 0,
  "Punchline": "Automatically backup your game and plugin configuration.",
  "AcceptsFeedback": true
}