{
  "Author": "Tischel",
  "Name": "NOTED",
  "InternalName": "NOTED",
  "AssemblyVersion": "1.2.1.0",
  "Description": "Lets you create notes that are linked to specific duties (they will only show during those duties).\nYou can also tie notes to certain jobs so they only appear when on the right job.",
  "ApplicableVersion": "any",
  "RepoUrl": "https://github.com/Tischel/NOTED",
  "Tags": [
    "UI"
  ],
  "DalamudApiLevel": 9,
  "LoadRequiredState": 0,
  "LoadSync": false,
  "CanUnloadAsync": false,
  "LoadPriority": 0,
  "Punchline": "Duty-specific notes!",
  "Changelog": "1.2.1.0\n\n- Removed duplicated duty entries.\n- Added support for the Tab key when writing notes.\n- Fixed visual issues in the settings windows.\n- Fixed crash with notes containing the \"%\" character",
  "AcceptsFeedback": true
}