{
  "Author": "Tischel",
  "Name": "NOTED",
  "InternalName": "NOTED",
  "AssemblyVersion": "1.1.0.0",
  "Description": "Lets you create notes that are linked to specific duties (they will only show during those duties).\nYou can also tie notes to certain jobs so they only appear when on the right job.",
  "ApplicableVersion": "any",
  "RepoUrl": "https://github.com/Tischel/NOTED",
  "Tags": [
    "UI"
  ],
  "DalamudApiLevel": 8,
  "LoadRequiredState": 0,
  "LoadSync": false,
  "LoadPriority": 0,
  "Punchline": "Duty-specific notes!",
  "Changelog": "1.1.0.0\n- Added some visibility settings.\n- Added keybind to toggle notes on/off.\n- Added keybinds to cycle through notes.",
  "AcceptsFeedback": true
}