{
  "Author": "Tischel",
  "Name": "NOTED",
  "InternalName": "NOTED",
  "AssemblyVersion": "1.2.1.1",
  "Description": "Lets you create notes that are linked to specific duties (they will only show during those duties).\nYou can also tie notes to certain jobs so they only appear when on the right job.",
  "ApplicableVersion": "any",
  "RepoUrl": "https://github.com/Tischel/NOTED",
  "Tags": [
    "UI"
  ],
  "DalamudApiLevel": 9,
  "LoadRequiredState": 0,
  "LoadSync": false,
  "CanUnloadAsync": false,
  "LoadPriority": 0,
  "Punchline": "Duty-specific notes!",
  "Changelog": "1.2.1.1\n\n- Fixed note not appearing when creating it inside the duty.",
  "AcceptsFeedback": true
}