{
  "Author": "X'pahtalo",
  "Name": "FFXIV2MQTT",
  "InternalName": "Ffxiv2Mqtt",
  "AssemblyVersion": "1.0.3.5",
  "Description": "Send data to an MQTT broker to do all sorts of things. Change your lights with a macro, turn on the heater when you use Overheat, or start playing Rules of Nature when you switch to Gunbreaker. Requires an MQTTv5 compatible broker.",
  "ApplicableVersion": "any",
  "RepoUrl": "https://github.com/Xpahtalo/Ffxiv2Mqtt",
  "DalamudApiLevel": 7,
  "LoadPriority": 0,
  "Punchline": "Send game info over MQTT"
}