{
  "Author": "NightmareXIV",
  "Name": "Weatherman",
  "InternalName": "Weatherman",
  "AssemblyVersion": "2.5.0.3",
  "Description": "Features:\n- Change in-game time and weather as you desire;\n- Perform changes globally or individually per zone;\n- Stop undesired weathers from appearing completely.\n\nThis plugin only changes visuals: time/weather-related features such as zone background music, vista availability, states of certain objects will remain unaffected. \nOnly zones with open sky are subject to the changes (not every one of them yet but work in progress).",
  "ApplicableVersion": "any",
  "RepoUrl": "https://github.com/NightmareXIV/Weatherman",
  "DalamudApiLevel": 14,
  "LoadRequiredState": 0,
  "LoadSync": false,
  "CanUnloadAsync": false,
  "LoadPriority": 0,
  "Punchline": "Allows precise control over time and weather per zone or globally.",
  "AcceptsFeedback": true
}