{
  "Author": "Azure Gem, herulume",
  "Name": "Window Title Changer",
  "InternalName": "WinTitle",
  "AssemblyVersion": "1.3.0.0",
  "Description": "Allows you to change your game window title",
  "ApplicableVersion": "any",
  "RepoUrl": "https://github.com/rreminy/FFXIV.WinTitle",
  "Tags": [
    "window",
    "title"
  ],
  "DalamudApiLevel": 13,
  "LoadRequiredState": 0,
  "LoadSync": false,
  "CanUnloadAsync": false,
  "LoadPriority": 0,
  "Punchline": "Change your game window titie",
  "AcceptsFeedback": true
}