{
  "Author": "Infi",
  "Name": "Eventy",
  "InternalName": "Eventy",
  "AssemblyVersion": "1.0.6.0",
  "Description": "Never forget a seasonal event ever again",
  "ApplicableVersion": "any",
  "RepoUrl": "https://github.com/Infiziert90/Eventy",
  "Tags": [
    "Plugin",
    "Events",
    "Dates",
    "DTR"
  ],
  "DalamudApiLevel": 14,
  "LoadRequiredState": 0,
  "LoadSync": false,
  "CanUnloadAsync": false,
  "LoadPriority": 0,
  "Punchline": "Never forget a seasonal event ever again",
  "AcceptsFeedback": true
}