{
  "Author": "Infi",
  "Name": "Eventy",
  "InternalName": "Eventy",
  "AssemblyVersion": "1.0.2.1",
  "Description": "Simple but useful calender\n- Current events displayed within a server bar entry for quick viewing\n- Browse through current, upcoming and previously held events\n- Special dates for Liveletters and other important occasions are highlighted",
  "ApplicableVersion": "any",
  "RepoUrl": "https://github.com/Infiziert90/Eventy",
  "Tags": [
    "Plugin",
    "Events",
    "Dates",
    "DTR"
  ],
  "DalamudApiLevel": 11,
  "LoadRequiredState": 0,
  "LoadSync": false,
  "CanUnloadAsync": false,
  "LoadPriority": 0,
  "Punchline": "Never forget a seasonal event ever again",
  "AcceptsFeedback": true
}