{
  "Author": "Azure Gem",
  "Name": "Rezo Scale Plugin",
  "InternalName": "RezoPlugin",
  "AssemblyVersion": "14.0.0.0",
  "Description": "Ever wanted to render at lower resolution? Now you can!\nOnly works with AMD FSR graphics upscaler",
  "ApplicableVersion": "any",
  "Tags": [
    "graphics",
    "settings",
    "resolution",
    "scaling",
    "scale",
    "configuration"
  ],
  "CategoryTags": [
    "utility"
  ],
  "DalamudApiLevel": 14,
  "LoadRequiredState": 0,
  "LoadSync": false,
  "CanUnloadAsync": false,
  "LoadPriority": 0,
  "Punchline": "Lower 3D Resolution Scale",
  "AcceptsFeedback": true
}