{
  "Author": "MidoriKami",
  "Name": "NoTankYou",
  "InternalName": "NoTankYou",
  "AssemblyVersion": "7.0.2.1",
  "Description": "Displays warnings when you or any party members are missing role specific actions such as partner buffs, pets, and tank stances.",
  "ApplicableVersion": "any",
  "RepoUrl": "https://github.com/MidoriKami/NoTankYou",
  "Tags": [
    "tanking",
    "alerts",
    "reminder",
    "food",
    "chocobo",
    "spirtbond",
    "gathering",
    "warning"
  ],
  "DalamudApiLevel": 10,
  "LoadRequiredState": 0,
  "LoadSync": false,
  "CanUnloadAsync": false,
  "LoadPriority": 0,
  "Punchline": "Warns you when yourself or others are missing role-specific actions",
  "AcceptsFeedback": false
}