{
  "Author": "Anna",
  "Name": "Eorzea Votes",
  "InternalName": "EorzeaVotes",
  "AssemblyVersion": "1.3.3.0",
  "Description": "Cast your vote in weekly lighthearted opinion polls!\n",
  "ApplicableVersion": "any",
  "Tags": [
    "vote",
    "voting",
    "questions",
    "eorzea"
  ],
  "DalamudApiLevel": 12,
  "LoadRequiredState": 0,
  "LoadSync": false,
  "CanUnloadAsync": false,
  "LoadPriority": 0,
  "Punchline": "Cast your vote in weekly lighthearted opinion polls! Is a hot dog a sandwich?",
  "AcceptsFeedback": true
}