{
  "Author": "Aida Enna",
  "Name": "Graphics Config",
  "InternalName": "GraphicsConfig",
  "AssemblyVersion": "1.0.0.6",
  "Description": "Allows you to save/load/share graphical setting presets (based on your System Configuration menu) at any time, including when triggered by events like entering a battle, cutscene, or gpose.",
  "ApplicableVersion": "any",
  "RepoUrl": "https://github.com/Aida-Enna/GraphicsConfig",
  "Tags": [
    "graphics",
    "config",
    "aida"
  ],
  "DalamudApiLevel": 10,
  "LoadRequiredState": 0,
  "LoadSync": false,
  "CanUnloadAsync": false,
  "LoadPriority": 0,
  "IconUrl": "https://i.imgur.com/vda2BRM.png",
  "Punchline": "Save/load/share graphical setting presets at any time!",
  "AcceptsFeedback": true
}