{
  "Author": "Infi, ash, Anna",
  "Name": "Better Party Finder",
  "InternalName": "BetterPartyFinder",
  "AssemblyVersion": "1.5.3.0",
  "Description": "Filter the party finder better.\n\nAll vanilla filtering is available, plus:\n\n- Create filter presets to easily switch between\n- Whitelist/blacklist specific duties and categories\n- Add character names to hide PFs from\n- Remove PFs above maximum item level\n- Filter on item level range\n- Filter on multiple jobs and slots (ex. MCH + GNB available)",
  "ApplicableVersion": "any",
  "RepoUrl": "https://github.com/Infiziert90/BetterPartyFinder",
  "DalamudApiLevel": 12,
  "LoadRequiredState": 0,
  "LoadSync": false,
  "CanUnloadAsync": false,
  "LoadPriority": 0,
  "Punchline": "Use advanced Party Finder filter presets.",
  "AcceptsFeedback": true
}