{
  "Author": "goat, maintained by Franz",
  "Name": "Discord Rich Presence",
  "InternalName": "Dalamud.RichPresence",
  "AssemblyVersion": "2.0.6.1",
  "Description": "This plugin allows you to show your zone, job, level, name, and world in your Discord status.",
  "ApplicableVersion": "any",
  "RepoUrl": "https://github.com/goaaats/Dalamud.RichPresence",
  "Tags": [
    "Discord"
  ],
  "DalamudApiLevel": 11,
  "LoadRequiredState": 0,
  "LoadSync": false,
  "CanUnloadAsync": false,
  "LoadPriority": 0,
  "Punchline": "Show your zone, job, level, name, and world in your Discord status",
  "Changelog": "Add support for Rich Presence when the plugin is ran under WINE (@Blooym)",
  "AcceptsFeedback": true
}