{
  "Author": "NightmareXIV, Asuna, Klia",
  "Name": "CashFlow",
  "InternalName": "CashFlow",
  "AssemblyVersion": "1.0.2.8",
  "Description": "CashFlow is a plugin that will log your trades, sales and purchases.",
  "ApplicableVersion": "any",
  "RepoUrl": "https://github.com/NightmareXIV/CashFlow",
  "DalamudApiLevel": 14,
  "LoadRequiredState": 0,
  "LoadSync": false,
  "CanUnloadAsync": false,
  "LoadPriority": 0,
  "IconUrl": "",
  "Punchline": "CashFlow is a plugin that will log your trades, sales and purchases.",
  "AcceptsFeedback": false
}