{
  "Author": "Leon Aquitaine",
  "Name": "Sightseeingway",
  "InternalName": "Sightseeingway",
  "AssemblyVersion": "1.1.0.3",
  "Description": "Renames screenshots as they are created to include character name, map name, and coordinates. Monitors default, Reshade and GShade screenshots.",
  "ApplicableVersion": "any",
  "RepoUrl": "https://github.com/gposingway/Sightseeingway",
  "Tags": [
    "screenshot",
    "gpose",
    "utility"
  ],
  "DalamudApiLevel": 13,
  "LoadRequiredState": 0,
  "LoadSync": false,
  "CanUnloadAsync": false,
  "LoadPriority": 0,
  "IconUrl": "https://raw.githubusercontent.com/gposingway/Sightseeingway/refs/heads/master/images/icon.png",
  "Punchline": "Automatically rename your screenshots with character and location info.",
  "AcceptsFeedback": true
}