{
  "Author": "JayceOfSpades",
  "Name": "Mini-Mappingway",
  "InternalName": "MiniMappingway",
  "AssemblyVersion": "1.0.3.2",
  "Description": "MiniMappingway",
  "ApplicableVersion": "any",
  "RepoUrl": "https://github.com/jaycewhite/MiniMappingway",
  "Tags": [
    "friends",
    "minimap",
    "find",
    "Free Company",
    "FC",
    "mmway"
  ],
  "DalamudApiLevel": 14,
  "LoadRequiredState": 0,
  "LoadSync": false,
  "CanUnloadAsync": false,
  "LoadPriority": 0,
  "Punchline": "A plugin to show your friends and FC members on the minimap",
  "AcceptsFeedback": true
}