{
  "Author": "UnknownX",
  "Name": "QoL Bar",
  "InternalName": "QoLBar",
  "AssemblyVersion": "2.3.3.6",
  "Description": "A plugin designed to provide a simple, customizable and always available interface for chat commands\nor other plugins to alleviate the need for using macros and hotbar space to achieve similar results.\n\nThe plugin should initially appear as a small box on the bottom center of the game window.",
  "ApplicableVersion": "any",
  "RepoUrl": "https://github.com/UnknownX7/QoLBar",
  "CategoryTags": [
    "UI",
    "utility"
  ],
  "DalamudApiLevel": 14,
  "LoadRequiredState": 0,
  "LoadSync": false,
  "CanUnloadAsync": false,
  "LoadPriority": 0,
  "ImageUrls": [
    ""
  ],
  "IconUrl": "https://raw.githubusercontent.com/goatcorp/PluginDistD17/main/stable/QoLBar/images/icon.png",
  "Punchline": "Customizable ImGui hotbars",
  "AcceptsFeedback": true
}