{
  "Author": "Bluefissure",
  "Name": "No Kill Plugin",
  "InternalName": "NoKillPlugin",
  "AssemblyVersion": "1.2.0.3",
  "Description": "A simple plugin that prevent the game from killing itself with lobby error.",
  "ApplicableVersion": "any",
  "RepoUrl": "https://github.com/Bluefissure/NoKillPlugin",
  "DalamudApiLevel": 11,
  "LoadRequiredState": 0,
  "LoadSync": false,
  "CanUnloadAsync": false,
  "LoadPriority": 0,
  "IconUrl": "https://raw.githubusercontent.com/Bluefissure/NoKillPlugin/master/images/icon.png",
  "Punchline": "Don't kill game with lobby error.",
  "AcceptsFeedback": true
}