{
  "Author": "Bluefissure",
  "Name": "No Kill Plugin",
  "InternalName": "NoKillPlugin",
  "AssemblyVersion": "1.2.3.0",
  "Description": "A Dalamud Plugin.",
  "ApplicableVersion": "any",
  "RepoUrl": "https://github.com/Bluefissure/NoKillPlugin",
  "DalamudApiLevel": 14,
  "LoadRequiredState": 0,
  "LoadSync": false,
  "CanUnloadAsync": false,
  "LoadPriority": 0,
  "IconUrl": "https://raw.githubusercontent.com/Bluefissure/NoKillPlugin/master/images/icon.png",
  "Punchline": "Don't kill game with lobby error.",
  "AcceptsFeedback": true
}