{
  "Author": "kalilistic, karashiiro",
  "Name": "NeatNoter",
  "InternalName": "NeatNoter",
  "AssemblyVersion": "2.3.2.0",
  "Description": "NeatNoter allows you to take notes without switching windows or any of that.",
  "ApplicableVersion": "any",
  "RepoUrl": "https://github.com/kalilistic/NeatNoter",
  "Tags": [
    "note",
    "utility",
    "tool",
    "overlay"
  ],
  "DalamudApiLevel": 7,
  "LoadPriority": 0,
  "IconUrl": "https://github.com/goatcorp/DalamudPlugins/blob/api6/plugins/NeatNoter/images/icon.png",
  "Punchline": "A note-taking plugin."
}