{
  "Author": "NightmareXIV",
  "Name": "Mini",
  "InternalName": "Mini",
  "AssemblyVersion": "2.1.0.0",
  "Description": "Additionally can minimize game to tray or create game's tray icon",
  "ApplicableVersion": "any",
  "RepoUrl": "https://github.com/NightmareXIV/Mini",
  "DalamudApiLevel": 9,
  "LoadRequiredState": 0,
  "LoadSync": false,
  "CanUnloadAsync": false,
  "LoadPriority": 0,
  "Punchline": "Adds a button and a command to minimize your game into taskbar",
  "AcceptsFeedback": false
}