{
  "Author": "Sohtoren",
  "Name": "Altoholic",
  "InternalName": "Altoholic",
  "AssemblyVersion": "1.0.0.0",
  "Description": "Get informations (gils, currencies,  items, inventory, retainers, etc) and progress from all your characters",
  "ApplicableVersion": "any",
  "Tags": [
    "alts",
    "altoholic",
    "plugin"
  ],
  "DalamudApiLevel": 13,
  "LoadRequiredState": 0,
  "LoadSync": false,
  "CanUnloadAsync": false,
  "LoadPriority": 0,
  "Punchline": "Informations about your alts",
  "AcceptsFeedback": true
}