{
  "Author": "Infi",
  "Name": "Easy MBHistory",
  "InternalName": "MBHistory",
  "AssemblyVersion": "1.0.1.0",
  "Description": "Copies the marketboard transaction history into your clipboard with configurable options.",
  "ApplicableVersion": "any",
  "RepoUrl": "https://github.com/Infiziert90/MBHistory",
  "Tags": [
    "MarketBoard",
    "plugin",
    "clipboard",
    "History"
  ],
  "DalamudApiLevel": 10,
  "LoadRequiredState": 0,
  "LoadSync": false,
  "CanUnloadAsync": false,
  "LoadPriority": 0,
  "IconUrl": "https://github.com/Infiziert90/MBHistory/raw/master/MBHistory/images/icon.png",
  "Punchline": "Useful for when you want to quickly export marketboard transaction history.",
  "AcceptsFeedback": true
}