{
  "Author": "WildWolf",
  "Name": "DeepDungeonDex",
  "InternalName": "DeepDungeonDex",
  "AssemblyVersion": "2.9.2.0",
  "Description": "A live bestiary for Deep Dungeon.\nShows target mob aggro type, a subjective threat level, status vulnerabilities, and a general overview of notable mechanics.\nThreat level is meant to be taken with a grain of salt, is aimed towards solo players, and assumes a general familiarity with deep dungeon mechanics and the class being played.\nInformation is accurate to the best of my knowledge based on crowdsourced information, but I could use your help! Please open an issue on the GitHub if you'd like to correct inaccurate or untested data.\nOriginal by Strati",
  "ApplicableVersion": "any",
  "RepoUrl": "https://github.com/wolfcomp/DeepDungeonDex",
  "Tags": [
    "deep dungeon",
    "achievements",
    "battle"
  ],
  "DalamudApiLevel": 9,
  "LoadRequiredState": 0,
  "LoadSync": false,
  "CanUnloadAsync": false,
  "LoadPriority": 0,
  "Punchline": "Live monster data for Deep Dungeons.",
  "Changelog": "",
  "AcceptsFeedback": false
}