{
  "Author": "Dragon",
  "Name": "Hunt Buddy",
  "InternalName": "HuntBuddy",
  "AssemblyVersion": "1.0.3.0",
  "Description": "A daily hunt bill tracker",
  "ApplicableVersion": "any",
  "RepoUrl": "https://github.com/SheepGoMeh/HuntBuddy",
  "Tags": [
    "Hunt",
    "Daily",
    "Utility"
  ],
  "DalamudApiLevel": 9,
  "LoadRequiredState": 0,
  "LoadSync": false,
  "CanUnloadAsync": false,
  "LoadPriority": 0,
  "Punchline": "Helps you track your daily hunt bills",
  "AcceptsFeedback": true
}