{
  "Author": "karashiiro",
  "Name": "PingPlugin",
  "InternalName": "PingPlugin",
  "AssemblyVersion": "2.6.0.0",
  "Description": "A ping display plugin for Dalamud.",
  "ApplicableVersion": "any",
  "RepoUrl": "https://github.com/karashiiro/PingPlugin",
  "Tags": [
    "ping",
    "monitor",
    "utility",
    "tool"
  ],
  "DalamudApiLevel": 9,
  "LoadRequiredState": 0,
  "LoadSync": false,
  "CanUnloadAsync": false,
  "LoadPriority": 0,
  "ImageUrls": [
    "https://raw.githubusercontent.com/karashiiro/PingPlugin/main/Assets/image1.png"
  ],
  "IconUrl": "https://raw.githubusercontent.com/karashiiro/PingPlugin/main/Assets/icon.png",
  "Punchline": "A ping display plugin for Dalamud.",
  "AcceptsFeedback": true
}