{
  "Author": "Glyceri",
  "Name": "Pet Nicknames",
  "Punchline": "Give your minions, Carbuncles and Faeries cute nicknames\nand share them with your friends.",
  "Description": "Give your minions, Carbuncles and Faeries cute nicknames\nand share them with your friends.",
  "InternalName": "PetRenamer",
  "ApplicableVersion": "any",
  "Tags": [
    "Pet",
    "plugin",
    "Rename",
    "Nickname",
    "Name",
    "Minion"
  ],
  "IconUrl": "https://github.com/Glyceri/FFXIVPetRenamer/raw/main/icon.png",
  "RepoUrl": "https://github.com/Glyceri/FFXIVPetRenamer"
}
