<?xml version="1.0"?>
<doc>
    <assembly>
        <name>Miosuke</name>
    </assembly>
    <members>
        <member name="M:Miosuke.Configuration.MioConfig.Migrate``1(System.String)">
            <summary>
            Migrates default configuration to MioConfig. Must be called before Init. Get it from: <br />
            Service.PluginInterface.ConfigFile <br />
            Path.Combine(new DirectoryInfo(Service.PluginInterface.GetPluginConfigDirectory()).Parent!.FullName, "file_name.json")
            </summary>
            <typeparam name="T"></typeparam>
            <exception cref="T:System.NullReferenceException"></exception>
        </member>
        <member name="M:Miosuke.UiHelper.Ui.RgbaToDecimal(System.Byte,System.Byte,System.Byte,System.Byte)">
            <summary>
            (255, 255, 255, 1) -> (1, 1, 1, 1)
            </summary>
        </member>
        <member name="M:Miosuke.UiHelper.Ui.HslaToDecimal(System.Double,System.Double,System.Double,System.Double)">
            <summary>
            (360, 1, 1, 1) -> (1, 1, 1, 1)
            </summary>
        </member>
        <member name="M:Miosuke.UiHelper.Ui.HslaToRgba(System.Double,System.Double,System.Double,System.Double)">
            <summary>
            (360, 1, 1, 1) -> (255, 255, 255, 1)
            </summary>
        </member>
    </members>
</doc>
