{
  "Author": "Elypha",
  "Name": "SimpleMarketBoard",
  "InternalName": "SimpleMarketBoard",
  "AssemblyVersion": "1.5.1.0",
  "Description": "It delivers some useful bonus info and a structured presentation. Might be useful for power users, perhaps?\n\nHighlights:\n  - Compact UI design\n  - Cached search history\n  - Flexible configuration\n  - Live data filters\n  - Colour highlights\n\nCheck out the 'Introduction' on Config Window for documentation.\n",
  "ApplicableVersion": "any",
  "RepoUrl": "https://github.com/Elypha/SimpleMarketBoard",
  "Tags": [
    "Marketboard",
    "Price",
    "Data",
    "Universalis",
    "Elypha"
  ],
  "CategoryTags": [
    "Utility",
    "Other"
  ],
  "DalamudApiLevel": 9,
  "LoadRequiredState": 0,
  "LoadSync": false,
  "CanUnloadAsync": false,
  "LoadPriority": 0,
  "Punchline": "A simple, compact but ultimate market board plugin.",
  "AcceptsFeedback": true
}