<?xml version="1.0"?>
<doc>
    <assembly>
        <name>SimpleMarketBoard</name>
    </assembly>
    <members>
        <member name="T:SimpleMarketBoard.UniversalisModels.MarketDataCurrent">
            <summary>
            A model representing a market data response from Universalis.
            </summary>
        </member>
        <member name="P:SimpleMarketBoard.UniversalisModels.MarketDataCurrent.ItemId">
            <summary>
            Gets or sets the ID of the item.
            </summary>
        </member>
        <member name="P:SimpleMarketBoard.UniversalisModels.MarketDataCurrent.LastUploadTime">
            <summary>
            Gets or sets the last upload time.
            </summary>
        </member>
        <member name="P:SimpleMarketBoard.UniversalisModels.MarketDataCurrent.Listings">
            <summary>
            Gets or sets the listings.
            </summary>
        </member>
        <member name="P:SimpleMarketBoard.UniversalisModels.MarketDataCurrent.Entries">
            <summary>
            Gets or sets the recent history.
            </summary>
        </member>
        <member name="P:SimpleMarketBoard.UniversalisModels.MarketDataCurrent.DcName">
            <summary>
            Gets or sets the name of the datacenter.
            </summary>
        </member>
        <member name="P:SimpleMarketBoard.UniversalisModels.MarketDataCurrent.Velocity">
            <summary>
            Gets or sets the sale velocity.
            </summary>
        </member>
        <member name="P:SimpleMarketBoard.UniversalisModels.MarketDataCurrent.VelocityNq">
            <summary>
            Gets or sets the sale velocity of the NQ items.
            </summary>
        </member>
        <member name="P:SimpleMarketBoard.UniversalisModels.MarketDataCurrent.VelocityHq">
            <summary>
            Gets or sets the sale velocity of the HQ items.
            </summary>
        </member>
        <member name="P:SimpleMarketBoard.UniversalisModels.MarketDataCurrent.AveragePrice">
            <summary>
            Gets or sets the average price.
            </summary>
        </member>
        <member name="P:SimpleMarketBoard.UniversalisModels.MarketDataCurrent.AveragePriceNq">
            <summary>
            Gets or sets the average price of the NQ items.
            </summary>
        </member>
        <member name="P:SimpleMarketBoard.UniversalisModels.MarketDataCurrent.AveragePriceHq">
            <summary>
            Gets or sets the average price of the HQ items.
            </summary>
        </member>
        <member name="P:SimpleMarketBoard.UniversalisModels.MarketDataCurrent.StackSizeHistogram">
            <summary>
            Gets the stack size histogram.
            </summary>
        </member>
        <member name="P:SimpleMarketBoard.UniversalisModels.MarketDataCurrent.StackSizeHistogramNq">
            <summary>
            Gets the stack size histogram of the NQ items.
            </summary>
        </member>
        <member name="P:SimpleMarketBoard.UniversalisModels.MarketDataCurrent.StackSizeHistogramHq">
            <summary>
            Gets the stack size histogram of the HQ items.
            </summary>
        </member>
        <member name="P:SimpleMarketBoard.UniversalisModels.MarketDataCurrent.WorldName">
            <summary>
            Gets or sets the name of the world.
            </summary>
        </member>
        <member name="P:SimpleMarketBoard.UniversalisModels.MarketDataCurrent.WorldUploadTimes">
            <summary>
            (cross-world query only) Gets the last upload times for each world.
            </summary>
        </member>
        <member name="P:SimpleMarketBoard.UniversalisModels.MarketDataCurrent.UnitsForSale">
            <summary>
            Gets the total amount of items currently for sale.
            </summary>
        </member>
        <member name="T:SimpleMarketBoard.UniversalisModels.MarketDataEntry">
            <summary>
            A model representing a market data recent history from Universalis.
            </summary>
        </member>
        <member name="P:SimpleMarketBoard.UniversalisModels.MarketDataEntry.Hq">
            <summary>
            Gets or sets a value indicating whether the items are HQ.
            </summary>
        </member>
        <member name="P:SimpleMarketBoard.UniversalisModels.MarketDataEntry.PricePerUnit">
            <summary>
            Gets or sets the price per unit.
            </summary>
        </member>
        <member name="P:SimpleMarketBoard.UniversalisModels.MarketDataEntry.Quantity">
            <summary>
            Gets or sets the quantity.
            </summary>
        </member>
        <member name="P:SimpleMarketBoard.UniversalisModels.MarketDataEntry.BuyerName">
            <summary>
            Gets or sets the name of the buyer.
            </summary>
        </member>
        <member name="P:SimpleMarketBoard.UniversalisModels.MarketDataEntry.Timestamp">
            <summary>
            Gets or sets the timestamp.
            </summary>
        </member>
        <member name="P:SimpleMarketBoard.UniversalisModels.MarketDataEntry.WorldName">
            <summary>
            Gets or sets the name of the world.
            </summary>
        </member>
        <member name="P:SimpleMarketBoard.UniversalisModels.MarketDataEntry.WorldID">
            <summary>
            Gets or sets the ID of the world.
            </summary>
        </member>
        <member name="T:SimpleMarketBoard.UniversalisModels.MarketDataHistory">
            <summary>
            A model representing a market data recent history from Universalis.
            </summary>
        </member>
        <member name="P:SimpleMarketBoard.UniversalisModels.MarketDataHistory.ItemId">
            <summary>
            Gets or sets the ID of the item.
            </summary>
        </member>
        <member name="P:SimpleMarketBoard.UniversalisModels.MarketDataHistory.WorldID">
            <summary>
            Gets or sets the ID of the world.
            </summary>
        </member>
        <member name="P:SimpleMarketBoard.UniversalisModels.MarketDataHistory.LastUploadTime">
            <summary>
            Gets or sets the last upload time.
            </summary>
        </member>
        <member name="P:SimpleMarketBoard.UniversalisModels.MarketDataHistory.Entries">
            <summary>
            Gets or sets the recent history.
            </summary>
        </member>
        <member name="P:SimpleMarketBoard.UniversalisModels.MarketDataHistory.WorldName">
            <summary>
            Gets or sets the name of the world.
            </summary>
        </member>
        <member name="P:SimpleMarketBoard.UniversalisModels.MarketDataHistory.DcName">
            <summary>
            Gets or sets the name of the datacenter.
            </summary>
        </member>
        <member name="P:SimpleMarketBoard.UniversalisModels.MarketDataHistory.StackSizeHistogram">
            <summary>
            Gets the stack size histogram.
            </summary>
        </member>
        <member name="P:SimpleMarketBoard.UniversalisModels.MarketDataHistory.StackSizeHistogramNq">
            <summary>
            Gets the stack size histogram of the NQ items.
            </summary>
        </member>
        <member name="P:SimpleMarketBoard.UniversalisModels.MarketDataHistory.StackSizeHistogramHq">
            <summary>
            Gets the stack size histogram of the HQ items.
            </summary>
        </member>
        <member name="P:SimpleMarketBoard.UniversalisModels.MarketDataHistory.Velocity">
            <summary>
            Gets or sets the sale velocity.
            </summary>
        </member>
        <member name="P:SimpleMarketBoard.UniversalisModels.MarketDataHistory.VelocityNq">
            <summary>
            Gets or sets the sale velocity of the NQ items.
            </summary>
        </member>
        <member name="P:SimpleMarketBoard.UniversalisModels.MarketDataHistory.VelocityHq">
            <summary>
            Gets or sets the sale velocity of the HQ items.
            </summary>
        </member>
        <member name="T:SimpleMarketBoard.UniversalisModels.MarketDataListing">
            <summary>
            A model representing a market data listing from Universalis.
            </summary>
        </member>
        <member name="P:SimpleMarketBoard.UniversalisModels.MarketDataListing.LastReviewTime">
            <summary>
            Gets or sets the last review time.
            </summary>
        </member>
        <member name="P:SimpleMarketBoard.UniversalisModels.MarketDataListing.PricePerUnit">
            <summary>
            Gets or sets the price per unit.
            </summary>
        </member>
        <member name="P:SimpleMarketBoard.UniversalisModels.MarketDataListing.Quantity">
            <summary>
            Gets or sets the quantity.
            </summary>
        </member>
        <member name="P:SimpleMarketBoard.UniversalisModels.MarketDataListing.WorldName">
            <summary>
            (cross-world listings only) Gets or sets the name of the world.
            </summary>
        </member>
        <member name="P:SimpleMarketBoard.UniversalisModels.MarketDataListing.WorldID">
            <summary>
            (cross-world listings only) Gets or sets the ID of the world.
            </summary>
        </member>
        <member name="P:SimpleMarketBoard.UniversalisModels.MarketDataListing.Hq">
            <summary>
            Gets or sets a value indicating whether the items are HQ.
            </summary>
        </member>
        <member name="P:SimpleMarketBoard.UniversalisModels.MarketDataListing.IsCrafted">
            <summary>
            Gets or sets a value indicating whether the items are crafted.
            </summary>
        </member>
        <member name="P:SimpleMarketBoard.UniversalisModels.MarketDataListing.Materia">
            <summary>
            Gets or sets the list of the materias.
            </summary>
        </member>
        <member name="P:SimpleMarketBoard.UniversalisModels.MarketDataListing.OnMannequin">
            <summary>
            Gets or sets a value indicating whether the item is on a mannequin.
            </summary>
        </member>
        <member name="P:SimpleMarketBoard.UniversalisModels.MarketDataListing.RetainerName">
            <summary>
            Gets or sets the retainer's name.
            </summary>
        </member>
        <member name="P:SimpleMarketBoard.UniversalisModels.MarketDataListing.Tax">
            <summary>
            Gets or sets the Gil sales tax (GST) to be added to the total price during purchase.
            </summary>
        </member>
        <member name="T:SimpleMarketBoard.UniversalisModels.UniversalisResponse">
            <summary>
            A model representing a market data response from Universalis.
            </summary>
        </member>
        <member name="P:SimpleMarketBoard.UniversalisModels.UniversalisResponse.ItemId">
            <summary>
            Gets or sets the ID of the item.
            </summary>
        </member>
        <member name="P:SimpleMarketBoard.UniversalisModels.UniversalisResponse.IsCrossWorld">
            <summary>
            If this is a cross-world query.
            </summary>
        </member>
        <member name="P:SimpleMarketBoard.UniversalisModels.UniversalisResponse.WorldOutOfDate">
            <summary>
            An edited entry to get how many hours have passed since last update for each world.
            </summary>
        </member>
        <member name="P:SimpleMarketBoard.UniversalisModels.UniversalisResponse.UnitsForSale">
            <summary>
            Gets the total amount of items currently for sale.
            </summary>
        </member>
        <member name="P:SimpleMarketBoard.UniversalisModels.UniversalisResponse.AveragePrice">
            <summary>
            Gets or sets the average price.
            </summary>
        </member>
        <member name="P:SimpleMarketBoard.UniversalisModels.UniversalisResponse.AveragePriceNq">
            <summary>
            Gets or sets the average price of the NQ items.
            </summary>
        </member>
        <member name="P:SimpleMarketBoard.UniversalisModels.UniversalisResponse.AveragePriceHq">
            <summary>
            Gets or sets the average price of the HQ items.
            </summary>
        </member>
        <member name="P:SimpleMarketBoard.UniversalisModels.UniversalisResponse.Velocity">
            <summary>
            Gets or sets the sale velocity.
            </summary>
        </member>
        <member name="P:SimpleMarketBoard.UniversalisModels.UniversalisResponse.VelocityNq">
            <summary>
            Gets or sets the sale velocity of the NQ items.
            </summary>
        </member>
        <member name="P:SimpleMarketBoard.UniversalisModels.UniversalisResponse.VelocityHq">
            <summary>
            Gets or sets the sale velocity of the HQ items.
            </summary>
        </member>
        <member name="P:SimpleMarketBoard.UniversalisModels.UniversalisResponse.Listings">
            <summary>
            Gets or sets the listings.
            </summary>
        </member>
        <member name="P:SimpleMarketBoard.UniversalisModels.UniversalisResponse.Entries">
            <summary>
            Gets or sets the recent history.
            </summary>
        </member>
        <member name="M:SimpleMarketBoard.UiHelper.RGBA_to_Decimal(System.Byte,System.Byte,System.Byte,System.Byte)">
            <summary>
            (255, 255, 255, 1) -> (1, 1, 1, 1)
            </summary>
        </member>
        <member name="M:SimpleMarketBoard.UiHelper.HSLA_to_Decimal(System.Double,System.Double,System.Double,System.Double)">
            <summary>
            (360, 1, 1, 1) -> (1, 1, 1, 1)
            </summary>
        </member>
        <member name="M:SimpleMarketBoard.UiHelper.HSLA_to_RGBA(System.Double,System.Double,System.Double,System.Double)">
            <summary>
            (360, 1, 1, 1) -> (255, 255, 255, 1)
            </summary>
        </member>
    </members>
</doc>
