{
  "Author": "Elypha",
  "Name": "SimpleMarketBoard",
  "InternalName": "SimpleMarketBoard",
  "AssemblyVersion": "1.11.0.0",
  "Description": "A simple and compact market board plugin for power users.",
  "ApplicableVersion": "any",
  "RepoUrl": "https://github.com/Elypha/SimpleMarketBoard",
  "Tags": [
    "Marketboard",
    "Price",
    "Data",
    "Universalis",
    "Elypha"
  ],
  "CategoryTags": [
    "Utility",
    "Other"
  ],
  "DalamudApiLevel": 14,
  "LoadRequiredState": 0,
  "LoadSync": false,
  "CanUnloadAsync": false,
  "LoadPriority": 0,
  "Punchline": "A simple and compact market board plugin for power users.",
  "AcceptsFeedback": true
}