{
  "Author": "Elypha",
  "Name": "SimpleMarketBoard",
  "InternalName": "SimpleMarketBoard",
  "AssemblyVersion": "1.10.1.0",
  "Description": "A niche plugin designed to be user-friendly and multi-functional with rich customisation options, for power users.\n\nHighlights:\n  - Compact UI and user theme\n  - Customisable search options\n  - Rich ways for plugin interaction\n\nCheck out the 'Introduction' on Config Window for documentation.\n",
  "ApplicableVersion": "any",
  "RepoUrl": "https://github.com/Elypha/SimpleMarketBoard",
  "Tags": [
    "Marketboard",
    "Price",
    "Data",
    "Universalis",
    "Elypha"
  ],
  "CategoryTags": [
    "Utility",
    "Other"
  ],
  "DalamudApiLevel": 13,
  "LoadRequiredState": 0,
  "LoadSync": false,
  "CanUnloadAsync": false,
  "LoadPriority": 0,
  "Punchline": "A simple and compact market board plugin for power users.",
  "AcceptsFeedback": true
}