{
  "Author": "Aireil",
  "Name": "FlyTextFilter",
  "InternalName": "FlyTextFilter",
  "AssemblyVersion": "4.1.4.1",
  "Description": "Filter fly texts and pop-ups texts based on multiple criteria and allow the adjustment of their positions.",
  "ApplicableVersion": "any",
  "RepoUrl": "https://github.com/Aireil/FlyTextFilter",
  "DalamudApiLevel": 9,
  "LoadRequiredState": 0,
  "LoadSync": false,
  "CanUnloadAsync": false,
  "LoadPriority": 0,
  "Punchline": "Filter fly texts and pop-ups texts based on multiple criteria and allow the adjustment of their positions.",
  "AcceptsFeedback": true
}