{
  "Author": "ascclemens",
  "Name": "Text Box Styler",
  "InternalName": "TextBoxStyler",
  "AssemblyVersion": "1.1.6.0",
  "Description": "Allows replacing every text box with the background of your choice.",
  "ApplicableVersion": "any",
  "RepoUrl": "https://git.annaclemens.io/ascclemens/TextBoxStyler",
  "DalamudApiLevel": 8,
  "LoadRequiredState": 0,
  "LoadSync": false,
  "CanUnloadAsync": false,
  "LoadPriority": 0,
  "Punchline": "Allows replacing every text box with the background of your choice.",
  "AcceptsFeedback": true
}