{
  "Author": "goat, Maple",
  "Name": "Ultrawide Cutscenes",
  "InternalName": "Dalamud.FullscreenCutscenes",
  "AssemblyVersion": "1.0.0.7",
  "Description": "A sample plugin.",
  "ApplicableVersion": "any",
  "RepoUrl": "https://github.com/MapleHinata/Dalamud.FullscreenCutscenes",
  "Tags": [
    "ultrawide",
    "cutscene",
    "fullscreen"
  ],
  "DalamudApiLevel": 14,
  "LoadRequiredState": 0,
  "LoadSync": false,
  "CanUnloadAsync": false,
  "LoadPriority": 0,
  "Punchline": "Remove letterboxing from cutscenes on ultrawide monitors.",
  "AcceptsFeedback": true
}