<?xml version="1.0"?>
<doc>
    <assembly>
        <name>Tippy</name>
    </assembly>
    <members>
        <member name="T:Tippy.ITippyAPI">
            <summary>
            Interface to communicate with Tippy.
            </summary>
        </member>
        <member name="P:Tippy.ITippyAPI.APIVersion">
            <summary>
            Gets api version.
            </summary>
        </member>
        <member name="M:Tippy.ITippyAPI.RegisterTip(System.String)">
            <summary>
            Register Tip.
            This will be added to the standard tip queue and will be displayed eventually at random.
            This can be used when you want to add your own tips.
            </summary>
            <param name="text">the text of the tip.</param>
            <returns>indicator if tip was successfully registered.</returns>
        </member>
        <member name="M:Tippy.ITippyAPI.RegisterMessage(System.String)">
            <summary>
            Register Message.
            This will be added to the priority message queue and likely display right away.
            This can be used to have Tippy display messages in near real-time you want to show to the user.
            </summary>
            <param name="text">the text of the message.</param>
            <returns>indicator if message was successfully registered.</returns>
        </member>
        <member name="T:Tippy.TippyAPI">
            <inheritdoc cref="T:Tippy.ITippyAPI" />
        </member>
        <member name="M:Tippy.TippyAPI.#ctor">
            <summary>
            Initializes a new instance of the <see cref="T:Tippy.TippyAPI"/> class.
            </summary>
        </member>
        <member name="P:Tippy.TippyAPI.APIVersion">
            <inheritdoc />
        </member>
        <member name="M:Tippy.TippyAPI.RegisterTip(System.String)">
            <inheritdoc />
        </member>
        <member name="M:Tippy.TippyAPI.RegisterMessage(System.String)">
            <inheritdoc />
        </member>
        <member name="T:Tippy.TippyProvider">
            <summary>
            IPC for Tippy plugin.
            </summary>
        </member>
        <member name="F:Tippy.TippyProvider.LabelProviderApiVersion">
            <summary>
            API Version.
            </summary>
        </member>
        <member name="F:Tippy.TippyProvider.LabelProviderRegisterTip">
            <summary>
            Register Tip.
            </summary>
        </member>
        <member name="F:Tippy.TippyProvider.LabelProviderRegisterMessage">
            <summary>
            Register Message.
            </summary>
        </member>
        <member name="F:Tippy.TippyProvider.API">
            <summary>
            API.
            </summary>
        </member>
        <member name="F:Tippy.TippyProvider.ProviderAPIVersion">
            <summary>
            Provider API Version.
            </summary>
        </member>
        <member name="F:Tippy.TippyProvider.ProviderRegisterTip">
            <summary>
            Register Tip.
            </summary>
        </member>
        <member name="F:Tippy.TippyProvider.ProviderRegisterMessage">
            <summary>
            Register Message.
            </summary>
        </member>
        <member name="M:Tippy.TippyProvider.#ctor(Dalamud.Plugin.DalamudPluginInterface,Tippy.ITippyAPI)">
            <summary>
            Initializes a new instance of the <see cref="T:Tippy.TippyProvider"/> class.
            </summary>
            <param name="pluginInterface">plugin interface.</param>
            <param name="api">plugin api.</param>
        </member>
        <member name="M:Tippy.TippyProvider.Dispose">
            <summary>
            Dispose IPC.
            </summary>
        </member>
        <member name="T:Tippy.TippyConfig">
            <summary>
            Plugin configuration.
            </summary>
        </member>
        <member name="P:Tippy.TippyConfig.IsEnabled">
            <summary>
            Gets or sets a value indicating whether tippy is enabled or not.
            </summary>
        </member>
        <member name="P:Tippy.TippyConfig.IsLocked">
            <summary>
            Gets or sets a value indicating whether tippy is locked in-place.
            </summary>
        </member>
        <member name="P:Tippy.TippyConfig.IsSoundEnabled">
            <summary>
            Gets or sets a value indicating whether tippy will make sounds.
            </summary>
        </member>
        <member name="P:Tippy.TippyConfig.UseClassicFont">
            <summary>
            Gets or sets a value indicating whether to use classic font.
            </summary>
        </member>
        <member name="P:Tippy.TippyConfig.ShowIntroMessages">
            <summary>
            Gets or sets a value indicating whether to show intro messages.
            </summary>
        </member>
        <member name="P:Tippy.TippyConfig.ShowDebugWindow">
            <summary>
            Gets or sets a value indicating whether to show debug window.
            </summary>
        </member>
        <member name="P:Tippy.TippyConfig.TipCooldown">
            <summary>
            Gets or sets a value indicating delay between tips.
            </summary>
        </member>
        <member name="P:Tippy.TippyConfig.TipTimeout">
            <summary>
            Gets or sets a value indicating how long to keep tip open.
            </summary>
        </member>
        <member name="P:Tippy.TippyConfig.MessageTimeout">
            <summary>
            Gets or sets a value indicating how long to keep message open.
            </summary>
        </member>
        <member name="P:Tippy.TippyConfig.BannedTipIds">
            <summary>
            Gets or sets list of banned tip ids.
            </summary>
        </member>
        <member name="P:Tippy.TippyConfig.Version">
            <inheritdoc />
        </member>
        <member name="T:Tippy.TextHelper">
            <summary>
            Text utility class.
            </summary>
        </member>
        <member name="M:Tippy.TextHelper.SanitizeText(System.String)">
            <summary>
            Sanitizes text by removing unprintable characters, extra newlines, and reducing length.
            </summary>
            <param name="text">Text to be sanitized.</param>
            <returns>The modified text.</returns>
        </member>
        <member name="M:Tippy.TextHelper.WordWrap(System.String,System.Int32)">
            <summary>
            Word wraps the given text to fit within the specified width.
            </summary>
            <param name="text">Text to be word wrapped.</param>
            <param name="width">Width, in characters, to which the text should be word wrapped.</param>
            <returns>The modified text.</returns>
        </member>
        <member name="M:Tippy.TextHelper.BreakLine(System.String,System.Int32,System.Int32)">
            <summary>
            Locates position to break the given line so as to avoid
            breaking words.
            </summary>
            <param name="text">String that contains line of text.</param>
            <param name="pos">Index where line of text starts.</param>
            <param name="max">Maximum line length.</param>
            <returns>The modified line length.</returns>
        </member>
        <member name="T:Tippy.TippyController">
            <summary>
            Tippy animation controller.
            </summary>
        </member>
        <member name="M:Tippy.TippyController.#ctor(Tippy.TippyPlugin)">
            <summary>
            Initializes a new instance of the <see cref="T:Tippy.TippyController"/> class.
            </summary>
            <param name="plugin">plugin.</param>
        </member>
        <member name="P:Tippy.TippyController.CurrentMessage">
            <summary>
            Gets or sets get current message.
            </summary>
        </member>
        <member name="P:Tippy.TippyController.JobChanged">
            <summary>
            Gets or sets a value indicating whether job changed.
            </summary>
        </member>
        <member name="P:Tippy.TippyController.FrameTimer">
            <summary>
            Gets frame timer.
            </summary>
        </member>
        <member name="P:Tippy.TippyController.MessageTimer">
            <summary>
            Gets message timer.
            </summary>
        </member>
        <member name="P:Tippy.TippyController.CurrentFrameIndex">
            <summary>
            Gets current frame index.
            </summary>
        </member>
        <member name="P:Tippy.TippyController.LastMessageFinished">
            <summary>
            Gets last message finished timestamp.
            </summary>
        </member>
        <member name="P:Tippy.TippyController.TipQueue">
            <summary>
            Gets tip queue.
            </summary>
        </member>
        <member name="P:Tippy.TippyController.IPCTips">
            <summary>
            Gets IPC Tip list.
            </summary>
        </member>
        <member name="P:Tippy.TippyController.MessageQueue">
            <summary>
            Gets message queue.
            </summary>
        </member>
        <member name="P:Tippy.TippyController.AnimationQueue">
            <summary>
            Gets animation queue.
            </summary>
        </member>
        <member name="P:Tippy.TippyController.CurrentAnimationType">
            <summary>
            Gets or sets animation type.
            </summary>
        </member>
        <member name="P:Tippy.TippyController.TippyState">
            <summary>
            Gets or sets get tippy state.
            </summary>
        </member>
        <member name="M:Tippy.TippyController.SetupMessages(System.Boolean)">
            <summary>
            Setup tips on load or if job changes.
            </summary>
            <param name="initialLoad">indicator whether initial load.</param>
        </member>
        <member name="M:Tippy.TippyController.ShouldShowMessage">
            <summary>
            Gets indicator whether to show message.
            </summary>
            <returns>indicator whether to show message.</returns>
        </member>
        <member name="M:Tippy.TippyController.CanBlockTip">
            <summary>
            Gets indicator whether can block this tip.
            </summary>
            <returns>indicator whether able to block tip..</returns>
        </member>
        <member name="M:Tippy.TippyController.GetMessageNow">
            <summary>
            Get next message now.
            </summary>
        </member>
        <member name="M:Tippy.TippyController.CloseMessage">
            <summary>
            Finish and close message.
            </summary>
        </member>
        <member name="M:Tippy.TippyController.GetTippyFrame">
            <summary>
            Draw tippy animation.
            </summary>
            <returns>animation spec for imgui.</returns>
        </member>
        <member name="M:Tippy.TippyController.Dispose">
            <summary>
            Dispose animator.
            </summary>
        </member>
        <member name="M:Tippy.TippyController.AddMessage(System.String,Tippy.AnimationType)">
            <summary>
            Add priority tip by message.
            </summary>
            <param name="message">message.</param>
            <param name="animationType">animation type.</param>
        </member>
        <member name="M:Tippy.TippyController.AddTip(System.String,Tippy.MessageSource)">
            <summary>
            Add tip by text.
            </summary>
            <param name="text">message.</param>
            <param name="messageSource">message source.</param>
            <returns>indicator whether successful.</returns>
        </member>
        <member name="M:Tippy.TippyController.AddMessage(System.String,Tippy.MessageSource)">
            <summary>
            Add message by text.
            </summary>
            <param name="text">message.</param>
            <param name="messageSource">message source.</param>
            <returns>indicator whether successful.</returns>
        </member>
        <member name="M:Tippy.TippyController.BlockTip">
            <summary>
            Block message.
            </summary>
        </member>
        <member name="M:Tippy.TippyController.DebugMessage(Tippy.AnimationType)">
            <summary>
            Debug message.
            </summary>
            <param name="animationType">animation.</param>
        </member>
        <member name="T:Tippy.AnimationData">
            <summary>
            Animation data.
            </summary>
        </member>
        <member name="P:Tippy.AnimationData.Type">
            <summary>
            Gets or sets animation type.
            </summary>
        </member>
        <member name="P:Tippy.AnimationData.Name">
            <summary>
            Gets or sets animation type name.
            </summary>
        </member>
        <member name="P:Tippy.AnimationData.Frames">
            <summary>
            Gets or sets list of frames for animation.
            </summary>
        </member>
        <member name="T:Tippy.AnimationFrame">
            <summary>
            Animation frame.
            </summary>
        </member>
        <member name="P:Tippy.AnimationFrame.Images">
            <summary>
            Gets or sets image coordinates in sprite sheet.
            </summary>
        </member>
        <member name="P:Tippy.AnimationFrame.Duration">
            <summary>
            Gets or sets duration to show current frame.
            </summary>
        </member>
        <member name="P:Tippy.AnimationFrame.Sound">
            <summary>
            Gets or sets sound to play for current frame.
            </summary>
        </member>
        <member name="T:Tippy.JobCode">
            <summary>
            Job (and class) code.
            </summary>
        </member>
        <member name="T:Tippy.Message">
            <summary>
            Tippy Message.
            </summary>
        </member>
        <member name="M:Tippy.Message.#ctor(System.String,Tippy.AnimationType)">
            <summary>
            Initializes a new instance of the <see cref="T:Tippy.Message"/> class.
            Create message.
            </summary>
            <param name="text">message text.</param>
            <param name="animationType">animation type.</param>
        </member>
        <member name="M:Tippy.Message.#ctor(System.String,System.String)">
            <summary>
            Initializes a new instance of the <see cref="T:Tippy.Message"/> class.
            Create message.
            </summary>
            <param name="id">id of message.</param>
            <param name="text">message text.</param>
        </member>
        <member name="M:Tippy.Message.#ctor(System.String,System.String,Tippy.AnimationType)">
            <summary>
            Initializes a new instance of the <see cref="T:Tippy.Message"/> class.
            Create tip.
            </summary>
            <param name="id">id of message.</param>
            <param name="text">message text.</param>
            <param name="animationType">animation type.</param>
        </member>
        <member name="M:Tippy.Message.#ctor(System.String)">
            <summary>
            Initializes a new instance of the <see cref="T:Tippy.Message"/> class.
            Create tip.
            </summary>
            <param name="text">tip text.</param>
        </member>
        <member name="P:Tippy.Message.Id">
            <summary>
            Gets id of message.
            </summary>
        </member>
        <member name="P:Tippy.Message.Text">
            <summary>
            Gets or sets text of message.
            </summary>
        </member>
        <member name="P:Tippy.Message.AnimationType">
            <summary>
            Gets animation type to be used for the message.
            </summary>
        </member>
        <member name="P:Tippy.Message.LoopAnimation">
            <summary>
            Gets a value indicating whether gets or sets indicator to loop animation.
            </summary>
        </member>
        <member name="P:Tippy.Message.Source">
            <summary>
            Gets or sets the source of message.
            </summary>
        </member>
        <member name="T:Tippy.MessageSource">
            <summary>
            Tip source.
            </summary>
        </member>
        <member name="T:Tippy.RoleCode">
            <summary>
            Role code.
            </summary>
        </member>
        <member name="T:Tippy.Tip">
            <summary>
            Tippy Tip.
            </summary>
        </member>
        <member name="M:Tippy.Tip.#ctor(System.String)">
            <summary>
            Initializes a new instance of the <see cref="T:Tippy.Tip"/> class.
            Create tip.
            </summary>
            <param name="text">tip text.</param>
        </member>
        <member name="M:Tippy.Tip.#ctor(System.String,Tippy.AnimationType)">
            <summary>
            Initializes a new instance of the <see cref="T:Tippy.Tip"/> class.
            Create tip.
            </summary>
            <param name="text">tip text.</param>
            <param name="animationType">animation type.</param>
        </member>
        <member name="M:Tippy.Tip.#ctor(System.String,System.String)">
            <summary>
            Initializes a new instance of the <see cref="T:Tippy.Tip"/> class.
            Create tip.
            </summary>
            <param name="id">id of tip.</param>
            <param name="text">tip text.</param>
        </member>
        <member name="M:Tippy.Tip.#ctor(System.String,System.String,Tippy.AnimationType)">
            <summary>
            Initializes a new instance of the <see cref="T:Tippy.Tip"/> class.
            Create tip.
            </summary>
            <param name="id">id of tip.</param>
            <param name="text">tip text.</param>
            <param name="animationType">animation type.</param>
        </member>
        <member name="M:Tippy.Tip.#ctor(System.String,Tippy.JobCode,System.String)">
            <summary>
            Initializes a new instance of the <see cref="T:Tippy.Tip"/> class.
            Create tip.
            </summary>
            <param name="id">id of tip.</param>
            <param name="jobCode">job id of the tip.</param>
            <param name="text">tip text.</param>
        </member>
        <member name="M:Tippy.Tip.#ctor(System.String,Tippy.RoleCode,System.String)">
            <summary>
            Initializes a new instance of the <see cref="T:Tippy.Tip"/> class.
            Create tip.
            </summary>
            <param name="id">id of tip.</param>
            <param name="roleCode">role id of the tip.</param>
            <param name="text">tip text.</param>
        </member>
        <member name="M:Tippy.Tip.#ctor(System.String,Tippy.JobCode,System.String,Tippy.AnimationType)">
            <summary>
            Initializes a new instance of the <see cref="T:Tippy.Tip"/> class.
            Create tip.
            </summary>
            <param name="id">id of tip.</param>
            <param name="jobCode">job id of the tip.</param>
            <param name="text">tip text.</param>
            <param name="animationType">animation type.</param>
        </member>
        <member name="M:Tippy.Tip.#ctor(System.String,Tippy.RoleCode,System.String,Tippy.AnimationType)">
            <summary>
            Initializes a new instance of the <see cref="T:Tippy.Tip"/> class.
            Create tip.
            </summary>
            <param name="id">id of tip.</param>
            <param name="roleCode">role id of the tip.</param>
            <param name="text">tip text.</param>
            <param name="animationType">animation type.</param>
        </member>
        <member name="P:Tippy.Tip.TipType">
            <summary>
            Gets or sets the type of tip.
            </summary>
        </member>
        <member name="P:Tippy.Tip.JobCode">
            <summary>
            Gets or sets the associated job code.
            </summary>
        </member>
        <member name="P:Tippy.Tip.RoleCode">
            <summary>
            Gets or sets the associated role code.
            </summary>
        </member>
        <member name="T:Tippy.TippyFrame">
            <summary>
            Frame spec for animation.
            </summary>
        </member>
        <member name="M:Tippy.TippyFrame.#ctor(System.Numerics.Vector2,System.Numerics.Vector2,System.Numerics.Vector2,System.Int32)">
            <summary>
            Initializes a new instance of the <see cref="T:Tippy.TippyFrame"/> class.
            </summary>
            <param name="size">size.</param>
            <param name="uv0">uv0.</param>
            <param name="uv1">uv1.</param>
            <param name="sound">sound number.</param>
        </member>
        <member name="P:Tippy.TippyFrame.size">
            <summary>
            Gets or sets size.
            </summary>
        </member>
        <member name="P:Tippy.TippyFrame.uv0">
            <summary>
            Gets or sets uv0.
            </summary>
        </member>
        <member name="P:Tippy.TippyFrame.uv1">
            <summary>
            Gets or sets uv1.
            </summary>
        </member>
        <member name="P:Tippy.TippyFrame.sound">
            <summary>
            Gets or sets sound number.
            </summary>
        </member>
        <member name="T:Tippy.TippyState">
            <summary>
            Tippy state.
            </summary>
        </member>
        <member name="T:Tippy.TipType">
            <summary>
            Tip type.
            </summary>
        </member>
        <member name="T:Tippy.TippyPlugin">
            <inheritdoc />
        </member>
        <member name="M:Tippy.TippyPlugin.#ctor">
            <summary>
            Initializes a new instance of the <see cref="T:Tippy.TippyPlugin"/> class.
            </summary>
        </member>
        <member name="P:Tippy.TippyPlugin.JobId">
            <summary>
            Gets job Id.
            </summary>
        </member>
        <member name="P:Tippy.TippyPlugin.RoleId">
            <summary>
            Gets role Id.
            </summary>
        </member>
        <member name="P:Tippy.TippyPlugin.TippyController">
            <summary>
            Gets tippy controller.
            </summary>
        </member>
        <member name="P:Tippy.TippyPlugin.Config">
            <summary>
            Gets tippy configuration.
            </summary>
        </member>
        <member name="P:Tippy.TippyPlugin.Framework">
            <summary>
            Gets framework.
            </summary>
        </member>
        <member name="P:Tippy.TippyPlugin.CommandManager">
            <summary>
            Gets command manager.
            </summary>
        </member>
        <member name="P:Tippy.TippyPlugin.ClientState">
            <summary>
            Gets client state.
            </summary>
        </member>
        <member name="P:Tippy.TippyPlugin.PluginInterface">
            <summary>
            Gets plugin interface.
            </summary>
        </member>
        <member name="P:Tippy.TippyPlugin.Name">
            <inheritdoc />
        </member>
        <member name="M:Tippy.TippyPlugin.SaveConfig">
            <summary>
            Save configuration.
            </summary>
        </member>
        <member name="M:Tippy.TippyPlugin.GetResourcePath(System.String)">
            <summary>
            Get resource path.
            </summary>
            <param name="fileName">resource to retrieve.</param>
            <returns>resource path.</returns>
        </member>
        <member name="M:Tippy.TippyPlugin.Dispose">
            <inheritdoc />
        </member>
        <member name="T:Tippy.ConfigWindow">
            <summary>
            Config window.
            </summary>
        </member>
        <member name="P:Tippy.ConfigWindow.IsVisible">
            <summary>
            Gets or sets a value indicating whether config window is visible.
            </summary>
        </member>
        <member name="M:Tippy.ConfigWindow.Draw">
            <summary>
            Draw.
            </summary>
        </member>
        <member name="T:Tippy.TippyUI">
            <summary>
            Tippy character.
            </summary>
        </member>
        <member name="F:Tippy.TippyUI.ConfigWindow">
            <summary>
            Config window.
            </summary>
        </member>
        <member name="M:Tippy.TippyUI.#ctor(Tippy.TippyPlugin)">
            <summary>
            Initializes a new instance of the <see cref="T:Tippy.TippyUI"/> class.
            </summary>
            <param name="plugin">plugin.</param>
        </member>
        <member name="M:Tippy.TippyUI.GetWindowFlags">
            <summary>
            Get window flags.
            </summary>
            <returns>window flags.</returns>
        </member>
        <member name="M:Tippy.TippyUI.GetButtonFlags">
            <summary>
            Get button (window) flags.
            </summary>
            <returns>window flags.</returns>
        </member>
        <member name="M:Tippy.TippyUI.Dispose">
            <summary>
            Dispose.
            </summary>
        </member>
    </members>
</doc>
