{
  "Author": "Kaz Wolfe",
  "Name": "BatteryGauge",
  "InternalName": "BatteryGauge",
  "AssemblyVersion": "1.2.5.0",
  "Description": "A Dalamud plugin that shows battery information in-game.",
  "ApplicableVersion": "any",
  "RepoUrl": "https://github.com/KazWolfe/XIVBatteryGauge/",
  "Tags": [
    "battery",
    "server info bar"
  ],
  "CategoryTags": [
    "UI"
  ],
  "DalamudApiLevel": 14,
  "LoadRequiredState": 0,
  "LoadSync": false,
  "CanUnloadAsync": false,
  "LoadPriority": 0,
  "Punchline": "Keep track of your FFXIV device's battery.",
  "AcceptsFeedback": true
}