{
  "Author": "perchbird",
  "Name": "Damage Info",
  "InternalName": "DamageInfoPlugin",
  "AssemblyVersion": "2.2.0.3",
  "Description": "Configurable options for in-game fly text color based on damage type, with additional settings for damage source and fly text decluttering options.",
  "ApplicableVersion": "any",
  "RepoUrl": "https://github.com/lmcintyre/DamageInfoPlugin",
  "DalamudApiLevel": 8,
  "LoadRequiredState": 0,
  "LoadSync": false,
  "LoadPriority": 0,
  "Punchline": "Modifies in-game fly-text for more (or less) damage information.",
  "AcceptsFeedback": true
}