{
  "Author": "perchbird",
  "Name": "Damage Info",
  "InternalName": "DamageInfoPlugin",
  "AssemblyVersion": "1.0.0.0",
  "Description": "Configurable options for in-game fly text color based on damage type, with additional settings for damage source and fly text decluttering options.",
  "ApplicableVersion": "any",
  "RepoUrl": "https://github.com/lmcintyre/DamageInfoPlugin",
  "DalamudApiLevel": 6,
  "LoadPriority": 0,
  "Punchline": "Modifies in-game fly-text for more (or less) damage information."
}