{
  "Author": "Glyceri",
  "Name": "Pet Nicknames",
  "InternalName": "PetRenamer",
  "AssemblyVersion": "1.4.5.3",
  "Description": "Give your minions, Carbuncles and Faeries cute nicknames\nand share them with your friends.",
  "ApplicableVersion": "any",
  "RepoUrl": "https://github.com/Glyceri/FFXIVPetRenamer",
  "Tags": [
    "Pet",
    "plugin",
    "Rename",
    "Nickname",
    "Name",
    "Minion"
  ],
  "DalamudApiLevel": 9,
  "LoadRequiredState": 0,
  "LoadSync": false,
  "CanUnloadAsync": false,
  "LoadPriority": 0,
  "IconUrl": "https://github.com/Glyceri/FFXIVPetRenamer/raw/main/icon.png",
  "Punchline": "Give your minions, Carbuncles and Faeries cute nicknames\nand share them with your friends.",
  "AcceptsFeedback": true
}