{
  "Author": "Glyceri",
  "Name": "Pet Nicknames",
  "InternalName": "PetRenamer",
  "AssemblyVersion": "1.0.0.0",
  "Description": "Use /minionname to give your minion, Carbuncle or Fairy a nickname.",
  "ApplicableVersion": "any",
  "RepoUrl": "https://github.com/Glyceri/FFXIVPetRenamer",
  "Tags": [
    "Pet",
    "plugin",
    "Rename",
    "Nickname",
    "Text",
    "Name",
    "Minion"
  ],
  "DalamudApiLevel": 8,
  "LoadRequiredState": 0,
  "LoadSync": false,
  "CanUnloadAsync": false,
  "LoadPriority": 0,
  "IconUrl": "https://github.com/Glyceri/FFXIVPetRenamer/raw/main/icon.png",
  "Punchline": "Give your minions, Carbuncle and Fairy cute nicknames",
  "AcceptsFeedback": true
}