{
  "Author": "LittleNighmare",
  "Name": "Used Name",
  "InternalName": "UsedName",
  "AssemblyVersion": "0.7.6.6",
  "Description": "A simple tool to record players' used names and nickname, only supports FriendList currently. Right click on the target to add/check the used names and nickname.\n",
  "ApplicableVersion": "any",
  "RepoUrl": "https://github.com/LittleNightmare/UsedName",
  "Tags": [
    "social"
  ],
  "DalamudApiLevel": 7,
  "LoadPriority": 0,
  "Punchline": "A simple tool to record players' used names and nickname"
}