{
  "Author": "PunishedPineapple",
  "Name": "Item Use",
  "InternalName": "ItemUse",
  "AssemblyVersion": "1.0.0.2",
  "Description": "Displays indicators in the item help popup for when an item is used by leves, GC dailies, etc. to help you decide what is worth keeping, selling, or taking as a reward.",
  "ApplicableVersion": "any",
  "RepoUrl": "https://github.com/PunishedPineapple/ItemUse",
  "Tags": [
    "Item",
    "Inventory",
    "Leve",
    "Levequest",
    "GC",
    "Grand Company",
    "Aquarium",
    "Crafting",
    "Coffer"
  ],
  "DalamudApiLevel": 12,
  "LoadRequiredState": 0,
  "LoadSync": false,
  "CanUnloadAsync": false,
  "LoadPriority": -1,
  "ImageUrls": [
    "https://github.com/PunishedPineapple/ItemUse/raw/main/docs/Images/image1.png",
    "https://github.com/PunishedPineapple/ItemUse/raw/main/docs/Images/image2.png"
  ],
  "IconUrl": "https://github.com/PunishedPineapple/ItemUse/raw/main/docs/Images/icon.png",
  "Punchline": "Easily see common item uses.",
  "AcceptsFeedback": true
}