{
  "Author": "Khloe Leclair",
  "Name": "Gearset Helper Plugin",
  "InternalName": "GearsetHelperPlugin",
  "AssemblyVersion": "2.3.0.0",
  "Description": "Displays extra information about a character's gearsets when Examine is open, and makes it easy to export gearsets to Etro or Ariyala.",
  "ApplicableVersion": "any",
  "RepoUrl": "https://github.com/KhloeLeclair/GearsetHelperPlugin",
  "Tags": [
    "UI",
    "gearset",
    "examine",
    "etro",
    "ariyala"
  ],
  "DalamudApiLevel": 10,
  "LoadRequiredState": 0,
  "LoadSync": false,
  "CanUnloadAsync": false,
  "LoadPriority": 0,
  "ImageUrls": [
    "https://raw.githubusercontent.com/KhloeLeclair/GearsetHelperPlugin/main/images/image1-cropped.png",
    "https://raw.githubusercontent.com/KhloeLeclair/GearsetHelperPlugin/main/images/image2-cropped.png",
    "https://raw.githubusercontent.com/KhloeLeclair/GearsetHelperPlugin/main/images/image3.png",
    "https://raw.githubusercontent.com/KhloeLeclair/GearsetHelperPlugin/main/images/image4.png"
  ],
  "Punchline": "Display estimated stats with Examine, and export gear to Etro/Ariyala.",
  "AcceptsFeedback": true
}