{
  "Author": "Lynesth, maintained by Khayle",
  "Name": "Better Targeting System",
  "InternalName": "BetterTargetingSystem",
  "AssemblyVersion": "0.0.15.0",
  "Description": "Better Targeting System",
  "ApplicableVersion": "any",
  "RepoUrl": "https://github.com/Lynesth/BetterTargetingSystem",
  "Tags": [
    "Tab",
    "Target",
    "Targeting"
  ],
  "DalamudApiLevel": 14,
  "LoadRequiredState": 0,
  "LoadSync": false,
  "CanUnloadAsync": false,
  "LoadPriority": 0,
  "IconUrl": "https://github.com/Lynesth/BetterTargetingSystem/raw/main/BetterTargetingSystem/images/icon.png",
  "Punchline": "A more intelligent targeting system for the game.",
  "AcceptsFeedback": true
}