{
  "Author": "ItsBexy",
  "Name": "CrossUp",
  "InternalName": "CrossUp",
  "AssemblyVersion": "1.0.1.1",
  "Description": "This plugin provides various customizations for the look and feel of the Cross Hotbar.\n\n-Split up the left/right hotbars\n-Display Expanded Hold Controls Separately\n-Customize colors and element positions\n-Greater control over which sets your extra bars are mapped to",
  "ApplicableVersion": "any",
  "RepoUrl": "https://github.com/ItsBexy/CrossUp",
  "DalamudApiLevel": 9,
  "LoadRequiredState": 0,
  "LoadSync": false,
  "CanUnloadAsync": false,
  "LoadPriority": 0,
  "Punchline": "Customize the Cross Hotbar!",
  "AcceptsFeedback": true
}