{
  "Author": "Berna",
  "Name": "TF2-ish Critical Hits Plugin",
  "InternalName": "Tf2CriticalHitsPlugin",
  "AssemblyVersion": "2.4.1.0",
  "Description": "Deal critical hits just like in the #1 hat simulator, Team Fortress 2.\n\n* Set sounds and flavor text to be played/shown whenever you deal direct or critical damage or heal.\n* Use different configurations by job.\n* Use the game's SFX or your own custom WAV or MP3 files.",
  "ApplicableVersion": "any",
  "RepoUrl": "https://github.com/Berna-L/ffxiv-tf2-crit-plugin",
  "Tags": [
    "plugin",
    "audio"
  ],
  "DalamudApiLevel": 8,
  "LoadRequiredState": 0,
  "LoadSync": false,
  "LoadPriority": 0,
  "IconUrl": "https://raw.githubusercontent.com/goatcorp/DalamudPluginsD17/main/testing/live/Tf2CriticalHitsPlugin/images/icon.png",
  "Punchline": "Deal critical hits just like in the #1 hat simulator, Team Fortress 2.",
  "AcceptsFeedback": true
}