{
  "Author": "Berna, kai, Kiri",
  "Name": "Hit it, Joe! (Formerly TF2-ish Critical Hits Plugin)",
  "InternalName": "Tf2CriticalHitsPlugin",
  "AssemblyVersion": "3.7.2.0",
  "Description": "Deal critical hits just like in the #1 hat simulator, Team Fortress 2.",
  "ApplicableVersion": "any",
  "RepoUrl": "https://github.com/jkchen2/ffxiv-tf2-crit-plugin",
  "Tags": [
    "plugin",
    "audio"
  ],
  "DalamudApiLevel": 14,
  "LoadRequiredState": 0,
  "LoadSync": false,
  "CanUnloadAsync": false,
  "LoadPriority": 0,
  "IconUrl": "https://raw.githubusercontent.com/goatcorp/DalamudPluginsD17/main/testing/live/Tf2CriticalHitsPlugin/images/icon.png",
  "Punchline": "Configure sounds for critical and direct hits, plus some countdown music.",
  "AcceptsFeedback": true
}