{
  "Author": "Khloe Leclair, BoxuChan",
  "Name": "WTSync",
  "InternalName": "WTSync",
  "AssemblyVersion": "0.17.1.0",
  "Description": "WTSync",
  "ApplicableVersion": "any",
  "RepoUrl": "https://github.com/KhloeLeclair/WTSync",
  "Tags": [
    "UI",
    "wondrous tails"
  ],
  "DalamudApiLevel": 14,
  "LoadRequiredState": 0,
  "LoadSync": false,
  "CanUnloadAsync": false,
  "LoadPriority": 0,
  "ImageUrls": [
    "https://raw.githubusercontent.com/KhloeLeclair/WTSync/main/images/image1.png"
  ],
  "Punchline": "View a list of all the Wondrous Tails duties shared by your party.",
  "AcceptsFeedback": true
}