{
  "Author": "athene",
  "Name": "NICE Damage Flyouts",
  "InternalName": "NICEDamage",
  "AssemblyVersion": "0.0.0.2",
  "Description": "Adds the message NICE to your damage flyout when you get a hit ending in 69. No that's it for real.",
  "ApplicableVersion": "any",
  "RepoUrl": "https://github.com/gnargle/NICEDamage",
  "DalamudApiLevel": 10,
  "LoadRequiredState": 0,
  "LoadSync": false,
  "CanUnloadAsync": false,
  "LoadPriority": 0,
  "IconUrl": "https://raw.githubusercontent.com/gnargle/NICEDamage/master/NICEDamage/images/icon.png",
  "Punchline": "Adds the message NICE to your damage flyout when you get a hit ending in 69.",
  "AcceptsFeedback": true
}