{
  "Author": "Glyceri",
  "Name": "Acquisition Date",
  "InternalName": "AcquisitionDate",
  "AssemblyVersion": "1.1.0.0",
  "Description": "A plugin that shows the acquisition date of stuff.",
  "ApplicableVersion": "any",
  "RepoUrl": "https://github.com/Glyceri/AcquisitionDate",
  "Tags": [
    "date",
    "acquired",
    "unlocked",
    "achievements",
    "quests",
    "duties",
    "level",
    "fish",
    "sightseeing log",
    "glasses",
    "minion",
    "mount",
    "orchestrion",
    "fashion"
  ],
  "DalamudApiLevel": 14,
  "LoadRequiredState": 0,
  "LoadSync": false,
  "CanUnloadAsync": false,
  "LoadPriority": 0,
  "IconUrl": "https://github.com/Glyceri/AcquisitionDate/raw/main/icon.png",
  "Punchline": "Shows the date when you acquired something.",
  "AcceptsFeedback": true
}