{
  "Author": "ascclemens",
  "Name": "Expanded Search Info",
  "InternalName": "ExpandedSearchInfo",
  "AssemblyVersion": "1.3.12",
  "Description": "Displays extra information pulled from search info when examining.\n\nSupport for:\n- Any plain text URL\n- Pastebin.com\n- carrd.co/crd.co\n- F-List\n- Refsheet\n\nSimply examine someone with a search info containing pointers to one of\nthese locations and the plugin will display information automatically.\n\nIcon: expand by Gregor Cresnar from the Noun Project",
  "ApplicableVersion": "any",
  "RepoUrl": "https://git.sr.ht/~jkcclemens/ExpandedSearchInfo",
  "DalamudApiLevel": 8,
  "LoadRequiredState": 0,
  "LoadSync": false,
  "CanUnloadAsync": false,
  "LoadPriority": 0,
  "Punchline": "Displays extra information pulled from search info when examining.",
  "AcceptsFeedback": true
}