[
	{
		"Name": "Armstrong",
		"ModelID": 10619,
		"Rank": "S",
		"IsEnabled": "true"
	},
	{
		"Name": "Narrow-rift",
		"ModelID": 10622,
		"Rank": "S",
		"IsEnabled": "true"
	},
	{
		"Name": "Ophioneus",
		"ModelID": 10621,
		"Rank": "S",
		"IsEnabled": "true"
	},
	{
		"Name": "Ruminator",
		"ModelID": 10620,
		"Rank": "S",
		"IsEnabled": "true"
	},
	{
		"Name": "Sphatika",
		"ModelID": 10618,
		"Rank": "S",
		"IsEnabled": "true"
	},
	{
		"Name": "Burfurlur the Canny",
		"ModelID": 10617,
		"Rank": "S",
		"IsEnabled": "true"
	},
	{
		"Name": "Ker",
		"ModelID": 10615,
		"Rank": "SS",
		"IsEnabled": "true"
	},
  {
    "Name": "Ker Shroud",
    "ModelID": 10616,
    "Rank": "SS",
    "IsEnabled": "true"
  }
]