[
	{
		"MapName": "Middle La Noscea",
		"MapID": 134,
		"Positions": [
			{
				"X": 16.55,
				"Y": 7.9,
				"Taken": false
			},
			{
				"X": 18.6,
				"Y": 9.45,
				"Taken": false
			},
			{
				"X": 15.95,
				"Y": 10.85,
				"Taken": false
			},
			{
				"X": 17.15,
				"Y": 11.5,
				"Taken": false
			},
			{
				"X": 13.9,
				"Y": 11.65,
				"Taken": false
			},
			{
				"X": 18.35,
				"Y": 13.3,
				"Taken": false
			},
			{
				"X": 13.9,
				"Y": 13.6,
				"Taken": false
			},
			{
				"X": 20.4,
				"Y": 13.75,
				"Taken": false
			},
			{
				"X": 16.35,
				"Y": 14.0,
				"Taken": false
			},
			{
				"X": 15.2,
				"Y": 15.3,
				"Taken": false
			},
			{
				"X": 20.75,
				"Y": 15.6,
				"Taken": false
			},
			{
				"X": 18.7,
				"Y": 16.3,
				"Taken": false
			},
			{
				"X": 23.3,
				"Y": 17.0,
				"Taken": false
			},
			{
				"X": 17.15,
				"Y": 17.15,
				"Taken": false
			},
			{
				"X": 18.45,
				"Y": 18.25,
				"Taken": false
			},
			{
				"X": 21.0,
				"Y": 18.3,
				"Taken": false
			},
			{
				"X": 23.9,
				"Y": 19.7,
				"Taken": false
			},
			{
				"X": 19.25,
				"Y": 20.3,
				"Taken": false
			},
			{
				"X": 24.4,
				"Y": 20.95,
				"Taken": false
			},
			{
				"X": 20.25,
				"Y": 21.3,
				"Taken": false
			},
			{
				"X": 19.9,
				"Y": 22.4,
				"Taken": false
			},
			{
				"X": 22.9,
				"Y": 22.55,
				"Taken": false
			},
			{
				"X": 25.1,
				"Y": 23.45,
				"Taken": false
			},
			{
				"X": 23.2,
				"Y": 24.2,
				"Taken": false
			}
		],
		"Recording": false
	},
	{
		"MapName": "Lower La Noscea",
		"MapID": 135,
		"Positions": [
			{
				"X": 30.05,
				"Y": 14.3,
				"Taken": false
			},
			{
				"X": 33,
				"Y": 16.05,
				"Taken": false
			},
			{
				"X": 31.5,
				"Y": 16.45,
				"Taken": false
			},
			{
				"X": 29,
				"Y": 17,
				"Taken": false
			},
			{
				"X": 33.5,
				"Y": 17.5,
				"Taken": false
			},
			{
				"X": 28.55,
				"Y": 18.2,
				"Taken": false
			},
			{
				"X": 28.65,
				"Y": 20.5,
				"Taken": false
			},
			{
				"X": 25.1,
				"Y": 22.4,
				"Taken": false
			},
			{
				"X": 25.95,
				"Y": 24.85,
				"Taken": false
			},
			{
				"X": 26.45,
				"Y": 26.3,
				"Taken": false
			},
			{
				"X": 24.3,
				"Y": 26.55,
				"Taken": false
			},
			{
				"X": 20.25,
				"Y": 32,
				"Taken": false
			},
			{
				"X": 20.1,
				"Y": 34.3,
				"Taken": false
			},
			{
				"X": 22.7,
				"Y": 34.5,
				"Taken": false
			},
			{
				"X": 16.9,
				"Y": 35.35,
				"Taken": false
			},
			{
				"X": 19.2,
				"Y": 35.4,
				"Taken": false
			},
			{
				"X": 20.6,
				"Y": 35.6,
				"Taken": false
			},
			{
				"X": 23.15,
				"Y": 36,
				"Taken": false
			},
			{
				"X": 20,
				"Y": 37.5,
				"Taken": false
			},
			{
				"X": 22.9,
				"Y": 38.2,
				"Taken": false
			}
		],
		"Recording": false
	},
	{
		"MapName": "Eastern La Noscea",
		"MapID": 137,
		"Positions": [
			{
				"X": 28.95,
				"Y": 19.3,
				"Taken": false
			},
			{
				"X": 30.4,
				"Y": 19.3,
				"Taken": false
			},
			{
				"X": 31.05,
				"Y": 19.95,
				"Taken": false
			},
			{
				"X": 25.55,
				"Y": 20.4,
				"Taken": false
			},
			{
				"X": 28.62,
				"Y": 20.65,
				"Taken": false
			},
			{
				"X": 29.7,
				"Y": 21.4,
				"Taken": false
			},
			{
				"X": 25.4,
				"Y": 21.8,
				"Taken": false
			},
			{
				"X": 27.55,
				"Y": 25,
				"Taken": false
			},
			{
				"X": 30.1,
				"Y": 25,
				"Taken": false
			},
			{
				"X": 20.3,
				"Y": 25.2,
				"Taken": false
			},
			{
				"X": 22.25,
				"Y": 25.2,
				"Taken": false
			},
			{
				"X": 18.3,
				"Y": 26.2,
				"Taken": false
			},
			{
				"X": 28.1,
				"Y": 26.55,
				"Taken": false
			},
			{
				"X": 30.7,
				"Y": 26.7,
				"Taken": false
			},
			{
				"X": 32.1,
				"Y": 27.2,
				"Taken": false
			},
			{
				"X": 17.9,
				"Y": 27.5,
				"Taken": false
			},
			{
				"X": 28.35,
				"Y": 28,
				"Taken": false
			},
			{
				"X": 21.45,
				"Y": 28.3,
				"Taken": false
			},
			{
				"X": 14.75,
				"Y": 28.85,
				"Taken": false
			},
			{
				"X": 21.3,
				"Y": 29.6,
				"Taken": false
			},
			{
				"X": 17.4,
				"Y": 29.95,
				"Taken": false
			},
			{
				"X": 15,
				"Y": 30.6,
				"Taken": false
			},
			{
				"X": 26.6,
				"Y": 30.9,
				"Taken": false
			},
			{
				"X": 21.3,
				"Y": 31.05,
				"Taken": false
			},
			{
				"X": 19.55,
				"Y": 31.35,
				"Taken": false
			},
			{
				"X": 16.5,
				"Y": 32.7,
				"Taken": false
			},
			{
				"X": 20.5,
				"Y": 33.15,
				"Taken": false
			},
			{
				"X": 26.7,
				"Y": 33.15,
				"Taken": false
			},
			{
				"X": 25.9,
				"Y": 33.8,
				"Taken": false
			},
			{
				"X": 17,
				"Y": 33.9,
				"Taken": false
			},
			{
				"X": 28.9,
				"Y": 35.6,
				"Taken": false
			},
			{
				"X": 31.75,
				"Y": 36.25,
				"Taken": false
			}
		],
		"Recording": false
	},
	{
		"MapName": "Western La Noscea",
		"MapID": 138,
		"Positions": [
			{
				"X": 14.55,
				"Y": 14.25,
				"Taken": false
			},
			{
				"X": 16.1,
				"Y": 14.5,
				"Taken": false
			},
			{
				"X": 12.9,
				"Y": 14.55,
				"Taken": false
			},
			{
				"X": 14.2,
				"Y": 15.85,
				"Taken": false
			},
			{
				"X": 14.35,
				"Y": 17.05,
				"Taken": false
			},
			{
				"X": 20.2,
				"Y": 18.4,
				"Taken": false
			},
			{
				"X": 17.05,
				"Y": 19.4,
				"Taken": false
			},
			{
				"X": 19.6,
				"Y": 19.55,
				"Taken": false
			},
			{
				"X": 23.15,
				"Y": 21.75,
				"Taken": false
			},
			{
				"X": 19.85,
				"Y": 21.95,
				"Taken": false
			},
			{
				"X": 24.7,
				"Y": 22.7,
				"Taken": false
			},
			{
				"X": 26.1,
				"Y": 23.55,
				"Taken": false
			},
			{
				"X": 27.65,
				"Y": 24,
				"Taken": false
			},
			{
				"X": 27.65,
				"Y": 24,
				"Taken": false
			},
			{
				"X": 23.3,
				"Y": 24.65,
				"Taken": false
			},
			{
				"X": 29,
				"Y": 25.2,
				"Taken": false
			},
			{
				"X": 31.25,
				"Y": 27.4,
				"Taken": false
			},
			{
				"X": 34.05,
				"Y": 28.1,
				"Taken": false
			},
			{
				"X": 31.75,
				"Y": 28.7,
				"Taken": false
			},
			{
				"X": 30.8,
				"Y": 28.8,
				"Taken": false
			},
			{
				"X": 33.0,
				"Y": 29.8,
				"Taken": false
			},
			{
				"X": 16.15,
				"Y": 34.4,
				"Taken": false
			},
			{
				"X": 13.95,
				"Y": 35.15,
				"Taken": false
			},
			{
				"X": 16.95,
				"Y": 36.05,
				"Taken": false
			}
		],
		"Recording": false
	},
	{
		"MapName": "Upper La Noscea",
		"MapID": 139,
		"Positions": [
			{
				"X": 27.7,
				"Y": 19.85,
				"Taken": false
			},
			{
				"X": 29.05,
				"Y": 21.2,
				"Taken": false
			},
			{
				"X": 28.2,
				"Y": 21.4,
				"Taken": false
			},
			{
				"X": 10.55,
				"Y": 21.45,
				"Taken": false
			},
			{
				"X": 12.15,
				"Y": 21.75,
				"Taken": false
			},
			{
				"X": 28.75,
				"Y": 22.25,
				"Taken": false
			},
			{
				"X": 11.6,
				"Y": 22.65,
				"Taken": false
			},
			{
				"X": 12.65,
				"Y": 23.55,
				"Taken": false
			},
			{
				"X": 35.2,
				"Y": 23.7,
				"Taken": false
			},
			{
				"X": 27.35,
				"Y": 23.75,
				"Taken": false
			},
			{
				"X": 29.45,
				"Y": 23.95,
				"Taken": false
			},
			{
				"X": 33.4,
				"Y": 24.1,
				"Taken": false
			},
			{
				"X": 30.45,
				"Y": 25.3,
				"Taken": false
			},
			{
				"X": 28.05,
				"Y": 25.6,
				"Taken": false
			},
			{
				"X": 12.7,
				"Y": 25.7,
				"Taken": false
			},
			{
				"X": 33.25,
				"Y": 25.8,
				"Taken": false
			},
			{
				"X": 13.85,
				"Y": 25.9,
				"Taken": false
			}
		],
		"Recording": false
	},
	{
		"MapName": "Western Thanalan",
		"MapID": 140,
		"Positions": [
			{
				"X": 10.35,
				"Y": 5.25,
				"Taken": false
			},
			{
				"X": 8.45,
				"Y": 5.5,
				"Taken": false
			},
			{
				"X": 12.15,
				"Y": 5.95,
				"Taken": false
			},
			{
				"X": 14.95,
				"Y": 6,
				"Taken": false
			},
			{
				"X": 10.2,
				"Y": 6.4,
				"Taken": false
			},
			{
				"X": 12,
				"Y": 7.5,
				"Taken": false
			},
			{
				"X": 14.05,
				"Y": 7.85,
				"Taken": false
			},
			{
				"X": 18.3,
				"Y": 15,
				"Taken": false
			},
			{
				"X": 16.95,
				"Y": 16.45,
				"Taken": false
			},
			{
				"X": 26.85,
				"Y": 16.95,
				"Taken": false
			},
			{
				"X": 18.3,
				"Y": 17.4,
				"Taken": false
			},
			{
				"X": 26.2,
				"Y": 19.15,
				"Taken": false
			},
			{
				"X": 22.85,
				"Y": 20.1,
				"Taken": false
			},
			{
				"X": 21.95,
				"Y": 22.05,
				"Taken": false
			},
			{
				"X": 21.25,
				"Y": 24,
				"Taken": false
			},
			{
				"X": 22.3,
				"Y": 24,
				"Taken": false
			},
			{
				"X": 22.75,
				"Y": 24.75,
				"Taken": false
			},
			{
				"X": 20.65,
				"Y": 25.6,
				"Taken": false
			},
			{
				"X": 26.1,
				"Y": 26.35,
				"Taken": false
			},
			{
				"X": 21.3,
				"Y": 27.8,
				"Taken": false
			},
			{
				"X": 18.9,
				"Y": 29.35,
				"Taken": false
			},
			{
				"X": 20.3,
				"Y": 29.35,
				"Taken": false
			}
		],
		"Recording": false
	},
	{
		"MapName": "Central Thanalan",
		"MapID": 141,
		"Positions": [
			{
				"X": 16.3,
				"Y": 12.4,
				"Taken": false
			},
			{
				"X": 18,
				"Y": 13.5,
				"Taken": false
			},
			{
				"X": 21.75,
				"Y": 13.65,
				"Taken": false
			},
			{
				"X": 21.9,
				"Y": 15.55,
				"Taken": false
			},
			{
				"X": 16.6,
				"Y": 16.4,
				"Taken": false
			},
			{
				"X": 20.8,
				"Y": 16.4,
				"Taken": false
			},
			{
				"X": 18.1,
				"Y": 17.5,
				"Taken": false
			},
			{
				"X": 25.4,
				"Y": 17.95,
				"Taken": false
			},
			{
				"X": 27.75,
				"Y": 18,
				"Taken": false
			},
			{
				"X": 17.9,
				"Y": 18.9,
				"Taken": false
			},
			{
				"X": 16.3,
				"Y": 19.55,
				"Taken": false
			},
			{
				"X": 29.5,
				"Y": 20.9,
				"Taken": false
			},
			{
				"X": 21.6,
				"Y": 21.1,
				"Taken": false
			},
			{
				"X": 27.2,
				"Y": 21.5,
				"Taken": false
			},
			{
				"X": 19.2,
				"Y": 21.7,
				"Taken": false
			},
			{
				"X": 16.95,
				"Y": 23.3,
				"Taken": false
			},
			{
				"X": 19.45,
				"Y": 23.7,
				"Taken": false
			},
			{
				"X": 18.7,
				"Y": 25.25,
				"Taken": false
			},
			{
				"X": 20.45,
				"Y": 26.1,
				"Taken": false
			},
			{
				"X": 25.8,
				"Y": 29.85,
				"Taken": false
			},
			{
				"X": 22.4,
				"Y": 31.4,
				"Taken": false
			},
			{
				"X": 23.9,
				"Y": 31.9,
				"Taken": false
			},
			{
				"X": 23.7,
				"Y": 35,
				"Taken": false
			}
		],
		"Recording": false
	},
	{
		"MapName": "Eastern Thanalan",
		"MapID": 145,
		"Positions": [
			{
				"X": 12.8,
				"Y": 15.85,
				"Taken": false
			},
			{
				"X": 14.5,
				"Y": 16.25,
				"Taken": false
			},
			{
				"X": 29.6,
				"Y": 17.3,
				"Taken": false
			},
			{
				"X": 29.6,
				"Y": 17.3,
				"Taken": false
			},
			{
				"X": 25.8,
				"Y": 17.65,
				"Taken": false
			},
			{
				"X": 27.35,
				"Y": 17.9,
				"Taken": false
			},
			{
				"X": 14.65,
				"Y": 18.7,
				"Taken": false
			},
			{
				"X": 12.7,
				"Y": 18.9,
				"Taken": false
			},
			{
				"X": 24.3,
				"Y": 18.95,
				"Taken": false
			},
			{
				"X": 10.4,
				"Y": 19.1,
				"Taken": false
			},
			{
				"X": 26.7,
				"Y": 19.25,
				"Taken": false
			},
			{
				"X": 22.8,
				"Y": 19.65,
				"Taken": false
			},
			{
				"X": 17.4,
				"Y": 20,
				"Taken": false
			},
			{
				"X": 15.65,
				"Y": 20.15,
				"Taken": false
			},
			{
				"X": 23.95,
				"Y": 21.25,
				"Taken": false
			},
			{
				"X": 28.1,
				"Y": 21.3,
				"Taken": false
			},
			{
				"X": 17.5,
				"Y": 21.4,
				"Taken": false
			},
			{
				"X": 18.95,
				"Y": 22.5,
				"Taken": false
			},
			{
				"X": 23.45,
				"Y": 22.85,
				"Taken": false
			},
			{
				"X": 25,
				"Y": 23.25,
				"Taken": false
			},
			{
				"X": 19.85,
				"Y": 24.35,
				"Taken": false
			},
			{
				"X": 17.4,
				"Y": 24.75,
				"Taken": false
			},
			{
				"X": 26.7,
				"Y": 25.05,
				"Taken": false
			},
			{
				"X": 17.85,
				"Y": 25.5,
				"Taken": false
			},
			{
				"X": 25.4,
				"Y": 25.55,
				"Taken": false
			},
			{
				"X": 27.9,
				"Y": 25.75,
				"Taken": false
			},
			{
				"X": 16.6,
				"Y": 25.9,
				"Taken": false
			},
			{
				"X": 14.55,
				"Y": 26.15,
				"Taken": false
			},
			{
				"X": 23.4,
				"Y": 26.7,
				"Taken": false
			},
			{
				"X": 29.3,
				"Y": 26.75,
				"Taken": false
			},
			{
				"X": 15.4,
				"Y": 26.9,
				"Taken": false
			},
			{
				"X": 17.45,
				"Y": 28,
				"Taken": false
			},
			{
				"X": 19.55,
				"Y": 28.45,
				"Taken": false
			},
			{
				"X": 20.35,
				"Y": 28.55,
				"Taken": false
			},
			{
				"X": 12.9,
				"Y": 29,
				"Taken": false
			}
		],
		"Recording": false
	},
	{
		"MapName": "Southern Thanalan",
		"MapID": 146,
		"Positions": [
			{
				"X": 23.2,
				"Y": 7.95,
				"Taken": false
			},
			{
				"X": 24.65,
				"Y": 9.35,
				"Taken": false
			},
			{
				"X": 18,
				"Y": 10.2,
				"Taken": false
			},
			{
				"X": 21.25,
				"Y": 10.85,
				"Taken": false
			},
			{
				"X": 18.25,
				"Y": 11.2,
				"Taken": false
			},
			{
				"X": 24.65,
				"Y": 11.45,
				"Taken": false
			},
			{
				"X": 17.2,
				"Y": 11.7,
				"Taken": false
			},
			{
				"X": 23.8,
				"Y": 12.45,
				"Taken": false
			},
			{
				"X": 17.2,
				"Y": 16.95,
				"Taken": false
			},
			{
				"X": 19.55,
				"Y": 17.2,
				"Taken": false
			},
			{
				"X": 31,
				"Y": 18.4,
				"Taken": false
			},
			{
				"X": 19.7,
				"Y": 19.25,
				"Taken": false
			},
			{
				"X": 32.9,
				"Y": 19.85,
				"Taken": false
			},
			{
				"X": 15.95,
				"Y": 20.25,
				"Taken": false
			},
			{
				"X": 21.4,
				"Y": 20.75,
				"Taken": false
			},
			{
				"X": 28.5,
				"Y": 20.75,
				"Taken": false
			},
			{
				"X": 18.35,
				"Y": 21.2,
				"Taken": false
			},
			{
				"X": 24.15,
				"Y": 21.3,
				"Taken": false
			},
			{
				"X": 18.45,
				"Y": 22.9,
				"Taken": false
			},
			{
				"X": 21.05,
				"Y": 22.9,
				"Taken": false
			},
			{
				"X": 16.65,
				"Y": 23.15,
				"Taken": false
			},
			{
				"X": 16,
				"Y": 24.45,
				"Taken": false
			},
			{
				"X": 19.8,
				"Y": 24.7,
				"Taken": false
			},
			{
				"X": 24.4,
				"Y": 24.85,
				"Taken": false
			},
			{
				"X": 17.05,
				"Y": 25.7,
				"Taken": false
			},
			{
				"X": 21.15,
				"Y": 26.35,
				"Taken": false
			},
			{
				"X": 20.25,
				"Y": 28.5,
				"Taken": false
			},
			{
				"X": 21.6,
				"Y": 29.9,
				"Taken": false
			},
			{
				"X": 23.85,
				"Y": 30.4,
				"Taken": false
			},
			{
				"X": 18.85,
				"Y": 30.55,
				"Taken": false
			},
			{
				"X": 21.2,
				"Y": 32.15,
				"Taken": false
			},
			{
				"X": 16.85,
				"Y": 33.05,
				"Taken": false
			},
			{
				"X": 23.45,
				"Y": 33.3,
				"Taken": false
			},
			{
				"X": 21.8,
				"Y": 34.3,
				"Taken": false
			},
			{
				"X": 28.5,
				"Y": 34.7,
				"Taken": false
			},
			{
				"X": 13.8,
				"Y": 34.85,
				"Taken": false
			},
			{
				"X": 16.1,
				"Y": 36.8,
				"Taken": false
			},
			{
				"X": 24.45,
				"Y": 36.9,
				"Taken": false
			},
			{
				"X": 19.1,
				"Y": 38.4,
				"Taken": false
			},
			{
				"X": 22.5,
				"Y": 38.65,
				"Taken": false
			},
			{
				"X": 14.75,
				"Y": 38.85,
				"Taken": false
			},
			{
				"X": 25.1,
				"Y": 40.85,
				"Taken": false
			}
		],
		"Recording": false
	},
	{
		"MapName": "Northern Thanalan",
		"MapID": 147,
		"Positions": [
			{
				"X": 16.05,
				"Y": 14.65,
				"Taken": false
			},
			{
				"X": 17.25,
				"Y": 15.7,
				"Taken": false
			},
			{
				"X": 16.05,
				"Y": 15.95,
				"Taken": false
			},
			{
				"X": 19.05,
				"Y": 16.75,
				"Taken": false
			},
			{
				"X": 16.85,
				"Y": 16.95,
				"Taken": false
			},
			{
				"X": 18.25,
				"Y": 17.5,
				"Taken": false
			},
			{
				"X": 18.75,
				"Y": 18,
				"Taken": false
			},
			{
				"X": 15.4,
				"Y": 18.55,
				"Taken": false
			},
			{
				"X": 16.35,
				"Y": 19.4,
				"Taken": false
			},
			{
				"X": 23.95,
				"Y": 22.85,
				"Taken": false
			},
			{
				"X": 24.3,
				"Y": 23.2,
				"Taken": false
			},
			{
				"X": 23.65,
				"Y": 24.15,
				"Taken": false
			},
			{
				"X": 21.05,
				"Y": 25,
				"Taken": false
			},
			{
				"X": 23.6,
				"Y": 25.25,
				"Taken": false
			},
			{
				"X": 23.45,
				"Y": 26.3,
				"Taken": false
			},
			{
				"X": 22.2,
				"Y": 27,
				"Taken": false
			},
			{
				"X": 20.6,
				"Y": 27.8,
				"Taken": false
			}
		],
		"Recording": false
	},
	{
		"MapName": "Central Shroud",
		"MapID": 148,
		"Positions": [
			{
				"X": 28.75,
				"Y": 14.45,
				"Taken": false
			},
			{
				"X": 21.75,
				"Y": 16.35,
				"Taken": false
			},
			{
				"X": 9.55,
				"Y": 16.9,
				"Taken": false
			},
			{
				"X": 16.65,
				"Y": 17.8,
				"Taken": false
			},
			{
				"X": 19.1,
				"Y": 18.3,
				"Taken": false
			},
			{
				"X": 31.1,
				"Y": 18.6,
				"Taken": false
			},
			{
				"X": 10.05,
				"Y": 18.9,
				"Taken": false
			},
			{
				"X": 12.1,
				"Y": 19.4,
				"Taken": false
			},
			{
				"X": 29.1,
				"Y": 19.45,
				"Taken": false
			},
			{
				"X": 14.25,
				"Y": 19.5,
				"Taken": false
			},
			{
				"X": 14.25,
				"Y": 19.5,
				"Taken": false
			},
			{
				"X": 15.8,
				"Y": 19.65,
				"Taken": false
			},
			{
				"X": 26.75,
				"Y": 20.6,
				"Taken": false
			},
			{
				"X": 12.75,
				"Y": 20.75,
				"Taken": false
			},
			{
				"X": 16.05,
				"Y": 21.15,
				"Taken": false
			},
			{
				"X": 10.45,
				"Y": 21.7,
				"Taken": false
			},
			{
				"X": 28.25,
				"Y": 22.05,
				"Taken": false
			},
			{
				"X": 27.05,
				"Y": 22.6,
				"Taken": false
			},
			{
				"X": 29.65,
				"Y": 23.35,
				"Taken": false
			},
			{
				"X": 11.6,
				"Y": 23.55,
				"Taken": false
			},
			{
				"X": 15.85,
				"Y": 24,
				"Taken": false
			},
			{
				"X": 22.05,
				"Y": 24.5,
				"Taken": false
			},
			{
				"X": 23.4,
				"Y": 27.5,
				"Taken": false
			},
			{
				"X": 21.6,
				"Y": 30.05,
				"Taken": false
			}
		],
		"Recording": false
	},
	{
		"MapName": "East Shroud",
		"MapID": 152,
		"Positions": [
			{
				"X": 25.05,
				"Y": 9.8,
				"Taken": false
			},
			{
				"X": 26.5,
				"Y": 11.3,
				"Taken": false
			},
			{
				"X": 29.5,
				"Y": 11.45,
				"Taken": false
			},
			{
				"X": 24.45,
				"Y": 11.7,
				"Taken": false
			},
			{
				"X": 28.1,
				"Y": 12.75,
				"Taken": false
			},
			{
				"X": 25.9,
				"Y": 13.1,
				"Taken": false
			},
			{
				"X": 29.9,
				"Y": 13.3,
				"Taken": false
			},
			{
				"X": 24.3,
				"Y": 15.2,
				"Taken": false
			},
			{
				"X": 31.9,
				"Y": 15.4,
				"Taken": false
			},
			{
				"X": 26.7,
				"Y": 16.05,
				"Taken": false
			},
			{
				"X": 24.0,
				"Y": 16.5,
				"Taken": false
			},
			{
				"X": 24.8,
				"Y": 17.4,
				"Taken": false
			},
			{
				"X": 30.3,
				"Y": 17.45,
				"Taken": false
			},
			{
				"X": 27.0,
				"Y": 17.95,
				"Taken": false
			},
			{
				"X": 27.8,
				"Y": 18.7,
				"Taken": false
			},
			{
				"X": 25.7,
				"Y": 20.35,
				"Taken": false
			},
			{
				"X": 29.0,
				"Y": 20.5,
				"Taken": false
			},
			{
				"X": 31.7,
				"Y": 21.5,
				"Taken": false
			},
			{
				"X": 16.85,
				"Y": 21.75,
				"Taken": false
			},
			{
				"X": 23.0,
				"Y": 21.75,
				"Taken": false
			},
			{
				"X": 21.25,
				"Y": 21.8,
				"Taken": false
			},
			{
				"X": 27.6,
				"Y": 22.6,
				"Taken": false
			},
			{
				"X": 17.4,
				"Y": 22.9,
				"Taken": false
			},
			{
				"X": 13.6,
				"Y": 23.25,
				"Taken": false
			},
			{
				"X": 25.3,
				"Y": 23.65,
				"Taken": false
			},
			{
				"X": 15.6,
				"Y": 23.9,
				"Taken": false
			},
			{
				"X": 27.7,
				"Y": 24.6,
				"Taken": false
			},
			{
				"X": 25.8,
				"Y": 25.2,
				"Taken": false
			},
			{
				"X": 14.35,
				"Y": 25.35,
				"Taken": false
			},
			{
				"X": 19.05,
				"Y": 25.4,
				"Taken": false
			},
			{
				"X": 14.5,
				"Y": 27.65,
				"Taken": false
			},
			{
				"X": 22.0,
				"Y": 28.1,
				"Taken": false
			},
			{
				"X": 19.95,
				"Y": 28.75,
				"Taken": false
			},
			{
				"X": 22.1,
				"Y": 29.6,
				"Taken": false
			},
			{
				"X": 23.8,
				"Y": 30.85,
				"Taken": false
			}
		],
		"Recording": false
	},
	{
		"MapName": "South Shroud",
		"MapID": 153,
		"Positions": [
			{
				"X": 27.75,
				"Y": 17.65,
				"Taken": false
			},
			{
				"X": 24.35,
				"Y": 18.2,
				"Taken": false
			},
			{
				"X": 16.9,
				"Y": 18.4,
				"Taken": false
			},
			{
				"X": 18.8,
				"Y": 18.45,
				"Taken": false
			},
			{
				"X": 22.15,
				"Y": 19.25,
				"Taken": false
			},
			{
				"X": 15.8,
				"Y": 19.7,
				"Taken": false
			},
			{
				"X": 26.95,
				"Y": 19.9,
				"Taken": false
			},
			{
				"X": 17.0,
				"Y": 21.45,
				"Taken": false
			},
			{
				"X": 21.4,
				"Y": 21.6,
				"Taken": false
			},
			{
				"X": 18.6,
				"Y": 22.05,
				"Taken": false
			},
			{
				"X": 22.65,
				"Y": 22.65,
				"Taken": false
			},
			{
				"X": 27.05,
				"Y": 22.75,
				"Taken": false
			},
			{
				"X": 16.9,
				"Y": 23.65,
				"Taken": false
			},
			{
				"X": 31.7,
				"Y": 23.75,
				"Taken": false
			},
			{
				"X": 32.7,
				"Y": 23.95,
				"Taken": false
			},
			{
				"X": 23.0,
				"Y": 24.15,
				"Taken": false
			},
			{
				"X": 28.85,
				"Y": 24.65,
				"Taken": false
			},
			{
				"X": 30.55,
				"Y": 25.6,
				"Taken": false
			},
			{
				"X": 22.65,
				"Y": 25.65,
				"Taken": false
			},
			{
				"X": 19.4,
				"Y": 27.4,
				"Taken": false
			},
			{
				"X": 16.15,
				"Y": 27.6,
				"Taken": false
			},
			{
				"X": 21.4,
				"Y": 27.65,
				"Taken": false
			},
			{
				"X": 15.7,
				"Y": 28.55,
				"Taken": false
			},
			{
				"X": 19.0,
				"Y": 28.65,
				"Taken": false
			},
			{
				"X": 17.25,
				"Y": 30.5,
				"Taken": false
			},
			{
				"X": 18.25,
				"Y": 30.9,
				"Taken": false
			},
			{
				"X": 16.3,
				"Y": 32.05,
				"Taken": false
			},
			{
				"X": 17.15,
				"Y": 32.45,
				"Taken": false
			}
		],
		"Recording": false
	},
	{
		"MapName": "North Shroud",
		"MapID": 154,
		"Positions": [
			{
				"X": 23.45,
				"Y": 19.95,
				"Taken": false
			},
			{
				"X": 24.45,
				"Y": 20.2,
				"Taken": false
			},
			{
				"X": 18.65,
				"Y": 20.4,
				"Taken": false
			},
			{
				"X": 22.65,
				"Y": 20.7,
				"Taken": false
			},
			{
				"X": 28.6,
				"Y": 21.65,
				"Taken": false
			},
			{
				"X": 27.65,
				"Y": 22.25,
				"Taken": false
			},
			{
				"X": 25.95,
				"Y": 22.75,
				"Taken": false
			},
			{
				"X": 22.15,
				"Y": 23.75,
				"Taken": false
			},
			{
				"X": 27.95,
				"Y": 24.3,
				"Taken": false
			},
			{
				"X": 16.65,
				"Y": 25.4,
				"Taken": false
			},
			{
				"X": 24.8,
				"Y": 25.7,
				"Taken": false
			},
			{
				"X": 25.8,
				"Y": 26.05,
				"Taken": false
			},
			{
				"X": 18.2,
				"Y": 27.05,
				"Taken": false
			},
			{
				"X": 27.05,
				"Y": 27.2,
				"Taken": false
			},
			{
				"X": 22.45,
				"Y": 28.15,
				"Taken": false
			},
			{
				"X": 15.95,
				"Y": 28.25,
				"Taken": false
			},
			{
				"X": 24.55,
				"Y": 28.3,
				"Taken": false
			},
			{
				"X": 19.4,
				"Y": 28.6,
				"Taken": false
			},
			{
				"X": 18.15,
				"Y": 28.95,
				"Taken": false
			},
			{
				"X": 21.55,
				"Y": 30.05,
				"Taken": false
			}
		],
		"Recording": false
	},
	{
		"MapName": "Coerthas Central Highlands",
		"MapID": 155,
		"Positions": [
			{
				"X": 32.05,
				"Y": 7.1,
				"Taken": false
			},
			{
				"X": 28.9,
				"Y": 7.75,
				"Taken": false
			},
			{
				"X": 22.95,
				"Y": 8.05,
				"Taken": false
			},
			{
				"X": 24.65,
				"Y": 9.1,
				"Taken": false
			},
			{
				"X": 30.15,
				"Y": 10.6,
				"Taken": false
			},
			{
				"X": 25.3,
				"Y": 11.2,
				"Taken": false
			},
			{
				"X": 28.1,
				"Y": 11.45,
				"Taken": false
			},
			{
				"X": 8.95,
				"Y": 11.9,
				"Taken": false
			},
			{
				"X": 30.2,
				"Y": 12.6,
				"Taken": false
			},
			{
				"X": 10.8,
				"Y": 12.85,
				"Taken": false
			},
			{
				"X": 27.05,
				"Y": 13.45,
				"Taken": false
			},
			{
				"X": 8.85,
				"Y": 13.5,
				"Taken": false
			},
			{
				"X": 24.8,
				"Y": 13.5,
				"Taken": false
			},
			{
				"X": 11.75,
				"Y": 14.25,
				"Taken": false
			},
			{
				"X": 31.5,
				"Y": 14.3,
				"Taken": false
			},
			{
				"X": 8.85,
				"Y": 14.8,
				"Taken": false
			},
			{
				"X": 28.4,
				"Y": 14.85,
				"Taken": false
			},
			{
				"X": 35.05,
				"Y": 15.3,
				"Taken": false
			},
			{
				"X": 5.25,
				"Y": 16.0,
				"Taken": false
			},
			{
				"X": 20.55,
				"Y": 16.25,
				"Taken": false
			},
			{
				"X": 4.15,
				"Y": 16.6,
				"Taken": false
			},
			{
				"X": 31.9,
				"Y": 16.95,
				"Taken": false
			},
			{
				"X": 5.6,
				"Y": 18.05,
				"Taken": false
			},
			{
				"X": 14.3,
				"Y": 18.05,
				"Taken": false
			},
			{
				"X": 10.5,
				"Y": 18.25,
				"Taken": false
			},
			{
				"X": 15.4,
				"Y": 18.5,
				"Taken": false
			},
			{
				"X": 19.55,
				"Y": 18.65,
				"Taken": false
			},
			{
				"X": 21.55,
				"Y": 18.8,
				"Taken": false
			},
			{
				"X": 17.5,
				"Y": 18.85,
				"Taken": false
			},
			{
				"X": 11.55,
				"Y": 19.65,
				"Taken": false
			},
			{
				"X": 14.3,
				"Y": 19.8,
				"Taken": false
			},
			{
				"X": 6.45,
				"Y": 19.85,
				"Taken": false
			},
			{
				"X": 24.6,
				"Y": 20.0,
				"Taken": false
			},
			{
				"X": 16.85,
				"Y": 20.5,
				"Taken": false
			},
			{
				"X": 27.1,
				"Y": 20.65,
				"Taken": false
			},
			{
				"X": 8.35,
				"Y": 21.0,
				"Taken": false
			},
			{
				"X": 24.15,
				"Y": 21.7,
				"Taken": false
			},
			{
				"X": 27.4,
				"Y": 22.15,
				"Taken": false
			},
			{
				"X": 34.8,
				"Y": 22.75,
				"Taken": false
			},
			{
				"X": 35.8,
				"Y": 23.05,
				"Taken": false
			},
			{
				"X": 32.8,
				"Y": 23.6,
				"Taken": false
			},
			{
				"X": 24.65,
				"Y": 23.75,
				"Taken": false
			},
			{
				"X": 13.4,
				"Y": 25.25,
				"Taken": false
			},
			{
				"X": 14.9,
				"Y": 25.6,
				"Taken": false
			},
			{
				"X": 28.1,
				"Y": 25.6,
				"Taken": false
			},
			{
				"X": 25.65,
				"Y": 25.65,
				"Taken": false
			},
			{
				"X": 23.45,
				"Y": 26.8,
				"Taken": false
			},
			{
				"X": 9.0,
				"Y": 27.25,
				"Taken": false
			},
			{
				"X": 11.0,
				"Y": 27.3,
				"Taken": false
			},
			{
				"X": 15.8,
				"Y": 27.45,
				"Taken": false
			},
			{
				"X": 29.3,
				"Y": 27.65,
				"Taken": false
			},
			{
				"X": 12.65,
				"Y": 28.05,
				"Taken": false
			},
			{
				"X": 21.4,
				"Y": 28.2,
				"Taken": false
			},
			{
				"X": 6.6,
				"Y": 28.7,
				"Taken": false
			},
			{
				"X": 15.5,
				"Y": 28.7,
				"Taken": false
			},
			{
				"X": 11.05,
				"Y": 28.95,
				"Taken": false
			},
			{
				"X": 19.8,
				"Y": 29.2,
				"Taken": false
			},
			{
				"X": 17.7,
				"Y": 29.35,
				"Taken": false
			},
			{
				"X": 30.3,
				"Y": 29.8,
				"Taken": false
			},
			{
				"X": 30.75,
				"Y": 31.05,
				"Taken": false
			}
		],
		"Recording": false
	},
	{
		"MapName": "Mor Dhona",
		"MapID": 156,
		"Positions": [
			{
				"X": 30.6,
				"Y": 6.4,
				"Taken": false
			},
			{
				"X": 29.1,
				"Y": 6.5,
				"Taken": false
			},
			{
				"X": 32.3,
				"Y": 6.9,
				"Taken": false
			},
			{
				"X": 29.1,
				"Y": 7.7,
				"Taken": false
			},
			{
				"X": 19.15,
				"Y": 8.1,
				"Taken": false
			},
			{
				"X": 26.8,
				"Y": 8.5,
				"Taken": false
			},
			{
				"X": 32.45,
				"Y": 8.6,
				"Taken": false
			},
			{
				"X": 27.15,
				"Y": 8.85,
				"Taken": false
			},
			{
				"X": 32.3,
				"Y": 10.2,
				"Taken": false
			},
			{
				"X": 16.05,
				"Y": 10.45,
				"Taken": false
			},
			{
				"X": 14.0,
				"Y": 10.5,
				"Taken": false
			},
			{
				"X": 27.4,
				"Y": 10.6,
				"Taken": false
			},
			{
				"X": 24.85,
				"Y": 10.65,
				"Taken": false
			},
			{
				"X": 23.2,
				"Y": 10.7,
				"Taken": false
			},
			{
				"X": 31.45,
				"Y": 11.3,
				"Taken": false
			},
			{
				"X": 11.9,
				"Y": 11.8,
				"Taken": false
			},
			{
				"X": 15.75,
				"Y": 11.8,
				"Taken": false
			},
			{
				"X": 33.6,
				"Y": 12.05,
				"Taken": false
			},
			{
				"X": 13.65,
				"Y": 12.15,
				"Taken": false
			},
			{
				"X": 23.4,
				"Y": 12.2,
				"Taken": false
			},
			{
				"X": 25.2,
				"Y": 12.7,
				"Taken": false
			},
			{
				"X": 26.8,
				"Y": 12.7,
				"Taken": false
			},
			{
				"X": 28.25,
				"Y": 13.55,
				"Taken": false
			},
			{
				"X": 12.7,
				"Y": 13.75,
				"Taken": false
			},
			{
				"X": 14.2,
				"Y": 13.85,
				"Taken": false
			},
			{
				"X": 9.8,
				"Y": 13.9,
				"Taken": false
			},
			{
				"X": 32.4,
				"Y": 14.35,
				"Taken": false
			},
			{
				"X": 28.95,
				"Y": 14.75,
				"Taken": false
			},
			{
				"X": 30.15,
				"Y": 15.05,
				"Taken": false
			},
			{
				"X": 10.6,
				"Y": 15.15,
				"Taken": false
			},
			{
				"X": 16.4,
				"Y": 15.6,
				"Taken": false
			},
			{
				"X": 12.6,
				"Y": 16.0,
				"Taken": false
			},
			{
				"X": 12.25,
				"Y": 16.85,
				"Taken": false
			},
			{
				"X": 16.8,
				"Y": 17.4,
				"Taken": false
			}
		],
		"Recording": false
	},
	{
		"MapName": "Outer La Noscea",
		"MapID": 180,
		"Positions": [
			{
				"X": 27,
				"Y": 5.2,
				"Taken": false
			},
			{
				"X": 21.5,
				"Y": 6.85,
				"Taken": false
			},
			{
				"X": 22.45,
				"Y": 6.85,
				"Taken": false
			},
			{
				"X": 27.4,
				"Y": 7.25,
				"Taken": false
			},
			{
				"X": 24.55,
				"Y": 7.35,
				"Taken": false
			},
			{
				"X": 21.75,
				"Y": 8.35,
				"Taken": false
			},
			{
				"X": 23.65,
				"Y": 9.25,
				"Taken": false
			},
			{
				"X": 21.8,
				"Y": 9.5,
				"Taken": false
			},
			{
				"X": 21.9,
				"Y": 10.3,
				"Taken": false
			},
			{
				"X": 15.6,
				"Y": 10.35,
				"Taken": false
			},
			{
				"X": 15.4,
				"Y": 12.65,
				"Taken": false
			},
			{
				"X": 23,
				"Y": 13.2,
				"Taken": false
			},
			{
				"X": 14.1,
				"Y": 14.05,
				"Taken": false
			},
			{
				"X": 21.35,
				"Y": 14.6,
				"Taken": false
			},
			{
				"X": 15.25,
				"Y": 14.8,
				"Taken": false
			},
			{
				"X": 19,
				"Y": 15.1,
				"Taken": false
			},
			{
				"X": 22.9,
				"Y": 15.15,
				"Taken": false
			},
			{
				"X": 24.6,
				"Y": 16.15,
				"Taken": false
			},
			{
				"X": 13.55,
				"Y": 16.2,
				"Taken": false
			},
			{
				"X": 23,
				"Y": 16.2,
				"Taken": false
			},
			{
				"X": 14.7,
				"Y": 16.85,
				"Taken": false
			},
			{
				"X": 16.45,
				"Y": 17.8,
				"Taken": false
			},
			{
				"X": 15.1,
				"Y": 18.05,
				"Taken": false
			}
		],
		"Recording": false
	},
	{
		"MapName": "Coerthas Western Highlands",
		"MapID": 397,
		"Positions": [
			{
				"X": 28.0,
				"Y": 7.85,
				"Taken": false
			},
			{
				"X": 35.6,
				"Y": 9.6,
				"Taken": false
			},
			{
				"X": 26.1,
				"Y": 11.55,
				"Taken": false
			},
			{
				"X": 15.1,
				"Y": 12.1,
				"Taken": false
			},
			{
				"X": 6.65,
				"Y": 12.45,
				"Taken": false
			},
			{
				"X": 36.25,
				"Y": 12.5,
				"Taken": false
			},
			{
				"X": 29.35,
				"Y": 13.0,
				"Taken": false
			},
			{
				"X": 18.0,
				"Y": 13.1,
				"Taken": false
			},
			{
				"X": 10.0,
				"Y": 13.2,
				"Taken": false
			},
			{
				"X": 27.5,
				"Y": 15.9,
				"Taken": false
			},
			{
				"X": 11.55,
				"Y": 17.3,
				"Taken": false
			},
			{
				"X": 21.95,
				"Y": 17.65,
				"Taken": false
			},
			{
				"X": 32.5,
				"Y": 17.65,
				"Taken": false
			},
			{
				"X": 18.05,
				"Y": 18.95,
				"Taken": false
			},
			{
				"X": 22.1,
				"Y": 20.7,
				"Taken": false
			},
			{
				"X": 34.05,
				"Y": 20.8,
				"Taken": false
			},
			{
				"X": 27.95,
				"Y": 21.4,
				"Taken": false
			},
			{
				"X": 33.8,
				"Y": 22.5,
				"Taken": false
			},
			{
				"X": 17.3,
				"Y": 25.8,
				"Taken": false
			},
			{
				"X": 29.95,
				"Y": 26.75,
				"Taken": false
			},
			{
				"X": 23.5,
				"Y": 28.1,
				"Taken": false
			},
			{
				"X": 16.7,
				"Y": 29.65,
				"Taken": false
			},
			{
				"X": 18.7,
				"Y": 31.2,
				"Taken": false
			},
			{
				"X": 25.0,
				"Y": 32.35,
				"Taken": false
			}
		],
		"Recording": false
	},
	{
		"MapName": "The Dravanian Forelands",
		"MapID": 398,
		"Positions": [
			{
				"X": 26.4,
				"Y": 7.5,
				"Taken": false
			},
			{
				"X": 33.9,
				"Y": 8.55,
				"Taken": false
			},
			{
				"X": 16.9,
				"Y": 11.3,
				"Taken": false
			},
			{
				"X": 34.85,
				"Y": 13.55,
				"Taken": false
			},
			{
				"X": 13.6,
				"Y": 15.05,
				"Taken": false
			},
			{
				"X": 32.5,
				"Y": 18.25,
				"Taken": false
			},
			{
				"X": 21.4,
				"Y": 19.8,
				"Taken": false
			},
			{
				"X": 28.9,
				"Y": 21.8,
				"Taken": false
			},
			{
				"X": 25.7,
				"Y": 24.85,
				"Taken": false
			},
			{
				"X": 38.6,
				"Y": 25.6,
				"Taken": false
			},
			{
				"X": 12.35,
				"Y": 27.6,
				"Taken": false
			},
			{
				"X": 34.6,
				"Y": 28.75,
				"Taken": false
			},
			{
				"X": 20.05,
				"Y": 30.2,
				"Taken": false
			},
			{
				"X": 27.75,
				"Y": 30.8,
				"Taken": false
			},
			{
				"X": 14.3,
				"Y": 31.35,
				"Taken": false
			},
			{
				"X": 24.9,
				"Y": 32.4,
				"Taken": false
			},
			{
				"X": 21.15,
				"Y": 33.8,
				"Taken": false
			},
			{
				"X": 10.25,
				"Y": 35.25,
				"Taken": false
			},
			{
				"X": 27.4,
				"Y": 37.25,
				"Taken": false
			},
			{
				"X": 17.95,
				"Y": 38.75,
				"Taken": false
			}
		],
		"Recording": false
	},
	{
		"MapName": "The Dravanian Hinterlands",
		"MapID": 399,
		"Positions": [
			{
				"X": 13.1,
				"Y": 16.45,
				"Taken": false
			},
			{
				"X": 26.65,
				"Y": 16.6,
				"Taken": false
			},
			{
				"X": 26.85,
				"Y": 20.05,
				"Taken": false
			},
			{
				"X": 31.8,
				"Y": 20.15,
				"Taken": false
			},
			{
				"X": 9.35,
				"Y": 21.35,
				"Taken": false
			},
			{
				"X": 15.05,
				"Y": 21.6,
				"Taken": false
			},
			{
				"X": 35.95,
				"Y": 21.85,
				"Taken": false
			},
			{
				"X": 5.4,
				"Y": 22.15,
				"Taken": false
			},
			{
				"X": 24.0,
				"Y": 23.5,
				"Taken": false
			},
			{
				"X": 33.95,
				"Y": 24.1,
				"Taken": false
			},
			{
				"X": 15.1,
				"Y": 25.45,
				"Taken": false
			},
			{
				"X": 26.8,
				"Y": 25.45,
				"Taken": false
			},
			{
				"X": 34.2,
				"Y": 26.85,
				"Taken": false
			},
			{
				"X": 8.6,
				"Y": 28.1,
				"Taken": false
			},
			{
				"X": 38.0,
				"Y": 28.4,
				"Taken": false
			},
			{
				"X": 12.6,
				"Y": 29.25,
				"Taken": false
			},
			{
				"X": 26.6,
				"Y": 29.4,
				"Taken": false
			},
			{
				"X": 15.5,
				"Y": 32.05,
				"Taken": false
			},
			{
				"X": 8.45,
				"Y": 34.0,
				"Taken": false
			},
			{
				"X": 14.5,
				"Y": 35.65,
				"Taken": false
			},
			{
				"X": 26.25,
				"Y": 36.9,
				"Taken": false
			},
			{
				"X": 16.15,
				"Y": 37.75,
				"Taken": false
			}
		],
		"Recording": false
	},
	{
		"MapName": "The Churning Mists",
		"MapID": 400,
		"Positions": [
			{
				"X": 25.85,
				"Y": 7.95,
				"Taken": false
			},
			{
				"X": 9.5,
				"Y": 8.5,
				"Taken": false
			},
			{
				"X": 28.25,
				"Y": 10.6,
				"Taken": false
			},
			{
				"X": 7.4,
				"Y": 11.7,
				"Taken": false
			},
			{
				"X": 15.2,
				"Y": 14.5,
				"Taken": false
			},
			{
				"X": 7.9,
				"Y": 15.8,
				"Taken": false
			},
			{
				"X": 6.85,
				"Y": 20.25,
				"Taken": false
			},
			{
				"X": 11.9,
				"Y": 20.3,
				"Taken": false
			},
			{
				"X": 28.5,
				"Y": 20.35,
				"Taken": false
			},
			{
				"X": 24.9,
				"Y": 20.5,
				"Taken": false
			},
			{
				"X": 33.5,
				"Y": 20.85,
				"Taken": false
			},
			{
				"X": 14.0,
				"Y": 23.55,
				"Taken": false
			},
			{
				"X": 18.2,
				"Y": 24.35,
				"Taken": false
			},
			{
				"X": 37.2,
				"Y": 26.2,
				"Taken": false
			},
			{
				"X": 26.4,
				"Y": 27.6,
				"Taken": false
			},
			{
				"X": 16.9,
				"Y": 28.0,
				"Taken": false
			},
			{
				"X": 36.05,
				"Y": 29.05,
				"Taken": false
			},
			{
				"X": 15.8,
				"Y": 30.25,
				"Taken": false
			},
			{
				"X": 22.45,
				"Y": 31.1,
				"Taken": false
			},
			{
				"X": 31.95,
				"Y": 32.65,
				"Taken": false
			},
			{
				"X": 6.45,
				"Y": 35.65,
				"Taken": false
			},
			{
				"X": 10.05,
				"Y": 38.7,
				"Taken": false
			}
		],
		"Recording": false
	},
	{
		"MapName": "The Sea of Clouds",
		"MapID": 401,
		"Positions": [
			{
				"X": 29.35,
				"Y": 6.55,
				"Taken": false
			},
			{
				"X": 15.55,
				"Y": 7.5,
				"Taken": false
			},
			{
				"X": 21.75,
				"Y": 7.65,
				"Taken": false
			},
			{
				"X": 7.5,
				"Y": 8.35,
				"Taken": false
			},
			{
				"X": 36.9,
				"Y": 8.65,
				"Taken": false
			},
			{
				"X": 19.25,
				"Y": 9.45,
				"Taken": false
			},
			{
				"X": 23.25,
				"Y": 10.0,
				"Taken": false
			},
			{
				"X": 25.05,
				"Y": 13.1,
				"Taken": false
			},
			{
				"X": 15.4,
				"Y": 14.6,
				"Taken": false
			},
			{
				"X": 37.4,
				"Y": 14.65,
				"Taken": false
			},
			{
				"X": 21.55,
				"Y": 16.05,
				"Taken": false
			},
			{
				"X": 9.05,
				"Y": 16.65,
				"Taken": false
			},
			{
				"X": 31.45,
				"Y": 19.05,
				"Taken": false
			},
			{
				"X": 6.5,
				"Y": 19.3,
				"Taken": false
			},
			{
				"X": 36.5,
				"Y": 21.15,
				"Taken": false
			},
			{
				"X": 20.85,
				"Y": 21.5,
				"Taken": false
			},
			{
				"X": 14.55,
				"Y": 23.5,
				"Taken": false
			},
			{
				"X": 24.45,
				"Y": 25.25,
				"Taken": false
			},
			{
				"X": 26.1,
				"Y": 29.1,
				"Taken": false
			},
			{
				"X": 13.75,
				"Y": 29.15,
				"Taken": false
			},
			{
				"X": 17.9,
				"Y": 29.85,
				"Taken": false
			},
			{
				"X": 34.05,
				"Y": 31.55,
				"Taken": false
			},
			{
				"X": 18.3,
				"Y": 31.65,
				"Taken": false
			},
			{
				"X": 26.6,
				"Y": 33.7,
				"Taken": false
			},
			{
				"X": 31.65,
				"Y": 36.1,
				"Taken": false
			},
			{
				"X": 36.2,
				"Y": 38.5,
				"Taken": false
			}
		],
		"Recording": false
	},
	{
		"MapName": "Azys Lla",
		"MapID": 402,
		"Positions": [
			{
				"X": 32.7,
				"Y": 5.75,
				"Taken": false
			},
			{
				"X": 37.7,
				"Y": 7.1,
				"Taken": false
			},
			{
				"X": 17.3,
				"Y": 8.55,
				"Taken": false
			},
			{
				"X": 27.65,
				"Y": 11.15,
				"Taken": false
			},
			{
				"X": 33.8,
				"Y": 12.85,
				"Taken": false
			},
			{
				"X": 18.5,
				"Y": 13.25,
				"Taken": false
			},
			{
				"X": 27.4,
				"Y": 15.8,
				"Taken": false
			},
			{
				"X": 13.9,
				"Y": 16.9,
				"Taken": false
			},
			{
				"X": 9.45,
				"Y": 26.5,
				"Taken": false
			},
			{
				"X": 34.35,
				"Y": 26.65,
				"Taken": false
			},
			{
				"X": 38.95,
				"Y": 27.6,
				"Taken": false
			},
			{
				"X": 29.85,
				"Y": 28.75,
				"Taken": false
			},
			{
				"X": 16.1,
				"Y": 29.4,
				"Taken": false
			},
			{
				"X": 11.3,
				"Y": 30.35,
				"Taken": false
			},
			{
				"X": 35.9,
				"Y": 30.8,
				"Taken": false
			},
			{
				"X": 8.25,
				"Y": 34.0,
				"Taken": false
			},
			{
				"X": 36.25,
				"Y": 34.15,
				"Taken": false
			},
			{
				"X": 29.65,
				"Y": 35.05,
				"Taken": false
			},
			{
				"X": 36.35,
				"Y": 37.15,
				"Taken": false
			},
			{
				"X": 12.85,
				"Y": 38.2,
				"Taken": false
			}
		],
		"Recording": false
	},
	{
		"MapName": "The Fringes",
		"MapID": 612,
		"Positions": [
			{
				"X": 18.25,
				"Y": 8.45,
				"Taken": false
			},
			{
				"X": 21.2,
				"Y": 10.55,
				"Taken": false
			},
			{
				"X": 25.35,
				"Y": 11.75,
				"Taken": false
			},
			{
				"X": 14.35,
				"Y": 12.4,
				"Taken": false
			},
			{
				"X": 17.8,
				"Y": 12.75,
				"Taken": false
			},
			{
				"X": 10.45,
				"Y": 14.55,
				"Taken": false
			},
			{
				"X": 34.65,
				"Y": 17.5,
				"Taken": false
			},
			{
				"X": 12.25,
				"Y": 18.0,
				"Taken": false
			},
			{
				"X": 24.1,
				"Y": 18.15,
				"Taken": false
			},
			{
				"X": 33.75,
				"Y": 20.9,
				"Taken": false
			},
			{
				"X": 17.5,
				"Y": 21.75,
				"Taken": false
			},
			{
				"X": 27.75,
				"Y": 23.5,
				"Taken": false
			},
			{
				"X": 16.65,
				"Y": 24.3,
				"Taken": false
			},
			{
				"X": 8.7,
				"Y": 25.25,
				"Taken": false
			},
			{
				"X": 15.35,
				"Y": 26.25,
				"Taken": false
			},
			{
				"X": 25.2,
				"Y": 28.4,
				"Taken": false
			},
			{
				"X": 8.3,
				"Y": 30.55,
				"Taken": false
			},
			{
				"X": 28.95,
				"Y": 30.8,
				"Taken": false
			},
			{
				"X": 25.85,
				"Y": 31.9,
				"Taken": false
			},
			{
				"X": 33.3,
				"Y": 33.35,
				"Taken": false
			}
		],
		"Recording": false
	},
	{
		"MapName": "The Ruby Sea",
		"MapID": 613,
		"Positions": [
			{
				"X": 7.5,
				"Y": 5.9,
				"Taken": false
			},
			{
				"X": 25.95,
				"Y": 7.05,
				"Taken": false
			},
			{
				"X": 18.85,
				"Y": 8.65,
				"Taken": false
			},
			{
				"X": 16.55,
				"Y": 10.6,
				"Taken": false
			},
			{
				"X": 14.45,
				"Y": 13.9,
				"Taken": false
			},
			{
				"X": 36.5,
				"Y": 17.95,
				"Taken": false
			},
			{
				"X": 34.95,
				"Y": 21.15,
				"Taken": false
			},
			{
				"X": 5.05,
				"Y": 22.95,
				"Taken": false
			},
			{
				"X": 32.05,
				"Y": 24.3,
				"Taken": false
			},
			{
				"X": 25.3,
				"Y": 26.2,
				"Taken": false
			},
			{
				"X": 6.9,
				"Y": 29.8,
				"Taken": false
			},
			{
				"X": 27.25,
				"Y": 31.6,
				"Taken": false
			},
			{
				"X": 23.95,
				"Y": 33.2,
				"Taken": false
			},
			{
				"X": 31.05,
				"Y": 38.75,
				"Taken": false
			}
		],
		"Recording": false
	},
	{
		"MapName": "Yanxia",
		"MapID": 614,
		"Positions": [
			{
				"X": 21.6,
				"Y": 9.45,
				"Taken": false
			},
			{
				"X": 27.1,
				"Y": 10.4,
				"Taken": false
			},
			{
				"X": 18.35,
				"Y": 10.5,
				"Taken": false
			},
			{
				"X": 28.7,
				"Y": 11.35,
				"Taken": false
			},
			{
				"X": 23.65,
				"Y": 11.5,
				"Taken": false
			},
			{
				"X": 16.9,
				"Y": 13.8,
				"Taken": false
			},
			{
				"X": 18.25,
				"Y": 16.15,
				"Taken": false
			},
			{
				"X": 32.35,
				"Y": 18.5,
				"Taken": false
			},
			{
				"X": 24.6,
				"Y": 21.7,
				"Taken": false
			},
			{
				"X": 34.15,
				"Y": 26.6,
				"Taken": false
			},
			{
				"X": 23.6,
				"Y": 27.25,
				"Taken": false
			},
			{
				"X": 12.3,
				"Y": 30.6,
				"Taken": false
			},
			{
				"X": 17.65,
				"Y": 34.3,
				"Taken": false
			},
			{
				"X": 29.85,
				"Y": 35.3,
				"Taken": false
			}
		],
		"Recording": false
	},
	{
		"MapName": "The Peaks",
		"MapID": 620,
		"Positions": [
			{
				"X": 26.95,
				"Y": 7.95,
				"Taken": false
			},
			{
				"X": 11.2,
				"Y": 8.2,
				"Taken": false
			},
			{
				"X": 32.05,
				"Y": 8.3,
				"Taken": false
			},
			{
				"X": 26.25,
				"Y": 12.0,
				"Taken": false
			},
			{
				"X": 8.7,
				"Y": 12.25,
				"Taken": false
			},
			{
				"X": 36.35,
				"Y": 12.45,
				"Taken": false
			},
			{
				"X": 5.65,
				"Y": 14.75,
				"Taken": false
			},
			{
				"X": 23.35,
				"Y": 14.95,
				"Taken": false
			},
			{
				"X": 25.35,
				"Y": 20.15,
				"Taken": false
			},
			{
				"X": 16.65,
				"Y": 23.1,
				"Taken": false
			},
			{
				"X": 23.75,
				"Y": 24.25,
				"Taken": false
			},
			{
				"X": 7.8,
				"Y": 25.85,
				"Taken": false
			},
			{
				"X": 18.1,
				"Y": 26.7,
				"Taken": false
			},
			{
				"X": 12.6,
				"Y": 28.3,
				"Taken": false
			},
			{
				"X": 26.65,
				"Y": 29.85,
				"Taken": false
			},
			{
				"X": 11.75,
				"Y": 32.85,
				"Taken": false
			},
			{
				"X": 5.85,
				"Y": 34.8,
				"Taken": false
			},
			{
				"X": 23.65,
				"Y": 36.6,
				"Taken": false
			}
		],
		"Recording": false
	},
	{
		"MapName": "The Lochs",
		"MapID": 621,
		"Positions": [
			{
				"X": 18.3,
				"Y": 7.5,
				"Taken": false
			},
			{
				"X": 29.1,
				"Y": 8.0,
				"Taken": false
			},
			{
				"X": 6.45,
				"Y": 8.25,
				"Taken": false
			},
			{
				"X": 22.5,
				"Y": 10.35,
				"Taken": false
			},
			{
				"X": 35.1,
				"Y": 11.1,
				"Taken": false
			},
			{
				"X": 7.7,
				"Y": 14.1,
				"Taken": false
			},
			{
				"X": 25.05,
				"Y": 16.5,
				"Taken": false
			},
			{
				"X": 13.95,
				"Y": 20.55,
				"Taken": false
			},
			{
				"X": 18.8,
				"Y": 25.6,
				"Taken": false
			},
			{
				"X": 23.45,
				"Y": 25.85,
				"Taken": false
			},
			{
				"X": 7.4,
				"Y": 26.3,
				"Taken": false
			},
			{
				"X": 4.6,
				"Y": 29.3,
				"Taken": false
			},
			{
				"X": 6.95,
				"Y": 31.1,
				"Taken": false
			},
			{
				"X": 18.95,
				"Y": 31.75,
				"Taken": false
			},
			{
				"X": 24.55,
				"Y": 32.95,
				"Taken": false
			},
			{
				"X": 10.45,
				"Y": 33.7,
				"Taken": false
			},
			{
				"X": 26.45,
				"Y": 34.55,
				"Taken": false
			},
			{
				"X": 3.1,
				"Y": 34.95,
				"Taken": false
			},
			{
				"X": 30.1,
				"Y": 36.35,
				"Taken": false
			}
		],
		"Recording": false
	},
	{
		"MapName": "The Azim Steppe",
		"MapID": 622,
		"Positions": [
			{
				"X": 27.35,
				"Y": 9.0,
				"Taken": false
			},
			{
				"X": 13.5,
				"Y": 10.15,
				"Taken": false
			},
			{
				"X": 19.35,
				"Y": 10.25,
				"Taken": false
			},
			{
				"X": 34.65,
				"Y": 15.05,
				"Taken": false
			},
			{
				"X": 22.35,
				"Y": 15.95,
				"Taken": false
			},
			{
				"X": 12.45,
				"Y": 17.25,
				"Taken": false
			},
			{
				"X": 27.9,
				"Y": 18.8,
				"Taken": false
			},
			{
				"X": 17.4,
				"Y": 18.9,
				"Taken": false
			},
			{
				"X": 9.65,
				"Y": 22.35,
				"Taken": false
			},
			{
				"X": 14.95,
				"Y": 25.5,
				"Taken": false
			},
			{
				"X": 27.9,
				"Y": 25.7,
				"Taken": false
			},
			{
				"X": 9.75,
				"Y": 25.9,
				"Taken": false
			},
			{
				"X": 11.4,
				"Y": 28.35,
				"Taken": false
			},
			{
				"X": 15.6,
				"Y": 30.3,
				"Taken": false
			},
			{
				"X": 24.25,
				"Y": 30.3,
				"Taken": false
			},
			{
				"X": 21.85,
				"Y": 34.2,
				"Taken": false
			},
			{
				"X": 26.7,
				"Y": 34.25,
				"Taken": false
			},
			{
				"X": 17.6,
				"Y": 34.4,
				"Taken": false
			}
		],
		"Recording": false
	},
	{
		"MapName": "Lakeland",
		"MapID": 813,
		"Positions": [
			{
				"X": 19.7,
				"Y": 9.75,
				"Taken": false
			},
			{
				"X": 36.65,
				"Y": 12.2,
				"Taken": false
			},
			{
				"X": 23.25,
				"Y": 12.35,
				"Taken": false
			},
			{
				"X": 11.7,
				"Y": 12.65,
				"Taken": false
			},
			{
				"X": 27.65,
				"Y": 15.35,
				"Taken": false
			},
			{
				"X": 35.1,
				"Y": 15.95,
				"Taken": false
			},
			{
				"X": 11.3,
				"Y": 17.25,
				"Taken": false
			},
			{
				"X": 29.5,
				"Y": 19.3,
				"Taken": false
			},
			{
				"X": 30.75,
				"Y": 22.65,
				"Taken": false
			},
			{
				"X": 7.8,
				"Y": 22.75,
				"Taken": false
			},
			{
				"X": 18.3,
				"Y": 23.0,
				"Taken": false
			},
			{
				"X": 25.5,
				"Y": 23.9,
				"Taken": false
			},
			{
				"X": 13.7,
				"Y": 24.5,
				"Taken": false
			},
			{
				"X": 35.7,
				"Y": 27.05,
				"Taken": false
			},
			{
				"X": 23.1,
				"Y": 29.7,
				"Taken": false
			},
			{
				"X": 27.9,
				"Y": 30.9,
				"Taken": false
			},
			{
				"X": 35.2,
				"Y": 32.2,
				"Taken": false
			},
			{
				"X": 26.65,
				"Y": 37.2,
				"Taken": false
			}
		],
		"Recording": false
	},
	{
		"MapName": "Kholusia",
		"MapID": 814,
		"Positions": [
			{
				"X": 17.05,
				"Y": 6.9,
				"Taken": false
			},
			{
				"X": 19.6,
				"Y": 10.6,
				"Taken": false
			},
			{
				"X": 24.8,
				"Y": 11.4,
				"Taken": false
			},
			{
				"X": 21.8,
				"Y": 14.05,
				"Taken": false
			},
			{
				"X": 14.9,
				"Y": 15.75,
				"Taken": false
			},
			{
				"X": 22.95,
				"Y": 17.55,
				"Taken": false
			},
			{
				"X": 11.6,
				"Y": 18.7,
				"Taken": false
			},
			{
				"X": 26.7,
				"Y": 19.25,
				"Taken": false
			},
			{
				"X": 31.45,
				"Y": 19.65,
				"Taken": false
			},
			{
				"X": 21.2,
				"Y": 22.5,
				"Taken": false
			},
			{
				"X": 34.45,
				"Y": 24.15,
				"Taken": false
			},
			{
				"X": 15.0,
				"Y": 24.3,
				"Taken": false
			},
			{
				"X": 26.8,
				"Y": 24.35,
				"Taken": false
			},
			{
				"X": 9.0,
				"Y": 25.6,
				"Taken": false
			},
			{
				"X": 24.7,
				"Y": 29.85,
				"Taken": false
			},
			{
				"X": 30.05,
				"Y": 30.05,
				"Taken": false
			},
			{
				"X": 20.9,
				"Y": 31.3,
				"Taken": false
			}
		],
		"Recording": false
	},
	{
		"MapName": "Amh Araeng",
		"MapID": 815,
		"Positions": [
			{
				"X": 16.7,
				"Y": 10.25,
				"Taken": false
			},
			{
				"X": 22.6,
				"Y": 10.5,
				"Taken": false
			},
			{
				"X": 10.25,
				"Y": 11.95,
				"Taken": false
			},
			{
				"X": 28.6,
				"Y": 12.3,
				"Taken": false
			},
			{
				"X": 30.95,
				"Y": 13.75,
				"Taken": false
			},
			{
				"X": 19.35,
				"Y": 16.15,
				"Taken": false
			},
			{
				"X": 11.55,
				"Y": 19.5,
				"Taken": false
			},
			{
				"X": 28.8,
				"Y": 20.25,
				"Taken": false
			},
			{
				"X": 33.55,
				"Y": 21.55,
				"Taken": false
			},
			{
				"X": 16.3,
				"Y": 24.05,
				"Taken": false
			},
			{
				"X": 19.2,
				"Y": 24.9,
				"Taken": false
			},
			{
				"X": 28.5,
				"Y": 26.0,
				"Taken": false
			},
			{
				"X": 19.75,
				"Y": 28.75,
				"Taken": false
			},
			{
				"X": 23.2,
				"Y": 29.75,
				"Taken": false
			},
			{
				"X": 17.15,
				"Y": 31.65,
				"Taken": false
			},
			{
				"X": 33.0,
				"Y": 33.9,
				"Taken": false
			},
			{
				"X": 30.4,
				"Y": 35.25,
				"Taken": false
			},
			{
				"X": 19.9,
				"Y": 36.45,
				"Taken": false
			}
		],
		"Recording": false
	},
	{
		"MapName": "Il Mheg",
		"MapID": 816,
		"Positions": [
			{
				"X": 29.25,
				"Y": 5.45,
				"Taken": false
			},
			{
				"X": 25.5,
				"Y": 7.1,
				"Taken": false
			},
			{
				"X": 33.8,
				"Y": 7.3,
				"Taken": false
			},
			{
				"X": 20.2,
				"Y": 8.5,
				"Taken": false
			},
			{
				"X": 31.6,
				"Y": 13.65,
				"Taken": false
			},
			{
				"X": 11.2,
				"Y": 15.9,
				"Taken": false
			},
			{
				"X": 27.2,
				"Y": 19.0,
				"Taken": false
			},
			{
				"X": 10.8,
				"Y": 20.35,
				"Taken": false
			},
			{
				"X": 7.45,
				"Y": 23.0,
				"Taken": false
			},
			{
				"X": 7.85,
				"Y": 27.05,
				"Taken": false
			},
			{
				"X": 19.1,
				"Y": 27.15,
				"Taken": false
			},
			{
				"X": 22.8,
				"Y": 28.85,
				"Taken": false
			},
			{
				"X": 9.65,
				"Y": 30.65,
				"Taken": false
			},
			{
				"X": 24.55,
				"Y": 32.75,
				"Taken": false
			},
			{
				"X": 13.6,
				"Y": 34.1,
				"Taken": false
			},
			{
				"X": 19.7,
				"Y": 34.9,
				"Taken": false
			},
			{
				"X": 24.7,
				"Y": 37.25,
				"Taken": false
			}
		],
		"Recording": false
	},
	{
		"MapName": "The Rak'tika Greatwood",
		"MapID": 817,
		"Positions": [
			{
				"X": 22.5,
				"Y": 10.75,
				"Taken": false
			},
			{
				"X": 21.95,
				"Y": 13.7,
				"Taken": false
			},
			{
				"X": 26.35,
				"Y": 14.95,
				"Taken": false
			},
			{
				"X": 9.5,
				"Y": 18.6,
				"Taken": false
			},
			{
				"X": 14.9,
				"Y": 22.35,
				"Taken": false
			},
			{
				"X": 33.35,
				"Y": 22.8,
				"Taken": false
			},
			{
				"X": 9.9,
				"Y": 24.0,
				"Taken": false
			},
			{
				"X": 16.7,
				"Y": 24.05,
				"Taken": false
			},
			{
				"X": 26.3,
				"Y": 24.25,
				"Taken": false
			},
			{
				"X": 29.7,
				"Y": 26.05,
				"Taken": false
			},
			{
				"X": 15.1,
				"Y": 30.25,
				"Taken": false
			},
			{
				"X": 25.3,
				"Y": 30.3,
				"Taken": false
			},
			{
				"X": 8.5,
				"Y": 34.65,
				"Taken": false
			},
			{
				"X": 17.8,
				"Y": 35.1,
				"Taken": false
			},
			{
				"X": 12.05,
				"Y": 35.85,
				"Taken": false
			}
		],
		"Recording": false
	},
	{
		"MapName": "The Tempest",
		"MapID": 818,
		"Positions": [
			{
				"X": 31.2,
				"Y": 4.05,
				"Taken": false
			},
			{
				"X": 11.4,
				"Y": 5.25,
				"Taken": false
			},
			{
				"X": 21.0,
				"Y": 7.7,
				"Taken": false
			},
			{
				"X": 8.35,
				"Y": 8.35,
				"Taken": false
			},
			{
				"X": 28.4,
				"Y": 8.45,
				"Taken": false
			},
			{
				"X": 15.7,
				"Y": 10.3,
				"Taken": false
			},
			{
				"X": 30.75,
				"Y": 10.95,
				"Taken": false
			},
			{
				"X": 36.6,
				"Y": 11.55,
				"Taken": false
			},
			{
				"X": 25.3,
				"Y": 12.95,
				"Taken": false
			},
			{
				"X": 18.2,
				"Y": 13.35,
				"Taken": false
			},
			{
				"X": 37.75,
				"Y": 16.7,
				"Taken": false
			},
			{
				"X": 13.45,
				"Y": 17.4,
				"Taken": false
			},
			{
				"X": 36.1,
				"Y": 19.95,
				"Taken": false
			},
			{
				"X": 15.4,
				"Y": 20.4,
				"Taken": false
			},
			{
				"X": 33.7,
				"Y": 21.6,
				"Taken": false
			},
			{
				"X": 29.1,
				"Y": 22.85,
				"Taken": false
			},
			{
				"X": 24.7,
				"Y": 24.7,
				"Taken": false
			}
		],
		"Recording": false
	},
	{
		"MapName": "Labyrinthos",
		"MapID": 956,
		"Positions": [
			{
				"X": 30.15,
				"Y": 8.35,
				"Taken": false
			},
			{
				"X": 17.1,
				"Y": 9.45,
				"Taken": false
			},
			{
				"X": 34.3,
				"Y": 13.5,
				"Taken": false
			},
			{
				"X": 16.55,
				"Y": 16.3,
				"Taken": false
			},
			{
				"X": 10.55,
				"Y": 19.25,
				"Taken": false
			},
			{
				"X": 25.2,
				"Y": 25.5,
				"Taken": false
			},
			{
				"X": 32.1,
				"Y": 26.0,
				"Taken": false
			},
			{
				"X": 5.75,
				"Y": 33.85,
				"Taken": false
			},
			{
				"X": 12.05,
				"Y": 35.4,
				"Taken": false
			},
			{
				"X": 19.6,
				"Y": 38.35,
				"Taken": false
			}
		],
		"Recording": false
	},
	{
		"MapName": "Thavnair",
		"MapID": 957,
		"Positions": [
			{
				"X": 18.65,
				"Y": 11.55,
				"Taken": false
			},
			{
				"X": 14.55,
				"Y": 12.2,
				"Taken": false
			},
			{
				"X": 29.5,
				"Y": 13.65,
				"Taken": false
			},
			{
				"X": 18.15,
				"Y": 16.35,
				"Taken": false
			},
			{
				"X": 32.8,
				"Y": 20.3,
				"Taken": false
			},
			{
				"X": 26.5,
				"Y": 20.85,
				"Taken": false
			},
			{
				"X": 18.4,
				"Y": 23.35,
				"Taken": false
			},
			{
				"X": 27.65,
				"Y": 25.8,
				"Taken": false
			},
			{
				"X": 20.25,
				"Y": 31.05,
				"Taken": false
			}
		],
		"Recording": false
	},
	{
		"MapName": "Garlemald",
		"MapID": 958,
		"Positions": [
			{
				"X": 9.75,
				"Y": 11.6,
				"Taken": false
			},
			{
				"X": 12.2,
				"Y": 12.75,
				"Taken": false
			},
			{
				"X": 11.9,
				"Y": 17.35,
				"Taken": false
			},
			{
				"X": 15.7,
				"Y": 19.65,
				"Taken": false
			},
			{
				"X": 28.95,
				"Y": 20.75,
				"Taken": false
			},
			{
				"X": 33.0,
				"Y": 21.85,
				"Taken": false
			},
			{
				"X": 23.2,
				"Y": 25.55,
				"Taken": false
			},
			{
				"X": 32.45,
				"Y": 32.35,
				"Taken": false
			},
			{
				"X": 27.4,
				"Y": 34.05,
				"Taken": false
			}
		],
		"Recording": false
	},
	{
		"MapName": "Mare Lamentorum",
		"MapID": 959,
		"Positions": [
			{
				"X": 18.45,
				"Y": 21.5,
				"Taken": false
			},
			{
				"X": 24.3,
				"Y": 23.35,
				"Taken": false
			},
			{
				"X": 10.3,
				"Y": 24.1,
				"Taken": false
			},
			{
				"X": 17.15,
				"Y": 24.7,
				"Taken": false
			},
			{
				"X": 28.3,
				"Y": 26.65,
				"Taken": false
			},
			{
				"X": 36.4,
				"Y": 27.2,
				"Taken": false
			},
			{
				"X": 16.55,
				"Y": 28.85,
				"Taken": false
			},
			{
				"X": 29.8,
				"Y": 29.85,
				"Taken": false
			},
			{
				"X": 24.25,
				"Y": 33.5,
				"Taken": false
			},
			{
				"X": 21.1,
				"Y": 34.7,
				"Taken": false
			}
		],
		"Recording": false
	},
	{
		"MapName": "Ultima Thule",
		"MapID": 960,
		"Positions": [
			{
				"X": 19.4,
				"Y": 10.0,
				"Taken": false
			},
			{
				"X": 13.3,
				"Y": 10.5,
				"Taken": false
			},
			{
				"X": 28.1,
				"Y": 12.6,
				"Taken": false
			},
			{
				"X": 8.2,
				"Y": 20.6,
				"Taken": false
			},
			{
				"X": 11.75,
				"Y": 21.7,
				"Taken": false
			},
			{
				"X": 16.45,
				"Y": 25.85,
				"Taken": false
			},
			{
				"X": 17.6,
				"Y": 30.35,
				"Taken": false
			},
			{
				"X": 21.35,
				"Y": 34.0,
				"Taken": false
			},
			{
				"X": 15.2,
				"Y": 35.95,
				"Taken": false
			}
		],
		"Recording": false
	},
	{
		"MapName": "Elpis",
		"MapID": 961,
		"Positions": [
			{
				"X": 21.7,
				"Y": 6.05,
				"Taken": false
			},
			{
				"X": 12.85,
				"Y": 9.8,
				"Taken": false
			},
			{
				"X": 33.95,
				"Y": 10.85,
				"Taken": false
			},
			{
				"X": 21.35,
				"Y": 13.45,
				"Taken": false
			},
			{
				"X": 34.35,
				"Y": 14.2,
				"Taken": false
			},
			{
				"X": 32.55,
				"Y": 18.6,
				"Taken": false
			},
			{
				"X": 18.5,
				"Y": 24.45,
				"Taken": false
			},
			{
				"X": 29.4,
				"Y": 27.65,
				"Taken": false
			},
			{
				"X": 7.05,
				"Y": 29.05,
				"Taken": false
			},
			{
				"X": 17.8,
				"Y": 30.15,
				"Taken": false
			},
			{
				"X": 12.85,
				"Y": 32.1,
				"Taken": false
			}
		],
		"Recording": false
	},
	{
		"MapName": "Urqopacha",
		"MapID": 1187,
		"Positions": [
			{
				"X": 0,
				"Y": 0,
				"Taken": false
			}
		],
		"Recording": false
	},
	{
		"MapName": "Kozama'uka",
		"MapID": 1188,
		"Positions": [
			{
				"X": 0,
				"Y": 0,
				"Taken": false
			}
		],
		"Recording": false
	},
	{
		"MapName": "Yak T'el",
		"MapID": 1189,
		"Positions": [
			{
				"X": 0,
				"Y": 0,
				"Taken": false
			}
		],
		"Recording": false
	},
	{
		"MapName": "Shaaloani",
		"MapID": 1190,
		"Positions": [
			{
				"X": 0,
				"Y": 0,
				"Taken": false
			}
		],
		"Recording": false
	},
	{
		"MapName": "Heritage Found",
		"MapID": 1191,
		"Positions": [
			{
				"X": 0,
				"Y": 0,
				"Taken": false
			}
		],
		"Recording": false
	},
	{
		"MapName": "Living Memory",
		"MapID": 1192,
		"Positions": [
			{
				"X": 0,
				"Y": 0,
				"Taken": false
			}
		],
		"Recording": false
	}
]