{
  "Author": "Anya Hichu",
  "Name": "ChatContext",
  "InternalName": "ChatContext",
  "AssemblyVersion": "0.0.0.2",
  "Description": "Add sender target name in chat messages and displays nearly player targets",
  "ApplicableVersion": "any",
  "RepoUrl": "https://github.com/anya-hichu/ChatContext",
  "Tags": [
    "chat",
    "context",
    "target"
  ],
  "DalamudApiLevel": 10,
  "LoadRequiredState": 0,
  "LoadSync": false,
  "CanUnloadAsync": false,
  "LoadPriority": 0,
  "ImageUrls": [
    "https://raw.githubusercontent.com/anya-hichu/ChatContext/master/images/image1.png",
    "https://raw.githubusercontent.com/anya-hichu/ChatContext/master/images/image2.png",
    "https://raw.githubusercontent.com/anya-hichu/ChatContext/master/images/image3.png"
  ],
  "IconUrl": "https://raw.githubusercontent.com/anya-hichu/ChatContext/master/images/icon.png",
  "Punchline": "Add sender target name in chat messages.",
  "AcceptsFeedback": true
}