{
  "Author": "0x0ade",
  "Name": "CustomResolution",
  "InternalName": "CustomResolution2782",
  "AssemblyVersion": "1.1.2.0",
  "Description": "Basic plugin that allows you to specify a custom resolution.",
  "ApplicableVersion": "any",
  "RepoUrl": "https://gitea.0x0a.de/0x0ade/DP-CustomResolution",
  "Tags": [
    "dsr",
    "resolution",
    "dpi",
    "scale",
    "scaling"
  ],
  "DalamudApiLevel": 14,
  "LoadRequiredState": 0,
  "LoadSync": false,
  "CanUnloadAsync": true,
  "LoadPriority": 0,
  "Punchline": "Enforces a custom resolution for the game, similar to NVIDIA DSR.",
  "AcceptsFeedback": true
}