{
  "Author": "Blooym",
  "Name": "GoodFriend",
  "InternalName": "GoodFriend",
  "AssemblyVersion": "3.11.0.1",
  "Description": "Major improvements to the in-game friend system, like getting login and logout\n      notifications for your friends, and much more.",
  "ApplicableVersion": "any",
  "Tags": [
    "Friend",
    "Notifications",
    "Good Friend"
  ],
  "CategoryTags": [
    "Social"
  ],
  "DalamudApiLevel": 14,
  "LoadRequiredState": 0,
  "LoadSync": false,
  "CanUnloadAsync": false,
  "LoadPriority": 0,
  "Punchline": "Improvements to the in-game friend system, including login and logout notifications for your friends, and more.",
  "AcceptsFeedback": true
}