{
  "Author": "BitsOfAByte",
  "Name": "Good Friend",
  "InternalName": "GoodFriend",
  "AssemblyVersion": "1.2.2.0",
  "Description": "Instant friend login/logout notifications with other friends using the plugin. Provides customisable messages & notification display settings. Concerned about privacy or want to only send & recieve notifications with certain friends? Use a friendship code to only notify those friends of your status changes.",
  "ApplicableVersion": "any",
  "RepoUrl": "https://github.com/BitsOfAByte/GoodFriend",
  "Tags": [
    "Friends",
    "Notification"
  ],
  "DalamudApiLevel": 7,
  "LoadPriority": 0,
  "Punchline": "Friend login & logout notifications between GoodFriend users"
}