{
  "Author": "Blooym",
  "Name": "GoodFriend",
  "InternalName": "GoodFriend",
  "AssemblyVersion": "3.2.3.0",
  "Description": "A plugin that improves to the in-game friend system.\n\nKey Features:\n- Send and receive notifications when your friends login and logout*.\n- Get notified when your friends use the world visit system*.\n- Chat messages showing how many of your friends are online when you log in.\n- Private in design, all identifying information is hashed before being sent to the server.\n\n * Other friends must also have GoodFriend installed.",
  "ApplicableVersion": "any",
  "RepoUrl": "https://github.com/Blooym/GoodFriend",
  "Tags": [
    "Friend",
    "Notifications",
    "Good Friend"
  ],
  "CategoryTags": [
    "Social"
  ],
  "DalamudApiLevel": 9,
  "LoadRequiredState": 0,
  "LoadSync": false,
  "CanUnloadAsync": false,
  "LoadPriority": 0,
  "Punchline": "Major improvements to the in-game friend system, like getting login and logout notifications for your friends, and much more.",
  "AcceptsFeedback": true
}