{
  "Author": "NightmareXIV, Chalkos",
  "Name": "QuestAWAY",
  "InternalName": "QuestAWAY",
  "AssemblyVersion": "2.0.0.6",
  "Description": "Removes unwanted icons from your map. Not only quests, any icons.",
  "ApplicableVersion": "any",
  "RepoUrl": "https://github.com/NightmareXIV/QuestAWAY",
  "Tags": [
    "map",
    "quest",
    "nightmarexiv"
  ],
  "DalamudApiLevel": 11,
  "LoadRequiredState": 0,
  "LoadSync": false,
  "CanUnloadAsync": false,
  "LoadPriority": 0,
  "Punchline": "Removes unwanted icons from your map.",
  "AcceptsFeedback": true
}