{
  "Author": "goat",
  "Name": "Fancy Loading Screens",
  "InternalName": "Dalamud.LoadingImage",
  "AssemblyVersion": "1.0.0.16",
  "Description": "This plugin shows the destination zone's concept art while loading.\nNOTE: ONLY LOOKS RIGHT ON 16:9 SCREENS! The concept art is not any bigger, and we can't expand/fix it. Sorry!",
  "ApplicableVersion": "any",
  "DalamudApiLevel": 13,
  "LoadRequiredState": 0,
  "LoadSync": false,
  "CanUnloadAsync": false,
  "LoadPriority": 0,
  "Punchline": "Shows the destination zone's concept art while loading",
  "AcceptsFeedback": true
}