{
  "Author": "AtmoOmen",
  "Name": "Currency Tracker",
  "InternalName": "CurrencyTracker",
  "AssemblyVersion": "1.2.4.0",
  "Description": "Aimed to help you track changes of various in-game currencies and record them as transactions (Gil, Seal, Tomestone, etc.).\nAlso provides features for queries, graphs, exporting data, and custom currencies tracker.",
  "ApplicableVersion": "any",
  "RepoUrl": "https://github.com/AtmoOmen/CurrencyTracker",
  "Tags": [
    "Money",
    "Currency",
    "Tracker"
  ],
  "DalamudApiLevel": 9,
  "LoadRequiredState": 0,
  "LoadSync": false,
  "CanUnloadAsync": false,
  "LoadPriority": 0,
  "ImageUrls": [
    "https://raw.githubusercontent.com/AtmoOmen/CurrencyTracker/master/Assets/img1.png",
    "https://raw.githubusercontent.com/AtmoOmen/CurrencyTracker/master/Assets/img2.png"
  ],
  "Punchline": "Track your Currencies' Changes!",
  "Changelog": "- UI Adjustments:\n  - Custom Tracker now is above currencies listbox.\n  - Reformed the interface of Custom Tracker, which should bring much performance improvement.\n  - Now the Delete button in Custom Tracker is merged with the Hide button above currencies listbox. When selecting a preset currency, the Hide button will be displayed, while when selecting a custom currency, the delete button will be displayed.\n- BUG Fixes / Functional Adjustments:\n  - Fix an issue that cause Chat Mode failing in some certain situations.\n  - Fixed compatibility issues with Custom Tracker and some new features.\n  - Modified the code logic after adding currency in Custom Tracker\n  - Modified the logic of the Min Value, and optimized the code logic for handling currency changes that occur after the Duty is completed but still within the Duty area\n  - The switch of Track In Duty no longer affects the display of Min Value button",
  "AcceptsFeedback": true
}