{
  "Author": "AtmoOmen",
  "Name": "Currency Tracker",
  "InternalName": "CurrencyTracker",
  "AssemblyVersion": "1.2.4.2",
  "Description": "Aimed to help you track changes of various in-game currencies and record them as transactions.\nAlso provides features for queries, graphs, exporting data, and custom currencies tracker.",
  "ApplicableVersion": "any",
  "RepoUrl": "https://github.com/AtmoOmen/CurrencyTracker",
  "Tags": [
    "Money",
    "Currency",
    "Tracker"
  ],
  "DalamudApiLevel": 9,
  "LoadRequiredState": 0,
  "LoadSync": false,
  "CanUnloadAsync": false,
  "LoadPriority": 0,
  "ImageUrls": [
    "https://raw.githubusercontent.com/AtmoOmen/CurrencyTracker/master/Assets/img1.png",
    "https://raw.githubusercontent.com/AtmoOmen/CurrencyTracker/master/Assets/img2.png"
  ],
  "Punchline": "Track your Currencies' Changes!",
  "Changelog": "- Fixed a bug of not refreshing transactions when using the /ct command to open the main window when a certain currency was previously selected.",
  "AcceptsFeedback": true
}