{
  "Author": "AtmoOmen",
  "Name": "Currency Tracker",
  "InternalName": "CurrencyTracker",
  "AssemblyVersion": "1.3.0.0",
  "Description": "Track changes of Currencies and Record them as Transactions!\n\nAlso allow you to query, export, add custom currencies tracker and view visualized data.",
  "ApplicableVersion": "any",
  "RepoUrl": "https://github.com/AtmoOmen/CurrencyTracker",
  "Tags": [
    "Money",
    "Currency",
    "Tracker"
  ],
  "DalamudApiLevel": 9,
  "LoadRequiredState": 0,
  "LoadSync": false,
  "CanUnloadAsync": false,
  "LoadPriority": 0,
  "ImageUrls": [
    "https://raw.githubusercontent.com/AtmoOmen/CurrencyTracker/master/Assets/img1.png",
    "https://raw.githubusercontent.com/AtmoOmen/CurrencyTracker/master/Assets/img2.png"
  ],
  "Punchline": "Track your Currencies' Changes!",
  "Changelog": "- Fixed a bug where incorrect character data was loaded after switching characters.\n- Completely rewrote the code logic for handling multiple characters.\n- Added a help page.\n- Completely rewrote Trackers. Now, different functions will exist as modules, allowing you to freely combine them in the Record Settings [DEV].\n- Added a feature to record the Content/Duty name as a note.\n- Added a feature to record the Teleport Costs.\n- Added a feature to wait for the completion of a trade/exchange before checking for currency changes.\n- Added preliminary functions for recording Gold Saucer-related information (Triple Triad, Mini Cactpot).\n- All text search functions within the plugin are now: (English) case-insensitive, (Simplified Chinese) with support for Pinyin input.",
  "AcceptsFeedback": true
}