{
  "Author": "AtmoOmen",
  "Name": "Currency Tracker",
  "InternalName": "CurrencyTracker",
  "AssemblyVersion": "1.3.0.1",
  "Description": "Track changes of Currencies and Record them as Transactions!\n\nAlso allow you to query, export, add custom currencies tracker and view visualized data.",
  "ApplicableVersion": "any",
  "RepoUrl": "https://github.com/AtmoOmen/CurrencyTracker",
  "Tags": [
    "Money",
    "Currency",
    "Tracker",
    "Transaction"
  ],
  "DalamudApiLevel": 9,
  "LoadRequiredState": 0,
  "LoadSync": false,
  "CanUnloadAsync": false,
  "LoadPriority": 0,
  "ImageUrls": [
    "https://raw.githubusercontent.com/AtmoOmen/CurrencyTracker/master/Assets/img1.png",
    "https://raw.githubusercontent.com/AtmoOmen/CurrencyTracker/master/Assets/img2.png"
  ],
  "Punchline": "Track your Currencies' Changes!",
  "Changelog": "- Improved code logic for Record TP Destination feature\n- Added Record Quest Name feature (located in Record Settings[DEV])",
  "AcceptsFeedback": true
}