{
  "Author": "AtmoOmen",
  "Name": "Currency Tracker",
  "InternalName": "CurrencyTracker",
  "AssemblyVersion": "1.3.0.2",
  "Description": "Track changes of Currencies and Record them as Transactions!\n\nAlso allow you to query, export, add custom currencies tracker and view visualized data.",
  "ApplicableVersion": "any",
  "RepoUrl": "https://github.com/AtmoOmen/CurrencyTracker",
  "Tags": [
    "Money",
    "Currency",
    "Tracker",
    "Transaction"
  ],
  "DalamudApiLevel": 9,
  "LoadRequiredState": 0,
  "LoadSync": false,
  "CanUnloadAsync": false,
  "LoadPriority": 0,
  "ImageUrls": [
    "https://raw.githubusercontent.com/AtmoOmen/CurrencyTracker/master/Assets/img1.png",
    "https://raw.githubusercontent.com/AtmoOmen/CurrencyTracker/master/Assets/img2.png"
  ],
  "Punchline": "Track your Currencies' Changes!",
  "Changelog": "- Improve recording features related to Gold Sacuer.\n- Fixed bug in writing incorrect location for quest related transactions.\n- Add Record Trade Target feature.\n- Modified some Trackers' code logic.",
  "AcceptsFeedback": true
}