{
  "Author": "AtmoOmen",
  "Name": "Currency Tracker",
  "InternalName": "CurrencyTracker",
  "AssemblyVersion": "1.2.4.1",
  "Description": "Aimed to help you track changes of various in-game currencies and record them as transactions.\nAlso provides features for queries, graphs, exporting data, and custom currencies tracker.",
  "ApplicableVersion": "any",
  "RepoUrl": "https://github.com/AtmoOmen/CurrencyTracker",
  "Tags": [
    "Money",
    "Currency",
    "Tracker"
  ],
  "DalamudApiLevel": 9,
  "LoadRequiredState": 0,
  "LoadSync": false,
  "CanUnloadAsync": false,
  "LoadPriority": 0,
  "ImageUrls": [
    "https://raw.githubusercontent.com/AtmoOmen/CurrencyTracker/master/Assets/img1.png",
    "https://raw.githubusercontent.com/AtmoOmen/CurrencyTracker/master/Assets/img2.png"
  ],
  "Punchline": "Track your Currencies' Changes!",
  "Changelog": "- Preset currencies have been reduced from 19 to 3 (Now: Gil, Tomestones with/without weekly capped [exclude Poetic]). So you can delete most of them instead of just hiding now.\n- Optimised the problem that the mouse wheel page flip function was too sensitive\n- Custom Tracker now also supports mouse wheel page flipping.",
  "AcceptsFeedback": true
}