{
  "Author": "goat, modded by Franz",
  "Name": "Discord Chat Bridge",
  "InternalName": "Dalamud.DiscordBridge",
  "AssemblyVersion": "1.4.0.0",
  "Description": "This plugin allows you to receive your chat messages via Discord.",
  "ApplicableVersion": "any",
  "RepoUrl": "https://github.com/reiichi001/Dalamud.DiscordBridge",
  "Tags": [
    "discord",
    "chat"
  ],
  "DalamudApiLevel": 8,
  "LoadRequiredState": 0,
  "LoadSync": false,
  "LoadPriority": 0,
  "Punchline": "Receive your chat messages via Discord.",
  "AcceptsFeedback": true
}