{
  "Author": "MidoriKami",
  "Name": "SortaKinda",
  "InternalName": "SortaKinda",
  "AssemblyVersion": "1.0.0.0",
  "Description": "Sort your inventory however you want and keep it sorted.\n\n/sorta help → Display all available commands",
  "ApplicableVersion": "any",
  "RepoUrl": "https://github.com/MidoriKami/SortaKinda",
  "Tags": [
    "utility"
  ],
  "CategoryTags": [
    "Utility",
    "Other"
  ],
  "DalamudApiLevel": 8,
  "LoadRequiredState": 0,
  "LoadSync": false,
  "CanUnloadAsync": false,
  "LoadPriority": 0,
  "Punchline": "Total customization of your inventory",
  "AcceptsFeedback": false
}