{
  "Author": "MidoriKami",
  "Name": "SortaKinda",
  "InternalName": "SortaKinda",
  "AssemblyVersion": "2.1.0.1",
  "Description": "Sort your inventory however you want and keep it sorted.",
  "ApplicableVersion": "any",
  "RepoUrl": "https://github.com/MidoriKami/SortaKinda",
  "Tags": [
    "utility"
  ],
  "CategoryTags": [
    "Utility",
    "Other"
  ],
  "DalamudApiLevel": 11,
  "LoadRequiredState": 0,
  "LoadSync": false,
  "CanUnloadAsync": false,
  "LoadPriority": 0,
  "Punchline": "Total customization of your inventory",
  "AcceptsFeedback": false
}