{
  "CommandHelpMessage": {
    "message": "Abre la ventana de \"Distant Seas\".",
    "description": "Displayed in the Plugin Installer as the description for the /pseas command."
  },
  "TimeDay": {
    "message": "Dia",
    "description": "A time of day. Displayed in the Schedules section, and on a tooltip in the overlay."
  },
  "TimeSunset": {
    "message": "Puesta de sol",
    "description": "A time of day. Displayed in the Schedules section, and on a tooltip in the overlay."
  },
  "TimeNight": {
    "message": "Noche",
    "description": "A time of day. Displayed in the Schedules section, and on a tooltip in the overlay."
  },
  "VoyageMissionTypeShark": {
    "message": "Tiburón",
    "description": "A type of fish, used in voyage missions. Displayed on a tooltip in the overlay."
  },
  "VoyageMissionTypeJellyfish": {
    "message": "Aguamala",
    "description": "A type of fish, used in voyage missions. Displayed on a tooltip in the overlay."
  },
  "VoyageMissionTypeCrab": {
    "message": "Cangrejo",
    "description": "A type of fish, used in voyage missions. Displayed on a tooltip in the overlay."
  },
  "VoyageMissionTypeFugu": {
    "message": "Pez Globo",
    "description": "A type of fish, used in voyage missions. Displayed on a tooltip in the overlay."
  },
  "VoyageMissionTypeSquid": {
    "message": "Calamar",
    "description": "A type of fish, used in voyage missions. Displayed on a tooltip in the overlay."
  },
  "VoyageMissionTypeShrimp": {
    "message": "Camarones",
    "description": "A type of fish, used in voyage missions. Displayed on a tooltip in the overlay."
  },
  "VoyageMissionTypeShellfish": {
    "message": "Mariscos",
    "description": "A type of fish, used in voyage missions. Displayed on a tooltip in the overlay."
  },
  "ZoneText": {
    "message": "Zona {0}",
    "description": "Displayed in the overlay, to the right of the zone name. The input is a number between 1 and 3."
  },
  "ZoneHoverText": {
    "message": "Haga clic para obtener una vista previa de otras zonas. La información meteorológica (y, por lo tanto, el pescado sugerido) puede no ser precisa.",
    "description": "Displayed in the overlay, when hovering over the current zone."
  },
  "OverlayWindowSpectralHeader": {
    "message": "Espectral",
    "description": "Displayed in the overlay."
  },
  "OverlayWindowIntuitionHeader": {
    "message": "Intuición",
    "description": "Displayed in the overlay."
  },
  "OverlayWindowVoyageHeader": {
    "message": "Viaje",
    "description": "Displayed in the overlay."
  },
  "OverlayWindowNormalHeader": {
    "message": "Todo",
    "description": "Displayed in the overlay."
  },
  "OverlayIntTime": {
    "message": "Este pez requiere intuición para atrapar. El efecto de intuición dura {0} segundos.",
    "description": "Displayed in the overlay."
  },
  "OverlayTooltipBiteTime": {
    "message": "Tiempo de mordida: {0}",
    "description": "Displayed in a tooltip in the overlay."
  },
  "OverlayTooltipBitePower": {
    "message": "Poder de mordida: {0}",
    "description": "Displayed in a tooltip in the overlay."
  },
  "OverlayTooltipStars": {
    "message": "Estrellas: {0}",
    "description": "Displayed in a tooltip in the overlay."
  },
  "OverlayTooltipVoyageMissionType": {
    "message": "Tipo de misión de viaje: {0}",
    "description": "Displayed in a tooltip in the overlay."
  },
  "OverlayTooltipBaitSwitch": {
    "message": "Haga clic para cambiar a este cebo.",
    "description": "Displayed in a tooltip in the overlay."
  },
  "AboutSection": {
    "message": "Acerca de",
    "description": "The name of a section, displayed on the left sidebar of the main window."
  },
  "AboutSectionHeader": {
    "message": "\"Distant Seas\", hecho por NotNite",
    "description": "Displayed in the About tab."
  },
  "AboutSectionVersion": {
    "message": "Versión {0}",
    "description": "Displayed in the About tab."
  },
  "AboutSectionDescriptionStart": {
    "message": "\"Distant Seas\" no serían posibles sin estas personas :",
    "description": "Displayed in the About tab."
  },
  "AboutSectionPohky": {
    "message": "Pohky , por ayudar al ingeniero inverso Ocean Fishing",
    "description": "Displayed in a bullet point in the About tab."
  },
  "AboutSectionTyoto": {
    "message": "Tyo'to Tayuun, por su hoja de cálculos de Ocean Fishing",
    "description": "Displayed in a bullet point in the About tab."
  },
  "AboutSectionPillowfication": {
    "message": "pillowfication, para su sitio web de Ocean Fishing",
    "description": "Displayed in a bullet point in the About tab."
  },
  "AboutSectionFishcord": {
    "message": "Miembros del servidor Fisherman's Horizon Discord, por su sabiduría pesquera",
    "description": "Displayed in a bullet point in the About tab."
  },
  "AboutSectionGoatPlace": {
    "message": "Miembros del servidor XIVLauncher & Dalamud Discord, por su sabiduría de desarrollo",
    "description": "Displayed in a bullet point in the About tab."
  },
  "AboutSectionButtonGitHub": {
    "message": "Código / problemas de código abierto",
    "description": "Displayed on a clickable button at the bottom of the About tab."
  },
  "AboutSectionButtonDonate": {
    "message": "Done al desarrollador del complemento",
    "description": "Displayed on a clickable button at the bottom of the About tab."
  },
  "JournalSection": {
    "message": "Diario",
    "description": "Displayed in the Journal section, most likely on a button or table header."
  },
  "JournalActive": {
    "message": "El barco actual está siendo rastreado activamente en el diario.",
    "description": "Displayed at the top of the Journal section."
  },
  "JournalEnabled": {
    "message": "El diario está habilitado, pero actualmente no se está rastreando ningún barco.",
    "description": "Displayed at the top of the Journal section."
  },
  "JournalDisabled": {
    "message": "El diario está deshabilitado.",
    "description": "Displayed at the top of the Journal section."
  },
  "JournalSectionRefresh": {
    "message": "Actualizar",
    "description": "Displayed in the Journal section, most likely on a button or table header."
  },
  "JournalSectionDate": {
    "message": "Fecha",
    "description": "Displayed in the Journal section, most likely on a button or table header."
  },
  "JournalSectionRoute": {
    "message": "Ruta",
    "description": "Displayed in the Journal section, most likely on a button or table header."
  },
  "JournalSectionTime": {
    "message": "Tiempo",
    "description": "Displayed in the Journal section, most likely on a button or table header."
  },
  "JournalSectionPoints": {
    "message": "Puntos",
    "description": "Displayed in the Journal section, most likely on a button or table header."
  },
  "JournalSectionSpectrals": {
    "message": "Espectrales",
    "description": "Displayed in the Journal section, most likely on a button or table header."
  },
  "JournalSectionButtons": {
    "message": "Botones",
    "description": "Displayed in the Journal section, most likely on a button or table header."
  },
  "JournalSectionButtonDelete": {
    "message": "Eliminar",
    "description": "Displayed in the Journal section, most likely on a button or table header."
  },
  "JournalSectionButtonDeleteTooltip": {
    "message": "Esto no se puede deshacer. Mantenga el control para habilitar este botón.",
    "description": "Displayed in the Journal section, most likely on a button or table header."
  },
  "LeaderboardSection": {
    "message": "Tabla de clasificación",
    "description": "Displayed in the Leaderboard section."
  },
  "LeaderboardSectionSoon": {
    "message": "pronto:tm:",
    "description": "Displayed in the Leaderboard section."
  },
  "LeaderboardSectionSoon2": {
    "message": "La clasificación es un trabajo en progreso: esten atentos!",
    "description": "Displayed in the Leaderboard section."
  },
  "ProgressSection": {
    "message": "Progreso",
    "description": "Displayed in the Progress section, most likely on a table header."
  },
  "ProgressSectionHeadsUp": {
    "message": "Se ve mal? Abra el menú Logros para sincronizar el estado de finalización y seleccione En un Barco V para sincronizar los puntos totales.",
    "description": "Displayed in the Progress section, most likely on a table header."
  },
  "ProgressSectionCompleted": {
    "message": "Completado",
    "description": "Displayed in the Progress section, most likely on a table header."
  },
  "ProgressSectionIcon": {
    "message": "Icono",
    "description": "Displayed in the Progress section, most likely on a table header."
  },
  "ProgressSectionName": {
    "message": "Nombre",
    "description": "Displayed in the Progress section, most likely on a table header."
  },
  "ProgressSectionDescription": {
    "message": "Descripción",
    "description": "Displayed in the Progress section, most likely on a table header."
  },
  "SchedulesSection": {
    "message": "Horarios",
    "description": "Displayed in the Schedules section, most likely on a table header."
  },
  "SchedulesSectionRoute": {
    "message": "Ruta",
    "description": "Displayed in the Schedules section, most likely on a table header."
  },
  "SchedulesSectionAmount": {
    "message": "Cantidad de horarios para mostrar",
    "description": "Displayed in the Schedules section, most likely on a table header."
  },
  "SchedulesSectionTime": {
    "message": "Tiempo",
    "description": "Displayed in the Schedules section, most likely on a table header."
  },
  "SchedulesSectionDate": {
    "message": "Fecha",
    "description": "Displayed in the Schedules section, most likely on a table header."
  },
  "RelativeDatePast": {
    "message": "en el pasado",
    "description": "Displayed in the Schedules section, representing a relative date. The input is a number."
  },
  "RelativeDateBoarding": {
    "message": "embarque",
    "description": "Displayed in the Schedules section, representing a relative date. The input is a number."
  },
  "RelativeDateSeconds": {
    "message": "en {0} segundos",
    "description": "Displayed in the Schedules section, representing a relative date. The input is a number."
  },
  "RelativeDateMinutes": {
    "message": "en {0} minutos",
    "description": "Displayed in the Schedules section, representing a relative date. The input is a number."
  },
  "RelativeDateHours": {
    "message": "en {0} horas",
    "description": "Displayed in the Schedules section, representing a relative date. The input is a number."
  },
  "RelativeDateDays": {
    "message": "en {0} días",
    "description": "Displayed in the Schedules section, representing a relative date. The input is a number."
  },
  "SettingsSection": {
    "message": "Configuraciones",
    "description": "The name of a section, displayed on the left sidebar of the main window."
  },
  "SettingsShowOverlay": {
    "message": "Mostrar superposición",
    "description": "Displayed in the Settings tab - most likely a label accompanied by a configurable option."
  },
  "SettingsShowOverlayDescription": {
    "message": "Cuando esté en Ocean Fishing, dibuja una superposición con información sobre su barco actual.",
    "description": "Displayed in the Settings tab, as a help label next to a configurable option."
  },
  "SettingsAlarmEnabled": {
    "message": "Habilitar alarma",
    "description": "Displayed in the Settings tab - most likely a label accompanied by a configurable option."
  },
  "SettingsAlarmEnabledDescription": {
    "message": "Publica un mensaje en el chat (y opcionalmente reproduce un sonido) antes del próximo barco.",
    "description": "Displayed in the Settings tab, as a help label next to a configurable option."
  },
  "SettingsJournalEnabled": {
    "message": "Habilitar diario",
    "description": "Displayed in the Settings tab - most likely a label accompanied by a configurable option."
  },
  "SettingsJournalEnabledDescription": {
    "message": "Guarda un registro de cada barco en el que estás. Deshabilitar esto no eliminará registros antiguos.",
    "description": "Displayed in the Settings tab, as a help label next to a configurable option."
  },
  "SettingsOceanFishingBaitsOnly": {
    "message": "Prefiere cebos de pesca oceánica",
    "description": "Displayed in the Settings tab - most likely a label accompanied by a configurable option."
  },
  "SettingsOceanFishingBaitsOnlyDescription": {
    "message": "Prefiere Ragworm, Krill y Plump Worm como cebos cuando sea posible.",
    "description": "Displayed in the Settings tab, as a help label next to a configurable option."
  },
  "SettingsPreferDynamicSuggestions": {
    "message": "Prefiere sugerencias dinámicas",
    "description": "Displayed in the Settings tab - most likely a label accompanied by a configurable option."
  },
  "SettingsPreferDynamicSuggestionsDescription": {
    "message": "Use cebo con la menor superposición de tiempo de mordida en lugar de cebos definidos por la comunidad. Probablemente será menos preciso.",
    "description": "Displayed in the Settings tab, as a help label next to a configurable option."
  },
  "SettingsLockOverlay": {
    "message": "Superposición de bloqueo",
    "description": "Displayed in the Settings tab - most likely a label accompanied by a configurable option."
  },
  "SettingsHideVanillaOverlay": {
    "message": "Esconder la superposición original",
    "description": "Displayed in the Settings tab - most likely a label accompanied by a configurable option."
  },
  "SettingsHideVanillaOverlayDescription": {
    "message": "Oculta el registro de pesca de caza base y las misiones de viaje.",
    "description": "Displayed in the Settings tab, as a help label next to a configurable option."
  },
  "SettingsScrollFish": {
    "message": "Agregue la barra de desplazamiento al pez",
    "description": "Displayed in the Settings tab - most likely a label accompanied by a configurable option."
  },
  "SettingsSortFish": {
    "message": "Agrupar peces por tipo",
    "description": "Displayed in the Settings tab - most likely a label accompanied by a configurable option."
  },
  "SettingsSortFishDescription": {
    "message": "Agrupa peces en pestañas.",
    "description": "Displayed in the Settings tab, as a help label next to a configurable option."
  },
  "SettingsDrawVoyageMissions": {
    "message": "Mostrar misiones de viaje",
    "description": "Displayed in the Settings tab - most likely a label accompanied by a configurable option."
  },
  "SettingsHideFinishedMissions": {
    "message": "Esconder misiones de viaje terminadas",
    "description": "Displayed in the Settings tab - most likely a label accompanied by a configurable option."
  },
  "SettingsDrawFishNames": {
    "message": "Mostrar nombres de peces",
    "description": "Displayed in the Settings tab - most likely a label accompanied by a configurable option."
  },
  "SettingsDrawFishRanges": {
    "message": "Mostrar tiempos de picadura de pescado",
    "description": "Displayed in the Settings tab - most likely a label accompanied by a configurable option."
  },
  "SettingsDrawIntTimes": {
    "message": "Mostrar duraciones de intuición",
    "description": "Displayed in the Settings tab - most likely a label accompanied by a configurable option."
  },
  "SettingsDrawIntTimesDescription": {
    "message": "Para los peces que requieren que se capte la intuición, muestra la duración de la intuición junto a sus íconos.",
    "description": "Displayed in the Settings tab, as a help label next to a configurable option."
  },
  "SettingsDrawFishPoints": {
    "message": "Mostrar puntos promedio de pescado",
    "description": "Displayed in the Settings tab - most likely a label accompanied by a configurable option."
  },
  "SettingsDrawFishPointsDescription": {
    "message": "Dibuja los puntos máximos que se pueden obtener de cada pez. Esto se calcula por el rendimiento máximo de pescado multiplicado por los puntos promedio.",
    "description": "Displayed in the Settings tab, as a help label next to a configurable option."
  },
  "SettingsDrawSpectralColors": {
    "message": "Cambiar el color en las corrientes espectrales",
    "description": "Displayed in the Settings tab - most likely a label accompanied by a configurable option."
  },
  "SettingsDrawSpectralColorsDescription": {
    "message": "Indique visualmente que está en una corriente espectral teñiendo el color de fondo azul.",
    "description": "Displayed in the Settings tab, as a help label next to a configurable option."
  },
  "SettingsAlarmMinutes": {
    "message": "Minutos antes de disparar",
    "description": "Displayed in the Settings tab - most likely a label accompanied by a configurable option."
  },
  "SettingsAlarmSoundEnabled": {
    "message": "Reproducir sonido",
    "description": "Displayed in the Settings tab - most likely a label accompanied by a configurable option."
  },
  "SettingsAlarmSound": {
    "message": "Sonido",
    "description": "Displayed in the Settings tab - most likely a label accompanied by a configurable option."
  },
  "SettingsAlarmSoundDescription": {
    "message": "El sonido para reproducir cuando se activa la alarma. Esto es lo mismo que los sonidos <se.X> en el chat.",
    "description": "Displayed in the Settings tab, as a help label next to a configurable option."
  },
  "AlarmMessage": {
    "message": "[Distant Seas] Siguiente ruta en {0} minutos.",
    "description": "Displayed in the chat window when the alarm goes off."
  },
  "AboutSectionTranslators": {
    "message": "Un agradecimiento especial a estos encantadores traductores:",
    "description": "Displayed in a bullet point in the About tab."
  }
}