{
  "CommandHelpMessage": {
    "message": "Otwórz okno Distant Seas.",
    "description": "Displayed in the Plugin Installer as the description for the /pseas command."
  },
  "TimeDay": {
    "message": "Dzień",
    "description": "A time of day. Displayed in the Schedules section, and on a tooltip in the overlay."
  },
  "TimeSunset": {
    "message": "Zachód",
    "description": "A time of day. Displayed in the Schedules section, and on a tooltip in the overlay."
  },
  "TimeNight": {
    "message": "Noc",
    "description": "A time of day. Displayed in the Schedules section, and on a tooltip in the overlay."
  },
  "VoyageMissionTypeShark": {
    "message": "Rekin",
    "description": "A type of fish, used in voyage missions. Displayed on a tooltip in the overlay."
  },
  "VoyageMissionTypeJellyfish": {
    "message": "Meduza",
    "description": "A type of fish, used in voyage missions. Displayed on a tooltip in the overlay."
  },
  "VoyageMissionTypeCrab": {
    "message": "Krab",
    "description": "A type of fish, used in voyage missions. Displayed on a tooltip in the overlay."
  },
  "VoyageMissionTypeFugu": {
    "message": "Fugu",
    "description": "A type of fish, used in voyage missions. Displayed on a tooltip in the overlay."
  },
  "VoyageMissionTypeSquid": {
    "message": "Kałamarnica",
    "description": "A type of fish, used in voyage missions. Displayed on a tooltip in the overlay."
  },
  "VoyageMissionTypeShrimp": {
    "message": "Krewetka",
    "description": "A type of fish, used in voyage missions. Displayed on a tooltip in the overlay."
  },
  "VoyageMissionTypeShellfish": {
    "message": "Skorupiak",
    "description": "A type of fish, used in voyage missions. Displayed on a tooltip in the overlay."
  },
  "ZoneText": {
    "message": "Strefa {0}",
    "description": "Displayed in the overlay, to the right of the zone name. The input is a number between 1 and 3."
  },
  "ZoneHoverText": {
    "message": "Kliknij aby zobaczyć inne strefy. Informacje o pogodzie (i w tym sugerowane ryby) mogą być niedokładne.",
    "description": "Displayed in the overlay, when hovering over the current zone."
  },
  "OverlayWindowSpectralHeader": {
    "message": "Widmo",
    "description": "Displayed in the overlay."
  },
  "OverlayWindowIntuitionHeader": {
    "message": "Intuicja",
    "description": "Displayed in the overlay."
  },
  "OverlayWindowVoyageHeader": {
    "message": "Rejs",
    "description": "Displayed in the overlay."
  },
  "OverlayWindowNormalHeader": {
    "message": "Wszystkie",
    "description": "Displayed in the overlay."
  },
  "OverlayIntTime": {
    "message": "Ta ryba potrzebuje intuicji żeby ją złapać. Efekt intuicji trwa {0} sekund.",
    "description": "Displayed in the overlay."
  },
  "OverlayTooltipBiteTime": {
    "message": "Czas ugryzienia: {0}",
    "description": "Displayed in a tooltip in the overlay."
  },
  "OverlayTooltipBitePower": {
    "message": "Moc ugryzienia: {0}",
    "description": "Displayed in a tooltip in the overlay."
  },
  "OverlayTooltipStars": {
    "message": "Gwiazdy: {0}",
    "description": "Displayed in a tooltip in the overlay."
  },
  "OverlayTooltipVoyageMissionType": {
    "message": "Typ misji podróżniczej: {0}",
    "description": "Displayed in a tooltip in the overlay."
  },
  "OverlayTooltipBaitSwitch": {
    "message": "Kliknij aby zmienić na tą przynęte.",
    "description": "Displayed in a tooltip in the overlay."
  },
  "AboutSection": {
    "message": "Informacja",
    "description": "The name of a section, displayed on the left sidebar of the main window."
  },
  "AboutSectionHeader": {
    "message": "Distant Seas, od NotNite",
    "description": "Displayed in the About tab."
  },
  "AboutSectionVersion": {
    "message": "Wersja {0}",
    "description": "Displayed in the About tab."
  },
  "AboutSectionButtonGitHub": {
    "message": "Otwórz kod źródłowy/problemy",
    "description": "Displayed on a clickable button at the bottom of the About tab."
  },
  "AboutSectionButtonDonate": {
    "message": "Podaruj dla dewelopera pluginu",
    "description": "Displayed on a clickable button at the bottom of the About tab."
  },
  "AboutSectionDescriptionStart": {
    "message": "Distant Seas nie mógłby być zrealizowany bez tych ludzi:",
    "description": "Displayed in the About tab."
  },
  "AboutSectionPohky": {
    "message": "Pohky, za pomoc w inżynierii wstecznej Wedkarstwa Oceanowej",
    "description": "Displayed in a bullet point in the About tab."
  },
  "AboutSectionTyoto": {
    "message": "Tyo'to Tayuun, za ich arkusz Wędkarstwa Oceanowej",
    "description": "Displayed in a bullet point in the About tab."
  },
  "AboutSectionPillowfication": {
    "message": "pillowfication, za ich stronę Wędkarstwa Oceanowej",
    "description": "Displayed in a bullet point in the About tab."
  },
  "AboutSectionFishcord": {
    "message": "Członkowie serwera Discord Fisherman's Horizon, za ich wędkarską mądrość",
    "description": "Displayed in a bullet point in the About tab."
  },
  "AboutSectionGoatPlace": {
    "message": "Członkowie serwera XIVLauncher & Dalamud Discord, za ich mądrość programistyczną",
    "description": "Displayed in a bullet point in the About tab."
  },
  "AboutSectionTranslators": {
    "message": "Specjalne podziękowania dla tych wspaniałych tłumaczy:",
    "description": "Displayed in a bullet point in the About tab."
  },
  "JournalSection": {
    "message": "Dziennik",
    "description": "Displayed in the Journal section, most likely on a button or table header."
  },
  "JournalActive": {
    "message": "Bieżąca łódź jest aktywnie śledzona w dzienniku.",
    "description": "Displayed at the top of the Journal section."
  },
  "JournalEnabled": {
    "message": "Dziennik jest włączony, ale obecnie nie jest śledzona żadna łódź.",
    "description": "Displayed at the top of the Journal section."
  },
  "JournalDisabled": {
    "message": "Dziennik jest wyłączony.",
    "description": "Displayed at the top of the Journal section."
  },
  "JournalSectionRefresh": {
    "message": "Odśwież",
    "description": "Displayed in the Journal section, most likely on a button or table header."
  },
  "JournalSectionDate": {
    "message": "Data",
    "description": "Displayed in the Journal section, most likely on a button or table header."
  },
  "JournalSectionRoute": {
    "message": "Trasa",
    "description": "Displayed in the Journal section, most likely on a button or table header."
  },
  "JournalSectionTime": {
    "message": "Czas",
    "description": "Displayed in the Journal section, most likely on a button or table header."
  },
  "JournalSectionPoints": {
    "message": "Punkty",
    "description": "Displayed in the Journal section, most likely on a button or table header."
  },
  "JournalSectionSpectrals": {
    "message": "Widma",
    "description": "Displayed in the Journal section, most likely on a button or table header."
  },
  "JournalSectionButtons": {
    "message": "Guziki",
    "description": "Displayed in the Journal section, most likely on a button or table header."
  },
  "JournalSectionButtonDelete": {
    "message": "Usuń",
    "description": "Displayed in the Journal section, most likely on a button or table header."
  },
  "JournalSectionButtonDeleteTooltip": {
    "message": "Tego nie można cofnąć. Przytrzymaj Control, aby włączyć ten przycisk.",
    "description": "Displayed in the Journal section, most likely on a button or table header."
  },
  "LeaderboardSection": {
    "message": "Ranking",
    "description": "Displayed in the Leaderboard section."
  },
  "LeaderboardSectionSoon": {
    "message": "wkrótce:tm:",
    "description": "Displayed in the Leaderboard section."
  },
  "LeaderboardSectionSoon2": {
    "message": "Ranking jest nadal robiony - czekajcie!",
    "description": "Displayed in the Leaderboard section."
  },
  "ProgressSection": {
    "message": "Postęp",
    "description": "Displayed in the Progress section, most likely on a table header."
  },
  "ProgressSectionHeadsUp": {
    "message": "Wygląda źle? Otwórz menu Osiągnięcia, aby zsynchronizować stan ukończenia, i wybierz Na łodzi V, aby zsynchronizować łączną liczbę punktów.",
    "description": "Displayed in the Progress section, most likely on a table header."
  },
  "ProgressSectionCompleted": {
    "message": "Zakończony",
    "description": "Displayed in the Progress section, most likely on a table header."
  },
  "ProgressSectionIcon": {
    "message": "Ikona",
    "description": "Displayed in the Progress section, most likely on a table header."
  },
  "ProgressSectionName": {
    "message": "Nazwa",
    "description": "Displayed in the Progress section, most likely on a table header."
  },
  "ProgressSectionDescription": {
    "message": "Opis",
    "description": "Displayed in the Progress section, most likely on a table header."
  },
  "SchedulesSection": {
    "message": "Harmonogramy",
    "description": "Displayed in the Schedules section, most likely on a table header."
  },
  "SchedulesSectionRoute": {
    "message": "Trasa",
    "description": "Displayed in the Schedules section, most likely on a table header."
  },
  "SchedulesSectionAmount": {
    "message": "Liczba harmonogramów do pokazania",
    "description": "Displayed in the Schedules section, most likely on a table header."
  },
  "SchedulesSectionTime": {
    "message": "Czas",
    "description": "Displayed in the Schedules section, most likely on a table header."
  },
  "SchedulesSectionDate": {
    "message": "Data",
    "description": "Displayed in the Schedules section, most likely on a table header."
  },
  "RelativeDatePast": {
    "message": "w przeszłości",
    "description": "Displayed in the Schedules section, representing a relative date. The input is a number."
  },
  "RelativeDateBoarding": {
    "message": "abordaż",
    "description": "Displayed in the Schedules section, representing a relative date. The input is a number."
  },
  "RelativeDateSeconds": {
    "message": "za {0} sekund{ę}",
    "description": "Displayed in the Schedules section, representing a relative date. The input is a number."
  },
  "RelativeDateMinutes": {
    "message": "za {0} minut",
    "description": "Displayed in the Schedules section, representing a relative date. The input is a number."
  },
  "RelativeDateHours": {
    "message": "za {0} godzin(ę)",
    "description": "Displayed in the Schedules section, representing a relative date. The input is a number."
  },
  "RelativeDateDays": {
    "message": "za {0} dni/dzień",
    "description": "Displayed in the Schedules section, representing a relative date. The input is a number."
  },
  "SettingsSection": {
    "message": "Ustawienia",
    "description": "The name of a section, displayed on the left sidebar of the main window."
  },
  "SettingsShowOverlay": {
    "message": "Pokaż nadkładkę",
    "description": "Displayed in the Settings tab - most likely a label accompanied by a configurable option."
  },
  "SettingsShowOverlayDescription": {
    "message": "Kiedy w Wedkarstwie Oceanowej, pokazuje nadkładkę z informacją o obecnej łodzi.",
    "description": "Displayed in the Settings tab, as a help label next to a configurable option."
  },
  "SettingsAlarmEnabled": {
    "message": "Włącz alarm",
    "description": "Displayed in the Settings tab - most likely a label accompanied by a configurable option."
  },
  "SettingsAlarmEnabledDescription": {
    "message": "Publikuje wiadomość na czacie (i opcjonalnie odtwarza dźwięk) przed następną łodzią.",
    "description": "Displayed in the Settings tab, as a help label next to a configurable option."
  },
  "SettingsJournalEnabled": {
    "message": "Włącz dziennik",
    "description": "Displayed in the Settings tab - most likely a label accompanied by a configurable option."
  },
  "SettingsJournalEnabledDescription": {
    "message": "Zapisuje dziennik każdej łodzi, na której się znajdujesz. Wyłączenie tej opcji nie spowoduje usunięcia starych dzienników.",
    "description": "Displayed in the Settings tab, as a help label next to a configurable option."
  },
  "SettingsOceanFishingBaitsOnly": {
    "message": "Preferuj przynęty Wedkarstwa Oceanowej",
    "description": "Displayed in the Settings tab - most likely a label accompanied by a configurable option."
  },
  "SettingsOceanFishingBaitsOnlyDescription": {
    "message": "Preferuje Ragworm, Krill i Plump Worm jako przynęty, kiedy możliwe.",
    "description": "Displayed in the Settings tab, as a help label next to a configurable option."
  },
  "SettingsPreferDynamicSuggestions": {
    "message": "Preferuj dynamiczne sugestie",
    "description": "Displayed in the Settings tab - most likely a label accompanied by a configurable option."
  },
  "SettingsPreferDynamicSuggestionsDescription": {
    "message": "Używaj przynęty o jak najmniejszym nakładaniu się czasu ugryzienia zamiast przynęt zdefiniowanych przez społeczność. Prawdopodobnie będzie mniej dokładny.",
    "description": "Displayed in the Settings tab, as a help label next to a configurable option."
  },
  "SettingsLockOverlay": {
    "message": "Zablokuj nadkładkę",
    "description": "Displayed in the Settings tab - most likely a label accompanied by a configurable option."
  },
  "SettingsHideVanillaOverlay": {
    "message": "Ukryj oryginalną nadkładkę",
    "description": "Displayed in the Settings tab - most likely a label accompanied by a configurable option."
  },
  "SettingsHideVanillaOverlayDescription": {
    "message": "Ukrywa dziennik połowów i misje podróży z gry podstawowej.",
    "description": "Displayed in the Settings tab, as a help label next to a configurable option."
  },
  "SettingsScrollFish": {
    "message": "Dodaj pasek przewijania do ryb",
    "description": "Displayed in the Settings tab - most likely a label accompanied by a configurable option."
  },
  "SettingsSortFish": {
    "message": "Pogrupuj ryby według rodzaju",
    "description": "Displayed in the Settings tab - most likely a label accompanied by a configurable option."
  },
  "SettingsSortFishDescription": {
    "message": "Grupuje ryby w karty.",
    "description": "Displayed in the Settings tab, as a help label next to a configurable option."
  },
  "SettingsDrawVoyageMissions": {
    "message": "Pokaż misje podróżnicze",
    "description": "Displayed in the Settings tab - most likely a label accompanied by a configurable option."
  },
  "SettingsHideFinishedMissions": {
    "message": "Ukryj ukończone misje podróży",
    "description": "Displayed in the Settings tab - most likely a label accompanied by a configurable option."
  },
  "SettingsDrawFishNames": {
    "message": "Pokaż nazwy ryb",
    "description": "Displayed in the Settings tab - most likely a label accompanied by a configurable option."
  },
  "SettingsDrawFishRanges": {
    "message": "Pokaż czas ugryzenia ryb",
    "description": "Displayed in the Settings tab - most likely a label accompanied by a configurable option."
  },
  "SettingsDrawIntTimes": {
    "message": "Pokaż czas trwania intuicji",
    "description": "Displayed in the Settings tab - most likely a label accompanied by a configurable option."
  },
  "SettingsDrawIntTimesDescription": {
    "message": "W przypadku ryb, które wymagają intuicji do złowienia, obok ich ikon wyświetlany jest czas trwania intuicji.",
    "description": "Displayed in the Settings tab, as a help label next to a configurable option."
  },
  "SettingsDrawFishPoints": {
    "message": "Pokaż średnie punkty ryb",
    "description": "Displayed in the Settings tab - most likely a label accompanied by a configurable option."
  },
  "SettingsDrawFishPointsDescription": {
    "message": "Pokazuje maksymalną liczbę punktów, które można uzyskać z każdej ryby. Jest to obliczane przez pomnożenie maksymalnej wydajności ryb przez średnią punktów.",
    "description": "Displayed in the Settings tab, as a help label next to a configurable option."
  },
  "SettingsDrawSpectralColors": {
    "message": "Zmień kolor w prądach widmowych",
    "description": "Displayed in the Settings tab - most likely a label accompanied by a configurable option."
  },
  "SettingsDrawSpectralColorsDescription": {
    "message": "Wizualnie zaznacz, że znajdujesz się w prądzie widmowym, zmieniając kolor tła na niebieski.",
    "description": "Displayed in the Settings tab, as a help label next to a configurable option."
  },
  "SettingsAlarmMinutes": {
    "message": "Minuty przed uruchomieniem",
    "description": "Displayed in the Settings tab - most likely a label accompanied by a configurable option."
  },
  "SettingsAlarmSoundEnabled": {
    "message": "Odtwórz dźwięk",
    "description": "Displayed in the Settings tab - most likely a label accompanied by a configurable option."
  },
  "SettingsAlarmSound": {
    "message": "Dzwięk",
    "description": "Displayed in the Settings tab - most likely a label accompanied by a configurable option."
  },
  "SettingsAlarmSoundDescription": {
    "message": "Dźwięk odtwarzany po uruchomieniu alarmu. To jest to samo, co dźwięk <se.X> na czacie.",
    "description": "Displayed in the Settings tab, as a help label next to a configurable option."
  },
  "AlarmMessage": {
    "message": "[Distant Seas] Następna trasa za {0} minut(ę).",
    "description": "Displayed in the chat window when the alarm goes off."
  }
}