{
  "Author": "Infi, Caitlyn",
  "Name": "Death Roll Helper",
  "InternalName": "DeathRoll",
  "AssemblyVersion": "1.5.6.0",
  "Description": "Plugin to help with a number of dice games. Also offers games like Tic-Tac-Toe, Minesweeper and Bahamood.",
  "ApplicableVersion": "any",
  "RepoUrl": "https://github.com/caitlyn-gg/DeathRoll",
  "Tags": [
    "deathroll",
    "plugin",
    "random",
    "dice",
    "highlight",
    "blocklist",
    "blackjack",
    "tournament",
    "bahamood"
  ],
  "DalamudApiLevel": 14,
  "LoadRequiredState": 0,
  "LoadSync": false,
  "CanUnloadAsync": false,
  "LoadPriority": 0,
  "Punchline": "Plugin to help with a number of dice games. Also offers games like Tic-Tac-Toe, Minesweeper and Bahamood.",
  "AcceptsFeedback": true
}