{
  "Author": "Infi, X'pahtalo",
  "Name": "Duty Tracker",
  "InternalName": "DutyTracker",
  "AssemblyVersion": "1.0.5.0",
  "Description": "Track some duty info. /dt open the menu",
  "ApplicableVersion": "any",
  "RepoUrl": "https://github.com/Infiziert90/DutyTracker",
  "Tags": [
    "Duty",
    "Tracking",
    "Trials",
    "Savage"
  ],
  "DalamudApiLevel": 14,
  "LoadRequiredState": 0,
  "LoadSync": false,
  "CanUnloadAsync": false,
  "LoadPriority": 0,
  "Punchline": "Track some duty info.",
  "AcceptsFeedback": true
}