{
  "Author": "attickdoor",
  "Name": "Ability Ants",
  "InternalName": "AbilityAnts",
  "AssemblyVersion": "1.0.0.3",
  "Description": "For the WoW player who can't live without WeakAuras lighting up a button when it's off CD. /pants to configure.",
  "ApplicableVersion": "any",
  "Tags": [
    "combat",
    "ability",
    "ants",
    "aura"
  ],
  "DalamudApiLevel": 11,
  "LoadRequiredState": 0,
  "LoadSync": false,
  "CanUnloadAsync": false,
  "LoadPriority": 0,
  "Punchline": "Draw ants when things are off cooldown.",
  "AcceptsFeedback": true
}