{
  "Author": "Blooym",
  "Name": "Wholist",
  "InternalName": "Wholist",
  "AssemblyVersion": "1.6.0.0",
  "Description": "Show nearby players in a stylish way, inspired by the \"/who\" command from World of Warcraft\n\nFeatures:\n- Minimalistic interface that can be scaled down to become part of your HUD.\n- Player context menu items for examining, searching on the Lodestone and more.\n- Customizable colours & behaviour.",
  "ApplicableVersion": "any",
  "RepoUrl": "https://github.com/Blooym/Wholist",
  "Tags": [
    "Player list"
  ],
  "CategoryTags": [
    "UI",
    "Social"
  ],
  "DalamudApiLevel": 10,
  "LoadRequiredState": 0,
  "LoadSync": false,
  "CanUnloadAsync": false,
  "LoadPriority": 0,
  "Punchline": "Show nearby players in a stylish way, inspired by the \"/who\" command from World of Warcraft.",
  "AcceptsFeedback": true
}