{
  "Author": "Lynie",
  "Name": "Absolute Roleplay",
  "InternalName": "AbsoluteRoleplay",
  "AssemblyVersion": "0.0.3.0",
  "Description": "An all around Roleplay Plugin.",
  "ApplicableVersion": "any",
  "Tags": [
    "Absolute",
    "Roleplay",
    "RP"
  ],
  "DalamudApiLevel": 14,
  "LoadRequiredState": 0,
  "LoadSync": false,
  "CanUnloadAsync": false,
  "LoadPriority": 0,
  "Punchline": "A plugin for creating profiles, groups and soon stat sheets, quests and events!",
  "AcceptsFeedback": true
}