{
  "Author": "Hiroa",
  "Name": "LazyGatherer",
  "InternalName": "LazyGatherer",
  "AssemblyVersion": "1.3.3.0",
  "Description": "Display the optimal rotation for maximum yield with your current GP.",
  "ApplicableVersion": "any",
  "RepoUrl": "https://github.com/Hiroa/LazyGatherer",
  "Tags": [
    "utility"
  ],
  "DalamudApiLevel": 14,
  "LoadRequiredState": 0,
  "LoadSync": false,
  "CanUnloadAsync": false,
  "LoadPriority": 0,
  "IconUrl": "https://raw.githubusercontent.com/Hiroa/LazyGatherer/main/LazyGatherer/Asset/icon.png",
  "Punchline": "Optimize your GP.",
  "AcceptsFeedback": true
}