{
  "Author": "Era",
  "Name": "Shop Item Revealer",
  "InternalName": "ShopItemRevealer",
  "AssemblyVersion": "1.2.0.0",
  "Description": "ShopItemRevealer",
  "ApplicableVersion": "any",
  "RepoUrl": "https://github.com/Era-FFXIV/ShopItemRevealer",
  "Tags": [
    "utility",
    "vendor",
    "shop"
  ],
  "DalamudApiLevel": 14,
  "LoadRequiredState": 0,
  "LoadSync": false,
  "CanUnloadAsync": false,
  "LoadPriority": 0,
  "Punchline": "Shows you what items vendors won't sell you yet.",
  "AcceptsFeedback": true
}