{
  "Author": "Era",
  "Name": "Shop Item Revealer",
  "InternalName": "ShopItemRevealer",
  "AssemblyVersion": "1.1.4.0",
  "Description": "Opens a window when speaking with a supported vendor, showing items that are not unlocked and what their conditions are. It checks quests, achievements, and reputation requirements.",
  "ApplicableVersion": "any",
  "RepoUrl": "https://github.com/Era-FFXIV/ShopItemRevealer",
  "Tags": [
    "utility",
    "vendor",
    "shop"
  ],
  "DalamudApiLevel": 13,
  "LoadRequiredState": 0,
  "LoadSync": false,
  "CanUnloadAsync": false,
  "LoadPriority": 0,
  "Punchline": "Shows you what items vendors won't sell you yet.",
  "AcceptsFeedback": true
}