{
  "Config.FriendLoggedOutMessage": {
    "message": "{0} hat sich ausgeloggt.",
    "description": "Configuration..ctor"
  },
  "Connection.Successful": {
    "message": "Erfolgreich mit der API verbunden.",
    "description": "TStrings.get_ConnectionSuccessful"
  },
  "Connection.Error": {
    "message": "Beim Verbinden mit der API ist ein Fehler aufgetreten.",
    "description": "TStrings.get_ConnectionError"
  },
  "Settings.Tab.Settings": {
    "message": "Einstellungen",
    "description": "TStrings.get_SettingsTabSettings"
  },
  "Settings.Tab.Connection": {
    "message": "Verbindung",
    "description": "TStrings.get_SettingsTabConnection"
  },
  "Settings.Tab.Debug": {
    "message": "Debuggen",
    "description": "TStrings.get_SettingsTabDebug"
  },
  "Settings.Support": {
    "message": "Spenden / Unterstützung",
    "description": "TStrings.get_SettingsSupportText"
  },
  "Settings.ViewStatus": {
    "message": "Anzeigestatus",
    "description": "TStrings.get_SettingsViewStatusText"
  },
  "Settings.Connection.APIConnected": {
    "message": "Du bist mit der API verbunden und empfängst Ereignisse.",
    "description": "TStrings.get_SettingsAPIConnected"
  },
  "Settings.Connection.APIOnlineUsers": {
    "message": "Benutzer Online: {0}",
    "description": "TStrings.SettingsAPIOnlineUsers"
  },
  "Settings.Connection.APIDisconnected": {
    "message": "Du bist nicht der API verbunden und empfängst keine Ereignisse.",
    "description": "TStrings.get_SettingsAPIDisconnected"
  },
  "Settings.Connection.APIDisconnectedDesc": {
    "message": "Du solltest automatisch Wiederverbunden werden, sobald die API verfügbar ist. Wenn Du die Verbindung manuell wiederherstellen möchtest, kannst Du das über die Schaltfläche unten versuchen. Weitere Informationen dazu, warum Du nicht verbunden bist, findest Du im Chat mithilfe des Kommandos /xllog",
    "description": "TStrings.get_SettingsAPIDisconnectedDesc"
  },
  "Settings.Connection.TryReconnect": {
    "message": "Erneut versuchen zu verbinden",
    "description": "TStrings.get_SettingsAPITryReconnect"
  },
  "Settings.Connection.NotLoggedIn": {
    "message": "Du musst dich mit einem Charakter einloggen, um dich mit der API zu verbinden",
    "description": "TStrings.get_SettingsAPINotLoggedIn"
  },
  "Settings.Connection.Log": {
    "message": "Ereignisprotokoll",
    "description": "TStrings.get_SettingsAPILogTitle"
  },
  "Settings.Connections.Log.Desc": {
    "message": "Du wirst Ereignisse für Freunde im Protokoll unten sehen, wenn Du welche erhälst.",
    "description": "TStrings.get_SettingsAPILogDesc"
  },
  "Settings.Connection.Log.Time": {
    "message": "Zeit",
    "description": "TStrings.get_SettingsAPILogTime"
  },
  "Settings.Connection.Log.Player": {
    "message": "Spieler",
    "description": "TStrings.get_SettingsAPILogPlayer"
  },
  "Settings.Connection.Log.Event": {
    "message": "Ereignis",
    "description": "TStrings.get_SettingsAPILogEvent"
  },
  "Settings.HideSameFC": {
    "message": "FG-Mitglieder ausblenden",
    "description": "TStrings.get_SettingsHideSameFC"
  },
  "Settings.HideSameFC.Tooltip": {
    "message": "Wenn aktiviert, wirst Du nicht benachrichtigt, wenn ein Freund aus deiner Freien Gesellschaft ein- oder ausloggt.",
    "description": "TStrings.get_SettingsHideSameTCTooltip"
  },
  "Settings.APIEventNotifications": {
    "message": "API-Ereignisbenachrichtigungen",
    "description": "TStrings.get_SettingsAPIEventNotifications"
  },
  "Settings.APIEventNotifications.Tooltip": {
    "message": "Toastbenachrichtigungen für Ereignisse von der API anzeigen (z. B. Verbindungsfehler usw.)",
    "description": "TStrings.get_SettingsAPIEventNotificationsTooltip"
  },
  "Settings.Enabled": {
    "message": "Aktiviert",
    "description": "TStrings.get_SettingsEnabled"
  },
  "Settings.Disabled": {
    "message": "Deaktiviert",
    "description": "TStrings.get_SettingsDisabled"
  },
  "Settings.NotificationType": {
    "message": "Benachrichtigungstyp",
    "description": "TStrings.get_SettingsNotificationType"
  },
  "Settings.NotificationType.Tooltip": {
    "message": "Der Ort, an dem Benachrichtigungen angezeigt werden, wenn sich ein Freund ein- oder ausloggt.",
    "description": "TStrings.get_SettingsNotificationTypeTooltip"
  },
  "Settings.LoginMessage": {
    "message": "Login-Nachricht",
    "description": "TStrings.get_SettingsLoginMessage"
  },
  "Settings.LoginMessage.Tooltip": {
    "message": "Die Nachricht, die angezeigt wird, wenn sich ein Freund einloggt.\n\n{0}: Name des Freundes.",
    "description": "TStrings.get_SettingsLoginMessageTooltip"
  },
  "Settings.LogoutMessage": {
    "message": "Logout-Nachricht",
    "description": "TStrings.get_SettingsLogoutMessage"
  },
  "Settings.LogoutMessage.Tooltip": {
    "message": "Die Nachricht, die angezeigt wird, wenn sich ein Freund ausloggt.\n\n{0}: Name des Freundes.",
    "description": "TStrings.get_SettingsLogoutMessageTooltip"
  },
  "Settings.FriendshipCode": {
    "message": "Freundschaftscode",
    "description": "TStrings.get_SettingsFriendshipCode"
  },
  "Settings.FriendshipCode.Hint": {
    "message": "Leer lassen, um Benachrichtigungen an alle Freunde zu senden",
    "description": "TStrings.get_SettingsFriendshipCodeHint"
  },
  "Settings.FriendshipCode.Tooltip": {
    "message": "Dein Freundescode bestimmt, mit welchen Freunden Du Benachrichtigungen sendest und empfängst.",
    "description": "TStrings.get_SettingsFriendshipCodeTooltip"
  },
  "Settings.ShowAdvanced": {
    "message": "Zeige erweiterte Einstellungen",
    "description": "TStrings.get_SettingsShowAdvanced"
  },
  "Settings.SaltMode": {
    "message": "Salzmodus",
    "description": "TStrings.get_SettingsSaltMode"
  },
  "Settings.SaltMode.Tooltip": {
    "message": "Streng: Die Validierung erfolgt sowohl über den Friend Code als auch über die Plugin-Assembly (beide Benutzer müssen dieselbe Version des Plugins verwenden).\nEntspannt: Die Validierung erfolgt nur mit Friend Code (Benutzer können Ereignisse von jedem Plugin mit der API erhalten)\n\nBelasse dies auf Streng für die höchste Sicherheit.",
    "description": "TStrings.get_SettingsSaltModeTooltip"
  },
  "Settings.APIURL": {
    "message": "API-URL",
    "description": "TStrings.get_SettingsAPIURL"
  },
  "Settings.APIURL.Tooltip": {
    "message": "Die API, an die alle Ereignisse gesendet und von der sie empfangen werden. Änderungen werden erst wirksam, wenn das Plugin neu geladen wurde.",
    "description": "TStrings.get_SettingsAPIURLTooltip"
  }
}