{
  "Connection.Successful": {
    "message": "Successfully connected to the API.",
    "description": "TStrings.get_ConnectionSuccessful"
  },
  "Connection.Error": {
    "message": "An error occurred while connecting to the API.",
    "description": "TStrings.get_ConnectionError"
  },
  "Settings.Tab.Settings": {
    "message": "Settings",
    "description": "TStrings.get_SettingsTabSettings"
  },
  "Settings.Tab.Connection": {
    "message": "Connection",
    "description": "TStrings.get_SettingsTabConnection"
  },
  "Settings.Tab.Debug": {
    "message": "Debug",
    "description": "TStrings.get_SettingsTabDebug"
  },
  "Settings.Support": {
    "message": "Donate / Support",
    "description": "TStrings.get_SettingsSupportText"
  },
  "Settings.ViewStatus": {
    "message": "View Status",
    "description": "TStrings.get_SettingsViewStatusText"
  },
  "Settings.Connection.APIConnected": {
    "message": "You are connected to the API and recieving events",
    "description": "TStrings.get_SettingsAPIConnected"
  },
  "Settings.Connection.APIOnlineUsers": {
    "message": "Connected Users: {0}",
    "description": "TStrings.SettingsAPIOnlineUsers"
  },
  "Settings.Connection.APIDisconnected": {
    "message": "You are not connected to the API are not recieving events.",
    "description": "TStrings.get_SettingsAPIDisconnected"
  },
  "Settings.Connection.APIDisconnectedDesc": {
    "message": "You should be automatically reconnected when the API becomes available, if you wish to reconnect manually you can try use the button below. For more information about why you're not connected, check /xllog",
    "description": "TStrings.get_SettingsAPIDisconnectedDesc"
  },
  "Settings.Connection.TryReconnect": {
    "message": "Attempt to reconnect",
    "description": "TStrings.get_SettingsAPITryReconnect"
  },
  "Settings.Connection.NotLoggedIn": {
    "message": "You must log in to a character to connect to the API",
    "description": "TStrings.get_SettingsAPINotLoggedIn"
  },
  "Settings.Connection.Log": {
    "message": "Event Log",
    "description": "TStrings.get_SettingsAPILogTitle"
  },
  "Settings.Connections.Log.Desc": {
    "message": "You will see friend events in the log below when you recieve them.",
    "description": "TStrings.get_SettingsAPILogDesc"
  },
  "Settings.Connection.Log.Time": {
    "message": "Time",
    "description": "TStrings.get_SettingsAPILogTime"
  },
  "Settings.Connection.Log.Player": {
    "message": "Player",
    "description": "TStrings.get_SettingsAPILogPlayer"
  },
  "Settings.Connection.Log.Event": {
    "message": "Event",
    "description": "TStrings.get_SettingsAPILogEvent"
  },
  "Settings.Connection.Log.Login": {
    "message": "Login",
    "description": "TStrings.get_SettingsAPILoginEvent"
  },
  "Settings.Connection.Log.Logout": {
    "message": "Logout",
    "description": "TStrings.get_SettingsAPILogoutEvent"
  },
  "Settings.HideSameFC": {
    "message": "Hide FC Members",
    "description": "TStrings.get_SettingsHideSameFC"
  },
  "Settings.HideSameFC.Tooltip": {
    "message": "When enabled, you will not be notified when a friend in your free company logs in or out.",
    "description": "TStrings.get_SettingsHideSameTCTooltip"
  },
  "Settings.APIEventNotifications": {
    "message": "API Event Notifications",
    "description": "TStrings.get_SettingsAPIEventNotifications"
  },
  "Settings.APIEventNotifications.Tooltip": {
    "message": "Show toast notifications for events from the API (eg. connection errors, etc)",
    "description": "TStrings.get_SettingsAPIEventNotificationsTooltip"
  },
  "Settings.Enabled": {
    "message": "Enabled",
    "description": "TStrings.get_SettingsEnabled"
  },
  "Settings.Disabled": {
    "message": "Disabled",
    "description": "TStrings.get_SettingsDisabled"
  },
  "Settings.NotificationType": {
    "message": "Notification Type",
    "description": "TStrings.get_SettingsNotificationType"
  },
  "Settings.NotificationType.Tooltip": {
    "message": "The place to display notifications when a friend logs in or logs out.",
    "description": "TStrings.get_SettingsNotificationTypeTooltip"
  },
  "Settings.LoginMessage": {
    "message": "Login Message",
    "description": "TStrings.get_SettingsLoginMessage"
  },
  "Settings.LoginMessage.Tooltip": {
    "message": "The message to show when a friend logs in.\n\n{0}: Name of the friend.",
    "description": "TStrings.get_SettingsLoginMessageTooltip"
  },
  "Settings.LogoutMessage": {
    "message": "Logout Message",
    "description": "TStrings.get_SettingsLogoutMessage"
  },
  "Settings.LogoutMessage.Tooltip": {
    "message": "The message to show when a friend logs out.\n\n{0}: Name of the friend.",
    "description": "TStrings.get_SettingsLogoutMessageTooltip"
  },
  "Settings.FriendshipCode": {
    "message": "Friendship Code",
    "description": "TStrings.get_SettingsFriendshipCode"
  },
  "Settings.FriendshipCode.Hint": {
    "message": "Leave empty to send notifications to all friends",
    "description": "TStrings.get_SettingsFriendshipCodeHint"
  },
  "Settings.FriendshipCode.Tooltip": {
    "message": "Your friend code determines which friends you send and recieve notifications with.",
    "description": "TStrings.get_SettingsFriendshipCodeTooltip"
  },
  "Settings.ShowAdvanced": {
    "message": "Show Advanced Settings",
    "description": "TStrings.get_SettingsShowAdvanced"
  },
  "Settings.SaltMode": {
    "message": "Salt Mode",
    "description": "TStrings.get_SettingsSaltMode"
  },
  "Settings.SaltMode.Tooltip": {
    "message": "Strict: Validation is done using both Friend Code & Plugin Assembly (Both users must be on the same version of the plugin)\nRelaxed: Validation is only done using Friend Code (Users can recieve events from any plugin using the API)\n\nKeep this on strict for the best security.",
    "description": "TStrings.get_SettingsSaltModeTooltip"
  },
  "Settings.APIURL": {
    "message": "API URL",
    "description": "TStrings.get_SettingsAPIURL"
  },
  "Settings.APIURL.Tooltip": {
    "message": "The API that all events will be sent to and recieved from. Changes do not apply until the plugin has been reloaded.",
    "description": "TStrings.get_SettingsAPIURLTooltip"
  },
  "Settings.APIToken": {
    "message": "API Key",
    "description": "TStrings.get_SettingsAPIToken"
  },
  "Settings.APIToken.Tooltip": {
    "message": "The API bearer token to use when connecting to the API. Changes do not apply until the plugin has been reloaded.",
    "description": "TStrings.get_SettingsAPITokenTooltip"
  },
  "Settings.APIToken.Hint": {
    "message": "You can leave this empty unless you are facing authentication issues.",
    "description": "TStrings.get_SettingsAPITokenHint"
  }
}