{
  "Event.Connection.Status": {
    "message": "Estado de Conexión",
    "description": "Events.get_APIConnectionStatus"
  },
  "Event.Connection.Successful": {
    "message": "Conectado a la API con éxito.",
    "description": "Events.get_APIConnectionSuccess"
  },
  "Event.Connection.Error": {
    "message": "Ha ocurrido un error al conectar a la API.",
    "description": "Events.get_APIConnectionError"
  },
  "Event.Connection.Disconnected": {
    "message": "Desconectado de la API.",
    "description": "Events.get_APIConnectionDisconnected"
  },
  "Event.Connection.Ratelimited": {
    "message": "La API te ha limitado la tasa, se intentará de nuevo más tarde.",
    "description": "Events.get_APIConnectionRatelimited"
  },
  "Event.LoggedIn": {
    "message": "se ha conectado.",
    "description": "Events.get_LoggedIn"
  },
  "Event.LoggedOut": {
    "message": "se ha desconectado.",
    "description": "Events.get_LoggedOut"
  },
  "State.Connected": {
    "message": "Conectado.",
    "description": "State.get_Connected"
  },
  "State.Connected.Description": {
    "message": "Actualmente hay {0} clientes conectados.",
    "description": "State.ConnectedDescription"
  },
  "State.Connecting": {
    "message": "Conectando",
    "description": "State.get_Connecting"
  },
  "State.Connecting.Description": {
    "message": "Conexión en progreso. Por favor, espera.",
    "description": "State.get_ConnectingDescription"
  },
  "State.Ratelimited": {
    "message": "Tasa limitada.",
    "description": "State.get_Ratelimited"
  },
  "State.Ratelimited.Description": {
    "message": "La API ha limitado la tasa del cliente de manera temporal.",
    "description": "State.get_RatelimitedDescription"
  },
  "State.Disconnected": {
    "message": "Desconectado",
    "description": "State.get_Disconnected"
  },
  "State.Disconnected.Description": {
    "message": "Inicia sesión para conectarte a la API.",
    "description": "State.get_DisconnectedDescription"
  },
  "State.ConnectionError": {
    "message": "Error de conexión",
    "description": "State.get_ConnectionError"
  },
  "State.ConnectionError.Description": {
    "message": "Algo ha salido mal con la conexión a la API.",
    "description": "State.get_ConnectionErrorDescription"
  },
  "State.Unknown": {
    "message": "Desconocido",
    "description": "State.get_Unknown"
  },
  "State.Unknown.Description": {
    "message": "No estamos seguros de lo que está pasando aquí.",
    "description": "State.get_UnknownDescription"
  },
  "Window.Dropdown.Options.Status": {
    "message": "Estado",
    "description": "PrimaryWindow.get_DropdownOptionsStatus"
  },
  "Window.Dropdown.Options.Status.Tooltip": {
    "message": "Ver la página de estado de esta instancia de la API.\n({0})",
    "description": "PrimaryWindow.DropdownOptionsStatusTooltip"
  },
  "Window.Dropdown.Options.Support": {
    "message": "Donar",
    "description": "PrimaryWindow.get_DropdownOptionsSupport"
  },
  "Window.Dropdown.Options.Support.Tooltip": {
    "message": "Apoya al desarrollador y el host de instancia de API.",
    "description": "PrimaryWindow.get_DropdownOptionsSupportTooltip"
  },
  "Window.Dropdown.Options.EventLog": {
    "message": "Registro de eventos",
    "description": "PrimaryWindow.get_DropdownOptionsEventLog"
  },
  "Window.Dropdown.Options.EventLog.Tooltip": {
    "message": "Ver el registro de eventos.",
    "description": "PrimaryWindow.get_DropdownOptionsEventLogTooltip"
  },
  "Window.Dropdown.Options.Settings": {
    "message": "Ajustes",
    "description": "PrimaryWindow.get_DropdownOptionsSettings"
  },
  "Window.Dropdown.Options.Settings.Tooltip": {
    "message": "Cambia la configuración de este plugin.",
    "description": "PrimaryWindow.get_DropdownOptionsSettingsTooltip"
  },
  "Window.Dropdown.Settings.Enabled": {
    "message": "Habilitado",
    "description": "PrimaryWindow.get_DropdownSettingsEnabled"
  },
  "Window.Dropdown.Settings.Disabled": {
    "message": "Deshabilitado",
    "description": "PrimaryWindow.get_DropdownSettingsDisabled"
  },
  "Window.Dropdown.Settings.RestartRequired": {
    "message": "Es necesario reiniciar el plugin para aplicar algunos cambios de configuración.",
    "description": "PrimaryWindow.get_DropdownSettingsRestartRequired"
  },
  "Window.Dropdown.Settings.IgnoreFC": {
    "message": "Ignorar miembros de FC",
    "description": "PrimaryWindow.get_DropdownSettingsIgnoreFC"
  },
  "Window.Dropdown.Settings.IgnoreFC.Tooltip": {
    "message": "Ignorar o no las notificaciones de amigos de jugadores en tu Free Company.",
    "description": "PrimaryWindow.get_DropdownSettingsIgnoreFCTooltip"
  },
  "Window.Dropdown.Settings.IgnoreDiffHomeworlds": {
    "message": "Ignorar Otros Mundos de Origen",
    "description": "PrimaryWindow.get_DropdownSettingsIgnoreDiffHomeworlds"
  },
  "Window.Dropdown.Settings.IgnoreDiffHomeworlds.Tooltip": {
    "message": "Ignorar o no notificaciones de amigos que tengan un mundo de origen diferente al tuyo.",
    "description": "PrimaryWindow.get_DropdownSettingsIgnoreDiffHomeworldsTooltip"
  },
  "Window.Dropdown.Settings.IgnoreDiffWorlds": {
    "message": "Ignorar Otros Mundos",
    "description": "PrimaryWindow.get_DropdownSettingsIgnoreDiffWorlds"
  },
  "Window.Dropdown.Settings.IgnoreDiffWorlds.Tooltip": {
    "message": "Ignorar o no notificaciones de amigos que estén actualmente en un mundo diferente al tuyo.",
    "description": "PrimaryWindow.get_DropdownSettingsIgnoreDiffWorldsTooltip"
  },
  "Window.Dropdown.Settings.IgnoreDiffTerritories": {
    "message": "Ignorar Otras Zonas",
    "description": "PrimaryWindow.get_DropdownSettingsIgnoreDiffTerritories"
  },
  "Window.Dropdown.Settings.IgnoreDiffTerritories.Tooltip": {
    "message": "Ignorar o no notificaciones de amigos que estén actualmente en una zona diferente a la tuya.",
    "description": "PrimaryWindow.get_DropdownSettingsIgnoreDiffTerritoriesTooltip"
  },
  "Window.Dropdown.Settings.IgnoreDiffDatacenters": {
    "message": "Ignorar otros Datacenters",
    "description": "PrimaryWindow.get_DropdownSettingsIgnoreDiffDatacenters"
  },
  "Window.Dropdown.Settings.IgnoreDiffDatacenters.Tooltip": {
    "message": "Ignorar o no notificaciones de amigos que estén actualmente en un Datacenter diferente al tuyo.",
    "description": "PrimaryWindow.get_DropdownSettingsIgnoreDiffDatacentersTooltip"
  },
  "Window.Dropdown.Settings.NotificationType": {
    "message": "Tipo de Notificación",
    "description": "PrimaryWindow.get_DropdownSettingsNotificationType"
  },
  "Window.Dropdown.Settings.NotificationType.Tooltip": {
    "message": "El tipo de notificación a mostrar cuando ocurre un evento de amigo.",
    "description": "PrimaryWindow.get_DropdownSettingsNotificationTypeTooltip"
  },
  "Window.Dropdown.Settings.LoginMessage": {
    "message": "Mensaje de inicio de sesión",
    "description": "PrimaryWindow.get_DropdownSettingsLoginMessage"
  },
  "Window.Dropdown.Settings.LoginMessage.Tooltip": {
    "message": "El mensaje a mostrar cuando un amigo inicia sesión.\nEl mensaje debe contener {0} al menos una vez para insertar el nombre del amigo.",
    "description": "PrimaryWindow.get_DropdownSettingsLoginMessageTooltip"
  },
  "Window.Dropdown.Settings.InvalidLoginMessage": {
    "message": "El mensaje de inicio de sesión debe contener {0} al menos una vez para insertar el nombre del amigo.",
    "description": "PrimaryWindow.get_DropdownInvalidLoginMessage"
  },
  "Window.Dropdown.Settings.LogoutMessage": {
    "message": "Mensaje de cierre de sesión",
    "description": "PrimaryWindow.get_DropdownSettingsLogoutMessage"
  },
  "Window.Dropdown.Settings.LogoutMessage.Tooltip": {
    "message": "El mensaje a mostrar cuando un amigo cierra la sesión.\nEl mensaje debe contener {0} al menos una vez para insertar el nombre del amigo.",
    "description": "PrimaryWindow.get_DropdownSettingsLogoutMessageTooltip"
  },
  "Window.Dropdown.Settings.InvalidLogoutMessage": {
    "message": "El mensaje de cierre de sesión debe contener {0} al menos una vez para insertar el nombre del amigo.",
    "description": "PrimaryWindow.get_DropdownInvalidLogoutMessage"
  },
  "Window.Dropdown.Settings.APINotifications": {
    "message": "Notificaciones de API",
    "description": "PrimaryWindow.get_DropdownSettingsAPINotifications"
  },
  "Window.Dropdown.Settings.APINotifications.Tooltip": {
    "message": "Mostrar o no notificaciones cuando el estado de conexión a la API cambie.",
    "description": "PrimaryWindow.get_DropdownSettingsAPINotificationsTooltip"
  },
  "Window.Dropdown.Settings.FriendshipCode": {
    "message": "Código de Amistad",
    "description": "PrimaryWindow.get_DropdownSettingsFriendshipCode"
  },
  "Window.Dropdown.Settings.FriendshipCode.Tooltip": {
    "message": "Tu código de amistad limita a quién envias notificaciones.\nSolo enviarás y recibirás notificaciones de personas que tengan el mismo código.\n\nDeja en blanco para la mejor experiencia.",
    "description": "PrimaryWindow.get_DropdownSettingsFriendshipCodeTooltip"
  },
  "Window.Dropdown.Settings.APIUrl": {
    "message": "URL de la API",
    "description": "PrimaryWindow.get_DropdownSettingsAPIUrl"
  },
  "Window.Dropdown.Settings.APIUrl.Tooltip": {
    "message": "La URL de la instancia de la API a la que conectarse. Deberías confiar en el host de esta instancia antes de conectarte a ella.",
    "description": "PrimaryWindow.get_DropdownSettingsAPIUrlTooltip"
  },
  "Window.Dropdown.Settings.APIUrlInvalid": {
    "message": "La URL de la API no es válida, por favor comprueba que contiene el protocolo (http:// o https://) y el puerto (si es aplicable).",
    "description": "PrimaryWindow.get_DropdownSettingsAPIUrlInvalid"
  },
  "Window.Dropdown.Settings.APIToken": {
    "message": "Token de la API",
    "description": "PrimaryWindow.get_DropdownSettingsAPIToken"
  },
  "Window.Dropdown.Settings.APIToken.Tooltip": {
    "message": "Establece el valor de cabecera 'Autorización' para enviar con todas las solicitudes a la API.\nNecesitarás incluir el esquema de autorización (por ejemplo: portador, básico) antes del valor.\nLa instancia de la API podrá ver este valor, nunca incluyas información sensible como tu contraseña personal.",
    "description": "PrimaryWindow.get_DropdownSettingsAPITokenTooltip"
  },
  "Window.Dropdown.Settings.SaltMethod": {
    "message": "Método de Salt",
    "description": "PrimaryWindow.get_DropdownSettingsSaltMethod"
  },
  "Window.Dropdown.Settings.SaltMethod.Tooltip": {
    "message": "Estricto: La validación se realiza utilizando tanto el Código de Amigo y el Manifiesto del Plugin (los usuarios deben estar usando el mismo plugin, versión y build para el intercambio de eventos)\nRelajado: La validación solo se realiza usando el Código de Amigo (los usuarios pueden intercambiar eventos de cualquier fuente usando la misma API)\n\nDéjalo en estricto para tener la mejor privacidad y seguridad.",
    "description": "PrimaryWindow.get_DropdownSettingsSaltMethodTooltip"
  },
  "Window.Dropdown.Support.Title": {
    "message": "Apoyo y Donaciones",
    "description": "PrimaryWindow.get_DropdownSupportTitle"
  },
  "Window.Dropdown.Support.FlavourText": {
    "message": "Puedes encontrar formas de apoyar al desarrollador del plugin o el host de la API aquí. ¡Se agradece cualquier ayuda!",
    "description": "PrimaryWindow.get_DropdownSupportFlavourText"
  },
  "Window.Dropdown.Support.Button": {
    "message": "Donar",
    "description": "PrimaryWindow.get_DropdownSupportDonate"
  },
  "Window.Dropdown.Support.Developer": {
    "message": "Desarollador del Plugin/Servidor",
    "description": "PrimaryWindow.get_DropdownSupportDeveloper"
  },
  "Window.Dropdown.Support.Developer.Description": {
    "message": "El desarrollador es responsable del código que hace que el Plugin y la API funcionen.",
    "description": "PrimaryWindow.get_DropdownSupportDeveloperDescription"
  },
  "Window.Dropdown.Support.APIHost": {
    "message": "Servidor de Instancia API",
    "description": "PrimaryWindow.get_DropdownSupportAPIHost"
  },
  "Window.Dropdown.Support.APIHost.Description": {
    "message": "El host de instancia de API es responsable de ejecutar y mantener el servidor al que este plugin está conectado.",
    "description": "PrimaryWindow.get_DropdownSupportAPIHostDescription"
  },
  "Window.Dropdown.Support.APIHost.InvalidUri": {
    "message": "El host de instancia API ha proporcionado una URL de soporte no válida.",
    "description": "PrimaryWindow.get_DropdownSupportAPIHostInvalidUri"
  },
  "Window.Dropdown.Logs.Title": {
    "message": "Registros",
    "description": "PrimaryWindow.get_DropdownLogsTitle"
  },
  "Window.Dropdown.Logs.NoLogs": {
    "message": "No hay registros a mostrar.",
    "description": "PrimaryWindow.get_DropdownLogsNoLogs"
  },
  "Window.Dropdown.Logs.ClearAll": {
    "message": "Borrar todo",
    "description": "PrimaryWindow.get_DropdownLogsClearAll"
  },
  "Window.Dropdown.Logs.Copy": {
    "message": "Copiar",
    "description": "PrimaryWindow.get_DropdownLogsCopy"
  },
  "Window.Dropdown.Logs.FilterTooltip": {
    "message": "Establecer el nivel de registro seleccionado, cualquier registro por debajo de este nivel se ocultará.",
    "description": "PrimaryWindow.get_DropdownLogsFilterTooltip"
  },
  "Window.Dropdown.Logs.CopySuccess": {
    "message": "Registro copiado correctamente al portapapeles.",
    "description": "PrimaryWindow.get_DropdownLogsCopySuccess"
  },
  "Window.Dropdown.Logs.Delete": {
    "message": "Eliminar",
    "description": "PrimaryWindow.get_DropdownLogsDelete"
  },
  "Window.Dropdown.Logs.Table.Time": {
    "message": "Hora",
    "description": "PrimaryWindow.get_DropdownLogsTableTime"
  },
  "Window.Dropdown.Logs.Table.Type": {
    "message": "Tipo",
    "description": "PrimaryWindow.get_DropdownLogsTableType"
  },
  "Window.Dropdown.Logs.Table.Message": {
    "message": "Mensaje",
    "description": "PrimaryWindow.get_DropdownLogsTableMessage"
  },
  "Window.Settings.Build.Official": {
    "message": "Build Oficial",
    "description": "PrimaryWindow.get_SettingsOfficialBuild"
  },
  "Window.Settings.Build.Unofficial": {
    "message": "Build no oficial",
    "description": "PrimaryWindow.get_SettingsUnofficialBuild"
  },
  "Window.URLUpdateNag.Title": {
    "message": "{0} - Actualizar desde {1}",
    "description": "URLNagWindow.URLUpdateNagTitle"
  },
  "Window.URLUpdateNag.Text": {
    "message": "Tu instancia configurada recomienda que actualices a una nueva URL de API; esto se debe probablemente a un cambio en el nombre de dominio de la instancia o proveedor de alojamiento.\n\nSi confías en la nueva URL({0}), pulsa el botón de abajo para actualizar la URL de la API para la próxima carga del plugin. De lo contrario, quizá quieras encontrar otro proveedor de instancias.\n\nMantén pulsado Mayús o espera {1} segundos para seleccionar una opción.",
    "description": "URLNagWindow.URLUpdateNagText"
  },
  "Window.URLUpdateNag.Button.Update": {
    "message": "Actualizar URL",
    "description": "URLNagWindow.get_URLUpdateNagButtonUpdate"
  },
  "Window.URLUpdateNag.Button.Ignore": {
    "message": "Ignorar durante esta sesión",
    "description": "URLNagWindow.get_URLUpdateNagButtonIgnore"
  }
}