{
  "Config.FriendLoggedOutMessage": {
    "message": "{0} vient de se déconnecter.",
    "description": "Configuration..ctor"
  },
  "Connection.Successful": {
    "message": "Connexion à l'API réussie.",
    "description": "TStrings.get_ConnectionSuccessful"
  },
  "Connection.Error": {
    "message": "Une erreur s'est produite lors de la connexion à l'API.",
    "description": "TStrings.get_ConnectionError"
  },
  "Settings.Tab.Settings": {
    "message": "Paramètres",
    "description": "TStrings.get_SettingsTabSettings"
  },
  "Settings.Tab.Connection": {
    "message": "Connexion",
    "description": "TStrings.get_SettingsTabConnection"
  },
  "Settings.Tab.Debug": {
    "message": "Débogage",
    "description": "TStrings.get_SettingsTabDebug"
  },
  "Settings.Support": {
    "message": "Faire un don / Soutenir",
    "description": "TStrings.get_SettingsSupportText"
  },
  "Settings.ViewStatus": {
    "message": "Afficher le statut",
    "description": "TStrings.get_SettingsViewStatusText"
  },
  "Settings.Connection.APIConnected": {
    "message": "Vous êtes connecté·e à l'API et recevez les événements",
    "description": "TStrings.get_SettingsAPIConnected"
  },
  "Settings.Connection.APIOnlineUsers": {
    "message": "Utilisateurs en ligne : {0}",
    "description": "TStrings.SettingsAPIOnlineUsers"
  },
  "Settings.Connection.APIDisconnected": {
    "message": "Vous n'êtes pas connecté·e à l'API et ne recevez pas les événements.",
    "description": "TStrings.get_SettingsAPIDisconnected"
  },
  "Settings.Connection.APIDisconnectedDesc": {
    "message": "Vous devriez être automatiquement reconnecté·e lorsque l'API devient disponible ; si vous souhaitez vous reconnecter manuellement, vous pouvez essayez d'utiliser le bouton ci-dessous. Pour plus d'informations sur la raison pour laquelle vous n'avez pas pu vous connecter, vérifiez dans la console de logs via /xllog",
    "description": "TStrings.get_SettingsAPIDisconnectedDesc"
  },
  "Settings.Connection.TryReconnect": {
    "message": "Tentative de reconnexion",
    "description": "TStrings.get_SettingsAPITryReconnect"
  },
  "Settings.Connection.NotLoggedIn": {
    "message": "Vous devez vous connecter avec l'un de vos personnages pour pouvoir vous connecter à l'API",
    "description": "TStrings.get_SettingsAPINotLoggedIn"
  },
  "Settings.Connection.Log": {
    "message": "Journal d'événements",
    "description": "TStrings.get_SettingsAPILogTitle"
  },
  "Settings.Connections.Log.Desc": {
    "message": "Vous verrez les événements de vos ami·e·s dans le journal ci-dessous lorsque vous les recevrez.",
    "description": "TStrings.get_SettingsAPILogDesc"
  },
  "Settings.Connection.Log.Time": {
    "message": "Heure",
    "description": "TStrings.get_SettingsAPILogTime"
  },
  "Settings.Connection.Log.Player": {
    "message": "Personnage",
    "description": "TStrings.get_SettingsAPILogPlayer"
  },
  "Settings.Connection.Log.Event": {
    "message": "Événement",
    "description": "TStrings.get_SettingsAPILogEvent"
  },
  "Settings.HideSameFC": {
    "message": "Cacher les membres de CL",
    "description": "TStrings.get_SettingsHideSameFC"
  },
  "Settings.HideSameFC.Tooltip": {
    "message": "Lorsque cette option est activée, vous ne serez pas notifié·e lorsqu'un·e ami·e de votre compagnie libre se connecte ou se déconnecte.",
    "description": "TStrings.get_SettingsHideSameTCTooltip"
  },
  "Settings.APIEventNotifications": {
    "message": "Notifications d'événement de l'API",
    "description": "TStrings.get_SettingsAPIEventNotifications"
  },
  "Settings.APIEventNotifications.Tooltip": {
    "message": "Afficher des notifications toast pour les événements de l'API (par exemple : erreurs de connexion, etc)",
    "description": "TStrings.get_SettingsAPIEventNotificationsTooltip"
  },
  "Settings.Enabled": {
    "message": "Activé",
    "description": "TStrings.get_SettingsEnabled"
  },
  "Settings.Disabled": {
    "message": "Désactivé",
    "description": "TStrings.get_SettingsDisabled"
  },
  "Settings.NotificationType": {
    "message": "Type de notifications",
    "description": "TStrings.get_SettingsNotificationType"
  },
  "Settings.NotificationType.Tooltip": {
    "message": "L'endroit où afficher les notifications lorsqu'un·e ami·e se connecte ou se déconnecte.",
    "description": "TStrings.get_SettingsNotificationTypeTooltip"
  },
  "Settings.LoginMessage": {
    "message": "Message de connexion",
    "description": "TStrings.get_SettingsLoginMessage"
  },
  "Settings.LoginMessage.Tooltip": {
    "message": "Le message à afficher lorsqu'un·e ami·e se connecte.\n\n{0} = nom de l'ami·e.",
    "description": "TStrings.get_SettingsLoginMessageTooltip"
  },
  "Settings.LogoutMessage": {
    "message": "Message de déconnexion",
    "description": "TStrings.get_SettingsLogoutMessage"
  },
  "Settings.LogoutMessage.Tooltip": {
    "message": "Le message à afficher lorsqu'un·e ami·e se déconnecte.\n\n{0} = nom de l'ami·e.",
    "description": "TStrings.get_SettingsLogoutMessageTooltip"
  },
  "Settings.FriendshipCode": {
    "message": "Code Ami",
    "description": "TStrings.get_SettingsFriendshipCode"
  },
  "Settings.FriendshipCode.Hint": {
    "message": "Laissez vide pour envoyer des notifications à tou·te·s vos ami·e·s",
    "description": "TStrings.get_SettingsFriendshipCodeHint"
  },
  "Settings.FriendshipCode.Tooltip": {
    "message": "Votre code d'ami détermine à quel·le·s ami·e·s vous envoyez et recevez des notifications.",
    "description": "TStrings.get_SettingsFriendshipCodeTooltip"
  },
  "Settings.ShowAdvanced": {
    "message": "Afficher les réglages avancés",
    "description": "TStrings.get_SettingsShowAdvanced"
  },
  "Settings.SaltMode": {
    "message": "Mode de salage",
    "description": "TStrings.get_SettingsSaltMode"
  },
  "Settings.SaltMode.Tooltip": {
    "message": "Strict : la validation est faite à la fois en utilisant le Code Ami et l'Assemblage de Plugin (les deux utilisateur·rice·s doivent avoir la même version du plugin)\nRelaxé : la validation est faite uniquement en utilisant le Code Ami (les utilisateur·rice·s peuvent recevoir des événements de n'importe quel plugin utilisant cette API)\n\nGardez l'option Stricte pour une meilleure sécurité.",
    "description": "TStrings.get_SettingsSaltModeTooltip"
  },
  "Settings.APIURL": {
    "message": "URL de l'API",
    "description": "TStrings.get_SettingsAPIURL"
  },
  "Settings.APIURL.Tooltip": {
    "message": "L'API à laquelle tous les événements seront envoyés et depuis laquelle ils sont reçus. Les modifications ne s'appliquent pas tant que le plugin n'a pas été rechargé.",
    "description": "TStrings.get_SettingsAPIURLTooltip"
  }
}