{
  "Event.Connection.Status": {
    "message": "Statut de la connexion",
    "description": "Events.get_APIConnectionStatus"
  },
  "Event.Connection.Successful": {
    "message": "Connexion à l'API réussie.",
    "description": "Events.get_APIConnectionSuccess"
  },
  "Event.Connection.Error": {
    "message": "Une erreur s'est produite lors de la connexion à l'API.",
    "description": "Events.get_APIConnectionError"
  },
  "Event.Connection.Disconnected": {
    "message": "Déconnecté de l'API.",
    "description": "Events.get_APIConnectionDisconnected"
  },
  "Event.Connection.Ratelimited": {
    "message": "Interactions restreintes par l'API ; des tentatives ultérieures seront automatiquement effectuées.",
    "description": "Events.get_APIConnectionRatelimited"
  },
  "Event.LoggedIn": {
    "message": "vient de se connecter.",
    "description": "Events.get_LoggedIn"
  },
  "Event.LoggedOut": {
    "message": "vient de se déconnecter.",
    "description": "Events.get_LoggedOut"
  },
  "State.Connected": {
    "message": "Connecté",
    "description": "State.get_Connected"
  },
  "State.Connected.Description": {
    "message": "Il y a actuellement {0} clients connectés.",
    "description": "State.ConnectedDescription"
  },
  "State.Connecting": {
    "message": "Connexion en cours",
    "description": "State.get_Connecting"
  },
  "State.Connecting.Description": {
    "message": "Connexion en cours, veuillez patienter.",
    "description": "State.get_ConnectingDescription"
  },
  "State.Ratelimited": {
    "message": "Restreint",
    "description": "State.get_Ratelimited"
  },
  "State.Ratelimited.Description": {
    "message": "L'API a temporairement restreint ce client.",
    "description": "State.get_RatelimitedDescription"
  },
  "State.Disconnected": {
    "message": "Déconnecté",
    "description": "State.get_Disconnected"
  },
  "State.Disconnected.Description": {
    "message": "Connectez-vous pour vous connecter à l'API.",
    "description": "State.get_DisconnectedDescription"
  },
  "State.ConnectionError": {
    "message": "Erreur de connexion",
    "description": "State.get_ConnectionError"
  },
  "State.ConnectionError.Description": {
    "message": "Une erreur s'est produite durant la connexion à l'API.",
    "description": "State.get_ConnectionErrorDescription"
  },
  "State.Unknown": {
    "message": "Inconnu",
    "description": "State.get_Unknown"
  },
  "State.Unknown.Description": {
    "message": "Nous ne savons pas ce qu'il s'est passé par ici.",
    "description": "State.get_UnknownDescription"
  },
  "Window.Dropdown.Options.Status": {
    "message": "Statut",
    "description": "PrimaryWindow.get_DropdownOptionsStatus"
  },
  "Window.Dropdown.Options.Status.Tooltip": {
    "message": "Voir la page de statut de cette instance de l'API.\n({0})",
    "description": "PrimaryWindow.DropdownOptionsStatusTooltip"
  },
  "Window.Dropdown.Options.Support": {
    "message": "Faire un don",
    "description": "PrimaryWindow.get_DropdownOptionsSupport"
  },
  "Window.Dropdown.Options.Support.Tooltip": {
    "message": "Soutenir la développeuse et les coûts d'hébergement de cette instance de l'API.",
    "description": "PrimaryWindow.get_DropdownOptionsSupportTooltip"
  },
  "Window.Dropdown.Options.EventLog": {
    "message": "Journal d'événements",
    "description": "PrimaryWindow.get_DropdownOptionsEventLog"
  },
  "Window.Dropdown.Options.EventLog.Tooltip": {
    "message": "Voir le journal des événements.",
    "description": "PrimaryWindow.get_DropdownOptionsEventLogTooltip"
  },
  "Window.Dropdown.Options.Settings": {
    "message": "Paramètres",
    "description": "PrimaryWindow.get_DropdownOptionsSettings"
  },
  "Window.Dropdown.Options.Settings.Tooltip": {
    "message": "Modifier les paramètres de ce plugin.",
    "description": "PrimaryWindow.get_DropdownOptionsSettingsTooltip"
  },
  "Window.Dropdown.Settings.Enabled": {
    "message": "Activé",
    "description": "PrimaryWindow.get_DropdownSettingsEnabled"
  },
  "Window.Dropdown.Settings.Disabled": {
    "message": "Désactivé",
    "description": "PrimaryWindow.get_DropdownSettingsDisabled"
  },
  "Window.Dropdown.Settings.RestartRequired": {
    "message": "Le redémarrage du plugin est requis pour appliquer certaines des modifications de la configuration.",
    "description": "PrimaryWindow.get_DropdownSettingsRestartRequired"
  },
  "Window.Dropdown.Settings.IgnoreFC": {
    "message": "Masquer les membres de CL",
    "description": "PrimaryWindow.get_DropdownSettingsIgnoreFC"
  },
  "Window.Dropdown.Settings.IgnoreFC.Tooltip": {
    "message": "S'il faut ou non ignorer les notifications de connexion d'ami·e·s de votre Compagnie Libre.",
    "description": "PrimaryWindow.get_DropdownSettingsIgnoreFCTooltip"
  },
  "Window.Dropdown.Settings.IgnoreDiffHomeworlds": {
    "message": "Ignorer les autres mondes",
    "description": "PrimaryWindow.get_DropdownSettingsIgnoreDiffHomeworlds"
  },
  "Window.Dropdown.Settings.IgnoreDiffHomeworlds.Tooltip": {
    "message": "Whether or not to ignore friend notifications from player characters who have a different homeworld than you.",
    "description": "PrimaryWindow.get_DropdownSettingsIgnoreDiffHomeworldsTooltip"
  },
  "Window.Dropdown.Settings.IgnoreDiffWorlds": {
    "message": "Ignore Other Worlds",
    "description": "PrimaryWindow.get_DropdownSettingsIgnoreDiffWorlds"
  },
  "Window.Dropdown.Settings.IgnoreDiffWorlds.Tooltip": {
    "message": "Whether or not to ignore friend notifications from players currently in different worlds than you.",
    "description": "PrimaryWindow.get_DropdownSettingsIgnoreDiffWorldsTooltip"
  },
  "Window.Dropdown.Settings.IgnoreDiffTerritories": {
    "message": "Ignorer les autres zones",
    "description": "PrimaryWindow.get_DropdownSettingsIgnoreDiffTerritories"
  },
  "Window.Dropdown.Settings.IgnoreDiffTerritories.Tooltip": {
    "message": "Whether or not to ignore friend notifications from players currently in different zones.",
    "description": "PrimaryWindow.get_DropdownSettingsIgnoreDiffTerritoriesTooltip"
  },
  "Window.Dropdown.Settings.IgnoreDiffDatacenters": {
    "message": "Ignore Other Datacenters",
    "description": "PrimaryWindow.get_DropdownSettingsIgnoreDiffDatacenters"
  },
  "Window.Dropdown.Settings.IgnoreDiffDatacenters.Tooltip": {
    "message": "Whether or not to ignore friend notifications from players currently on different datacenters.",
    "description": "PrimaryWindow.get_DropdownSettingsIgnoreDiffDatacentersTooltip"
  },
  "Window.Dropdown.Settings.NotificationType": {
    "message": "Type de notifications",
    "description": "PrimaryWindow.get_DropdownSettingsNotificationType"
  },
  "Window.Dropdown.Settings.NotificationType.Tooltip": {
    "message": "Le type de notification à afficher lorsqu'un événement de connexion d'un ami se produit.",
    "description": "PrimaryWindow.get_DropdownSettingsNotificationTypeTooltip"
  },
  "Window.Dropdown.Settings.LoginMessage": {
    "message": "Message de connexion",
    "description": "PrimaryWindow.get_DropdownSettingsLoginMessage"
  },
  "Window.Dropdown.Settings.LoginMessage.Tooltip": {
    "message": "Le message à afficher lorsqu'un·e ami·e se connecte.\n\nUtilisez {0} pour placer le nom de l'ami·e.",
    "description": "PrimaryWindow.get_DropdownSettingsLoginMessageTooltip"
  },
  "Window.Dropdown.Settings.InvalidLoginMessage": {
    "message": "The login message must contain {0} at least once to insert the friend's name.",
    "description": "PrimaryWindow.get_DropdownInvalidLoginMessage"
  },
  "Window.Dropdown.Settings.LogoutMessage": {
    "message": "Message de déconnexion",
    "description": "PrimaryWindow.get_DropdownSettingsLogoutMessage"
  },
  "Window.Dropdown.Settings.LogoutMessage.Tooltip": {
    "message": "Le message à afficher lorsqu'un·e ami·e se déconnecte.\n\nUtilisez {0} pour placer le nom de l'ami·e.",
    "description": "PrimaryWindow.get_DropdownSettingsLogoutMessageTooltip"
  },
  "Window.Dropdown.Settings.InvalidLogoutMessage": {
    "message": "The logout message must contain {0} at least once to insert the friend's name.",
    "description": "PrimaryWindow.get_DropdownInvalidLogoutMessage"
  },
  "Window.Dropdown.Settings.APINotifications": {
    "message": "Notifications de l'API",
    "description": "PrimaryWindow.get_DropdownSettingsAPINotifications"
  },
  "Window.Dropdown.Settings.APINotifications.Tooltip": {
    "message": "Whether or not to notifications when the API connection status changes, this is not related to friend notifications.",
    "description": "PrimaryWindow.get_DropdownSettingsAPINotificationsTooltip"
  },
  "Window.Dropdown.Settings.FriendshipCode": {
    "message": "Code Ami",
    "description": "PrimaryWindow.get_DropdownSettingsFriendshipCode"
  },
  "Window.Dropdown.Settings.FriendshipCode.Tooltip": {
    "message": "Votre Code Ami limite les personnes auxquelles vous envoyez des notifications.\nVous ne verrez et ne recevrez des notifications que de la part des personnes qui disposent du même code.\n\nLaissez vide pour une expérience optimale.",
    "description": "PrimaryWindow.get_DropdownSettingsFriendshipCodeTooltip"
  },
  "Window.Dropdown.Settings.APIUrl": {
    "message": "URL de l'API",
    "description": "PrimaryWindow.get_DropdownSettingsAPIUrl"
  },
  "Window.Dropdown.Settings.APIUrl.Tooltip": {
    "message": "L'URL de l'instance API à laquelle se connecter. Vous devriez être certain de pouvoir faire confiance à l'hôte de cette instance avant d'établir une connexion.",
    "description": "PrimaryWindow.get_DropdownSettingsAPIUrlTooltip"
  },
  "Window.Dropdown.Settings.APIUrlInvalid": {
    "message": "The API URL is invalid, please double check it contains the protocol (http:// or https://) and the port (if applicable).",
    "description": "PrimaryWindow.get_DropdownSettingsAPIUrlInvalid"
  },
  "Window.Dropdown.Settings.APIToken": {
    "message": "Jeton de l'API",
    "description": "PrimaryWindow.get_DropdownSettingsAPIToken"
  },
  "Window.Dropdown.Settings.APIToken.Tooltip": {
    "message": "Définit la valeur de l''en-tête 'Authorization' qui sera envoyé dans toutes les requêtes faites auprès de l'API.\nVous devrez inclure le schéma d'autorisation (par exemple. bearer, basic) avant la valeur en question.\nL'instance de l'API sera en mesure de voir cette valeur ; ne renseignez jamais des informations sensibles comme votre mot de passe de connexion.",
    "description": "PrimaryWindow.get_DropdownSettingsAPITokenTooltip"
  },
  "Window.Dropdown.Settings.SaltMethod": {
    "message": "Méthode de Salage",
    "description": "PrimaryWindow.get_DropdownSettingsSaltMethod"
  },
  "Window.Dropdown.Settings.SaltMethod.Tooltip": {
    "message": "Strict : la validation est faite à la fois en utilisant le Code Ami et le Manifeste de Plugin (les deux utilisateur·rice·s doivent avoir la même version & build du plugin)\nRelaxé : la validation est faite uniquement en utilisant le Code Ami (les utilisateur·rice·s peuvent échanger des événements de n'importe quelle source utilisant cette API)\n\nGardez l'option Stricte pour une meilleure sécurité et protection de votre vie privée.",
    "description": "PrimaryWindow.get_DropdownSettingsSaltMethodTooltip"
  },
  "Window.Dropdown.Settings.FriendslistCaching": {
    "message": "Friendslist Caching",
    "description": "PrimaryWindow.get_DropdownSettingsFriendslistCaching"
  },
  "Window.Dropdown.Settings.FriendslistCaching.Tooltip": {
    "message": "Whether or not to cache the friends list to show notifications when it is unavailable (eg. inside of instanced content).\nDisable to not show notifications when the friends list is unavailable.\n\nNote: When enabling this setting, the cache will not be updated until the next time the friends list is available.",
    "description": "PrimaryWindow.get_DropdownSettingsFriendslistCachingTooltip"
  },
  "Window.Dropdown.Support.Title": {
    "message": "Soutien & dons",
    "description": "PrimaryWindow.get_DropdownSupportTitle"
  },
  "Window.Dropdown.Support.FlavourText": {
    "message": "Vous pouvez trouver ici des moyens de soutenir la développeuse du Plugin ou l'hôte de l'API. Tout support est grandement apprécié!",
    "description": "PrimaryWindow.get_DropdownSupportFlavourText"
  },
  "Window.Dropdown.Support.Button": {
    "message": "Faire un don",
    "description": "PrimaryWindow.get_DropdownSupportDonate"
  },
  "Window.Dropdown.Support.Developer": {
    "message": "Développeuse de Plugin/du Serveur",
    "description": "PrimaryWindow.get_DropdownSupportDeveloper"
  },
  "Window.Dropdown.Support.Developer.Description": {
    "message": "La développeuse est responsable du code qui permet le bon fonctionnement du Plugin et de l'API.",
    "description": "PrimaryWindow.get_DropdownSupportDeveloperDescription"
  },
  "Window.Dropdown.Support.APIHost": {
    "message": "Hôte de l'instance de l'API",
    "description": "PrimaryWindow.get_DropdownSupportAPIHost"
  },
  "Window.Dropdown.Support.APIHost.Description": {
    "message": "L'hôte de l'instance de l'API est responsable de l'exécution et de la maintenance du serveur auquel ce plugin se connecte.",
    "description": "PrimaryWindow.get_DropdownSupportAPIHostDescription"
  },
  "Window.Dropdown.Support.APIHost.InvalidUri": {
    "message": "L'hôte de cette instance de l'API a fourni une URL de soutien invalide.",
    "description": "PrimaryWindow.get_DropdownSupportAPIHostInvalidUri"
  },
  "Window.Dropdown.Logs.Title": {
    "message": "Logs",
    "description": "PrimaryWindow.get_DropdownLogsTitle"
  },
  "Window.Dropdown.Logs.NoLogs": {
    "message": "No logs to display.",
    "description": "PrimaryWindow.get_DropdownLogsNoLogs"
  },
  "Window.Dropdown.Logs.ClearAll": {
    "message": "Clear All",
    "description": "PrimaryWindow.get_DropdownLogsClearAll"
  },
  "Window.Dropdown.Logs.Copy": {
    "message": "Copier",
    "description": "PrimaryWindow.get_DropdownLogsCopy"
  },
  "Window.Dropdown.Logs.FilterTooltip": {
    "message": "Set the selected log level, any logs below this level will be hidden.",
    "description": "PrimaryWindow.get_DropdownLogsFilterTooltip"
  },
  "Window.Dropdown.Logs.CopySuccess": {
    "message": "Successfully copied log to clipboard.",
    "description": "PrimaryWindow.get_DropdownLogsCopySuccess"
  },
  "Window.Dropdown.Logs.Delete": {
    "message": "Delete",
    "description": "PrimaryWindow.get_DropdownLogsDelete"
  },
  "Window.Dropdown.Logs.Table.Time": {
    "message": "Heure",
    "description": "PrimaryWindow.get_DropdownLogsTableTime"
  },
  "Window.Dropdown.Logs.Table.Type": {
    "message": "Type",
    "description": "PrimaryWindow.get_DropdownLogsTableType"
  },
  "Window.Dropdown.Logs.Table.Message": {
    "message": "Message",
    "description": "PrimaryWindow.get_DropdownLogsTableMessage"
  },
  "Window.Settings.Build.Official": {
    "message": "Version officielle",
    "description": "PrimaryWindow.get_SettingsOfficialBuild"
  },
  "Window.Settings.Build.Unofficial": {
    "message": "Version non officielle",
    "description": "PrimaryWindow.get_SettingsUnofficialBuild"
  },
  "Window.Settings.Tab.General": {
    "message": "Général",
    "description": "PrimaryWindow.get_SettingsTabGeneral"
  },
  "Window.Settings.Tab.Advanced": {
    "message": "Avancé",
    "description": "PrimaryWindow.get_SettingsTabAdvanced"
  },
  "Window.URLUpdateNag.Title": {
    "message": "{0} - Mise à jour à partir de {1}",
    "description": "URLNagWindow.URLUpdateNagTitle"
  },
  "Window.URLUpdateNag.Text": {
    "message": "Votre instance configurée vous recommande de mettre à jour votre Plugin vers une nouvelle URL de l'API ; ceci est probablement dû à un changement dans le nom de domaine de l'instance ou le fournisseur d'hébergement.\n\nSi vous faites confiance à cette nouvelle URL ({0}), appuyez sur le bouton ci-dessous pour mettre à jour l'URL de l'API pour le prochain chargement du Plugin. Sinon, vous pourriez souhaiter peut-être trouver un autre fournisseur d'instance API.\n\nMaintenez la touche Shift, ou attendez {1} secondes pouvoir pour sélectionner une option.",
    "description": "URLNagWindow.URLUpdateNagText"
  },
  "Window.URLUpdateNag.Button.Update": {
    "message": "Mettre à jour l'URL",
    "description": "URLNagWindow.get_URLUpdateNagButtonUpdate"
  },
  "Window.URLUpdateNag.Button.Ignore": {
    "message": "Ignorer pour cette session",
    "description": "URLNagWindow.get_URLUpdateNagButtonIgnore"
  }
}