{
  "Author": "Cytraen",
  "Name": "Minimap Marker Magnitude",
  "InternalName": "MinimapMarkerMagnitude",
  "AssemblyVersion": "1.0.0.0",
  "Description": "Changes the size of your minimap's icons.",
  "ApplicableVersion": "any",
  "RepoUrl": "https://github.com/Cytraen/MinimapMarkerMagnitude",
  "Tags": [
    "utility"
  ],
  "CategoryTags": [
    "Utility"
  ],
  "DalamudApiLevel": 12,
  "LoadRequiredState": 0,
  "LoadSync": false,
  "CanUnloadAsync": false,
  "LoadPriority": 0,
  "Punchline": "Modify the magitude of your minimap's markers!",
  "Changelog": "- Update for 7.2",
  "AcceptsFeedback": true
}