{
  "Author": "Era",
  "Name": "Quest Share",
  "InternalName": "QuestShare",
  "AssemblyVersion": "1.1.1.0",
  "Description": "Share quests with your friends so they can follow you on your journey.",
  "ApplicableVersion": "any",
  "RepoUrl": "https://github.com/Era-FFXIV/QuestShare.Plugin",
  "Tags": [
    "utility",
    "questing",
    "coop"
  ],
  "DalamudApiLevel": 14,
  "LoadRequiredState": 0,
  "LoadSync": false,
  "CanUnloadAsync": false,
  "LoadPriority": 0,
  "Punchline": "Share your quest progress with others.",
  "AcceptsFeedback": true
}