{
  "Author": "in1tiate",
  "Name": "Wikilinx Rightclicks",
  "InternalName": "Wikilinx",
  "AssemblyVersion": "0.0.0.3",
  "Description": "Never forget how to get an item again! Just right-click, and *gobbie-BOOM!* Integrates with any community wiki as well as the official Eorzea DB.",
  "ApplicableVersion": "any",
  "Tags": [
    "wiki",
    "context",
    "goblin"
  ],
  "DalamudApiLevel": 12,
  "LoadRequiredState": 0,
  "LoadSync": false,
  "CanUnloadAsync": false,
  "LoadPriority": 0,
  "Punchline": "FFXIV Wiki and Eorzea DB context menu integration",
  "AcceptsFeedback": true
}