{
  "Author": "Infi, Caitlyn",
  "Name": "Better Playtime",
  "InternalName": "BetterPlaytime",
  "AssemblyVersion": "1.4.4.0",
  "Description": "Provides expanded functionality to seamlessly track total playtime.\r\n      Use /btime once on each character to add them.\r\n\r\n      - Customisable output formats such as hours or minutes\r\n      - Automatic playtime tracking after character got registered\r\n      - Simple window to see current session playtime\r\n      - Server Info Bar integration\r\n      - Supports multiple characters\r\n    ",
  "ApplicableVersion": "any",
  "RepoUrl": "https://github.com/caitlyn-gg/BetterPlaytime",
  "Tags": [
    "Playtime",
    "plugin",
    "Time",
    "ServerBar",
    "QoL"
  ],
  "DalamudApiLevel": 14,
  "LoadRequiredState": 0,
  "LoadSync": false,
  "CanUnloadAsync": false,
  "LoadPriority": 0,
  "Punchline": "Ever wanted detailed information on your playtime all the way down to the second?",
  "AcceptsFeedback": true
}