{
  "Author": "Beletre",
  "Name": "Job Mount Roulette",
  "InternalName": "JobMountRoulette",
  "AssemblyVersion": "1.1.0.0",
  "Description": "Job Mount Roulette",
  "ApplicableVersion": "any",
  "RepoUrl": "https://github.com/Beletre/JobMountRoulette",
  "Tags": [
    "mount",
    "plugin",
    "roulette",
    "job"
  ],
  "DalamudApiLevel": 14,
  "LoadRequiredState": 0,
  "LoadSync": false,
  "CanUnloadAsync": false,
  "LoadPriority": 0,
  "IconUrl": "https://raw.githubusercontent.com/Beletre/JobMountRoulette/main/images/icon.png",
  "Punchline": "Customized mount roulette per job.",
  "AcceptsFeedback": true
}