{
  "Author": "ItsBexy",
  "Name": "CrossUp",
  "Punchline": "Customize the Cross Hotbar!",
  "Description": "This plugin provides customizations for the look and feel of the Cross Hotbar\n\n-Split up the left/right hotbars\nDisplay Expanded Hold Controls Separately\n-Customize colors and element positions\n-Greater control over which sets your extra bars are mapped to",
  "InternalName": "crossUp",
  "AssemblyVersion": "1.0.0.1",
  "Tags": [
    "hotbar",
    "ui",
    "gamepad",
    "controller",
    "HUD"
  ]
}
