{
  "Author": "Vielle Janlenoux",
  "Name": "RPP - Roleplay Profiles",
  "InternalName": "RoleplayProfiles",
  "AssemblyVersion": "1.2.0.3",
  "Description": "A plugin for roleplayers, displaying character profiles from Central Archives (centralarchives.org) and its regional RP portals, Chaos Archives (chaosarchives.org) and Crystal Archives (crystalarchives.org), for characters with the RP flag on.",
  "ApplicableVersion": "any",
  "RepoUrl": "https://codeberg.org/Linneris/dalamud-roleplay-profiles",
  "Tags": [
    "roleplay",
    "rp",
    "tooltip"
  ],
  "DalamudApiLevel": 13,
  "LoadRequiredState": 0,
  "LoadSync": false,
  "CanUnloadAsync": false,
  "LoadPriority": 0,
  "IconUrl": "https://codeberg.org/Linneris/dalamud-roleplay-profiles/raw/branch/main/images/icon.png",
  "Punchline": "Display profiles from Chaos Archives, Crystal Archives, and Central Archives in-game",
  "AcceptsFeedback": true
}