{
  "Author": "Vielle Janlenoux",
  "Name": "RPP - Roleplay Profiles",
  "InternalName": "RoleplayProfiles",
  "AssemblyVersion": "1.2.0.4",
  "Description": "Dalamud plugin for in-game roleplay profiles.",
  "ApplicableVersion": "any",
  "RepoUrl": "https://codeberg.org/Linneris/dalamud-roleplay-profiles",
  "Tags": [
    "roleplay",
    "rp",
    "tooltip"
  ],
  "DalamudApiLevel": 14,
  "LoadRequiredState": 0,
  "LoadSync": false,
  "CanUnloadAsync": false,
  "LoadPriority": 0,
  "IconUrl": "https://codeberg.org/Linneris/dalamud-roleplay-profiles/raw/branch/main/images/icon.png",
  "Punchline": "Display profiles from Chaos Archives, Crystal Archives, and Central Archives in-game",
  "AcceptsFeedback": true
}