{
  "Author": "Vielle Janlenoux",
  "Name": "RPP - Roleplay Profiles",
  "InternalName": "RoleplayProfiles",
  "AssemblyVersion": "0.1.0.2",
  "Description": "A plugin for Europe region roleplayers, displaying profiles from Chaos Archives (chaosarchives.org) for characters with the RP flag on.",
  "ApplicableVersion": "any",
  "Tags": [
    "roleplay",
    "rp",
    "tooltip"
  ],
  "DalamudApiLevel": 7,
  "LoadPriority": 0,
  "Punchline": "Display profiles from Chaos Archives (Europe region) in-game"
}