{
  "Author": "Vielle Janlenoux",
  "Name": "RPP - Roleplay Profiles",
  "InternalName": "RoleplayProfiles",
  "AssemblyVersion": "0.2.0.0",
  "Description": "A plugin for Europe region roleplayers, displaying profiles from Chaos Archives (chaosarchives.org) for characters with the RP flag on.",
  "ApplicableVersion": "any",
  "RepoUrl": "https://github.com/Maia-Everett/dalamud-roleplay-profiles",
  "Tags": [
    "roleplay",
    "rp",
    "tooltip"
  ],
  "DalamudApiLevel": 8,
  "LoadRequiredState": 0,
  "LoadSync": false,
  "LoadPriority": 0,
  "IconUrl": "https://raw.githubusercontent.com/Maia-Everett/dalamud-roleplay-profiles/main/images/icon.png",
  "Punchline": "Display profiles from Chaos Archives (Europe region) in-game",
  "AcceptsFeedback": true
}