{
  "Author": "MorCherlf",
  "Name": "DutyPusher",
  "InternalName": "DutyPusher",
  "AssemblyVersion": "0.1.4.4",
  "Description": "DutyPusher",
  "ApplicableVersion": "any",
  "RepoUrl": "https://github.com/MorCherlf/FFXIVDutyPusher",
  "Tags": [
    "utility",
    "Notification"
  ],
  "DalamudApiLevel": 14,
  "LoadRequiredState": 0,
  "LoadSync": false,
  "CanUnloadAsync": false,
  "LoadPriority": 0,
  "IconUrl": "https://raw.githubusercontent.com/MorCherlf/FFXIVDutyPusher/master/Resources/img/icon.png",
  "Punchline": "Push notify to your device when your duty is ready",
  "AcceptsFeedback": true
}