<?xml version="1.0"?>
<doc>
    <assembly>
        <name>SillyChat</name>
    </assembly>
    <members>
        <member name="T:SillyChat.PluginConfig">
            <summary>
            Plugin configuration class used for dalamud.
            </summary>
        </member>
        <member name="P:SillyChat.PluginConfig.Version">
            <inheritdoc/>
        </member>
        <member name="T:SillyChat.SillyChatConfig">
            <summary>
            SillyChat plugin configuration.
            </summary>
        </member>
        <member name="P:SillyChat.SillyChatConfig.FreshInstall">
            <summary>
            Gets or sets a value indicating whether fresh install.
            </summary>
        </member>
        <member name="P:SillyChat.SillyChatConfig.Enabled">
            <summary>
            Gets or sets a value indicating whether plugin is enabled.
            </summary>
        </member>
        <member name="P:SillyChat.SillyChatConfig.TranslationMode">
            <summary>
            Gets or sets translation mode.
            </summary>
        </member>
        <member name="P:SillyChat.SillyChatConfig.ProcessTranslationInterval">
            <summary>
            Gets or sets timer to process intervals for history view.
            </summary>
        </member>
        <member name="P:SillyChat.SillyChatConfig.TranslationHistoryMax">
            <summary>
            Gets or sets max number of translations to keep in history.
            </summary>
        </member>
        <member name="T:SillyChat.SupportedChatType">
            <summary>
            Supported chat types.
            </summary>
        </member>
        <member name="F:SillyChat.SupportedChatType.Say">
            <summary>
            Say.
            </summary>
        </member>
        <member name="F:SillyChat.SupportedChatType.Shout">
            <summary>
            Shout.
            </summary>
        </member>
        <member name="F:SillyChat.SupportedChatType.TellOutgoing">
            <summary>
            TellOuting.
            </summary>
        </member>
        <member name="F:SillyChat.SupportedChatType.TellIncoming">
            <summary>
            TellIncoming.
            </summary>
        </member>
        <member name="F:SillyChat.SupportedChatType.Party">
            <summary>
            Party.
            </summary>
        </member>
        <member name="F:SillyChat.SupportedChatType.Alliance">
            <summary>
            Alliance.
            </summary>
        </member>
        <member name="F:SillyChat.SupportedChatType.Linkshell1">
            <summary>
            Linkshell1.
            </summary>
        </member>
        <member name="F:SillyChat.SupportedChatType.Linkshell2">
            <summary>
            Linkshell2.
            </summary>
        </member>
        <member name="F:SillyChat.SupportedChatType.Linkshell3">
            <summary>
            Linkshell3.
            </summary>
        </member>
        <member name="F:SillyChat.SupportedChatType.Linkshell4">
            <summary>
            Linkshell4.
            </summary>
        </member>
        <member name="F:SillyChat.SupportedChatType.Linkshell5">
            <summary>
            Linkshell5.
            </summary>
        </member>
        <member name="F:SillyChat.SupportedChatType.Linkshell6">
            <summary>
            Linkshell6.
            </summary>
        </member>
        <member name="F:SillyChat.SupportedChatType.Linkshell7">
            <summary>
            Linkshell7.
            </summary>
        </member>
        <member name="F:SillyChat.SupportedChatType.Linkshell8">
            <summary>
            Linkshell8.
            </summary>
        </member>
        <member name="F:SillyChat.SupportedChatType.FreeCompany">
            <summary>
            FreeCompany.
            </summary>
        </member>
        <member name="F:SillyChat.SupportedChatType.NoviceNetwork">
            <summary>
            NoviceNetwork.
            </summary>
        </member>
        <member name="F:SillyChat.SupportedChatType.Yell">
            <summary>
            Yell.
            </summary>
        </member>
        <member name="F:SillyChat.SupportedChatType.CrossParty">
            <summary>
            CrossParty.
            </summary>
        </member>
        <member name="F:SillyChat.SupportedChatType.PvpTeam">
            <summary>
            PvpTeam .
            </summary>
        </member>
        <member name="F:SillyChat.SupportedChatType.CrossLinkshell1">
            <summary>
            CrossLinkshell1.
            </summary>
        </member>
        <member name="F:SillyChat.SupportedChatType.Echo">
            <summary>
            Echo.
            </summary>
        </member>
        <member name="F:SillyChat.SupportedChatType.NpcDialogue">
            <summary>
            NpcDialogue.
            </summary>
        </member>
        <member name="F:SillyChat.SupportedChatType.CrossLinkshell2">
            <summary>
            CrossLinkshell2.
            </summary>
        </member>
        <member name="F:SillyChat.SupportedChatType.CrossLinkshell3">
            <summary>
            CrossLinkshell3.
            </summary>
        </member>
        <member name="F:SillyChat.SupportedChatType.CrossLinkshell4">
            <summary>
            CrossLinkshell4.
            </summary>
        </member>
        <member name="F:SillyChat.SupportedChatType.CrossLinkshell5">
            <summary>
            CrossLinkshell5.
            </summary>
        </member>
        <member name="F:SillyChat.SupportedChatType.CrossLinkshell6">
            <summary>
            CrossLinkshell6.
            </summary>
        </member>
        <member name="F:SillyChat.SupportedChatType.CrossLinkshell7">
            <summary>
            CrossLinkshell7.
            </summary>
        </member>
        <member name="F:SillyChat.SupportedChatType.CrossLinkshell8">
            <summary>
            CrossLinkshell8.
            </summary>
        </member>
        <member name="T:SillyChat.Translation">
            <summary>
            Translation records.
            </summary>
        </member>
        <member name="M:SillyChat.Translation.#ctor(System.String,System.String)">
            <summary>
            Initializes a new instance of the <see cref="T:SillyChat.Translation"/> class.
            </summary>
            <param name="input">Input text to be translated.</param>
            <param name="output">Output text from translation.</param>
        </member>
        <member name="P:SillyChat.Translation.Input">
            <summary>
            Gets or sets input text to be translated.
            </summary>
        </member>
        <member name="P:SillyChat.Translation.Output">
            <summary>
            Gets or sets output text from translation.
            </summary>
        </member>
        <member name="T:SillyChat.TranslationMode">
            <summary>
            Translation mode.
            </summary>
        </member>
        <member name="M:SillyChat.TranslationMode.#ctor(System.Int32,System.String,SillyChat.BaseTranslator)">
            <summary>
            Initializes a new instance of the <see cref="T:SillyChat.TranslationMode"/> class.
            </summary>
            <param name="code">translation code for config/toggle.</param>
            <param name="name">translation name for display.</param>
            <param name="translator">translator class.</param>
        </member>
        <member name="P:SillyChat.TranslationMode.Code">
            <summary>
            Gets translator code.
            </summary>
        </member>
        <member name="P:SillyChat.TranslationMode.Name">
            <summary>
            Gets translator name.
            </summary>
        </member>
        <member name="P:SillyChat.TranslationMode.Translator">
            <summary>
            Gets translator class.
            </summary>
        </member>
        <member name="T:SillyChat.ISillyChatPlugin">
            <summary>
            SillyChat plugin interface.
            </summary>
        </member>
        <member name="P:SillyChat.ISillyChatPlugin.Configuration">
            <summary>
            Gets plugin configuration.
            </summary>
        </member>
        <member name="P:SillyChat.ISillyChatPlugin.TranslationService">
            <summary>
            Gets translation service.
            </summary>
        </member>
        <member name="P:SillyChat.ISillyChatPlugin.HistoryService">
            <summary>
            Gets history service.
            </summary>
        </member>
        <member name="M:SillyChat.ISillyChatPlugin.SaveConfig">
            <summary>
            Save plugin configuration.
            </summary>
        </member>
        <member name="T:SillyChat.SillyChatPlugin">
            <summary>
            SillyChat Plugin.
            </summary>
        </member>
        <member name="M:SillyChat.SillyChatPlugin.#ctor">
            <summary>
            Initializes a new instance of the <see cref="T:SillyChat.SillyChatPlugin"/> class.
            </summary>
        </member>
        <member name="P:SillyChat.SillyChatPlugin.PluginInterface">
            <summary>
            Gets pluginInterface.
            </summary>
        </member>
        <member name="P:SillyChat.SillyChatPlugin.Chat">
            <summary>
            Gets chat gui.
            </summary>
        </member>
        <member name="P:SillyChat.SillyChatPlugin.CommandManager">
            <summary>
            Gets command manager.
            </summary>
        </member>
        <member name="P:SillyChat.SillyChatPlugin.Name">
            <inheritdoc />
        </member>
        <member name="P:SillyChat.SillyChatPlugin.TranslationService">
            <summary>
            Gets translationService.
            </summary>
        </member>
        <member name="P:SillyChat.SillyChatPlugin.HistoryService">
            <summary>
            Gets historyService.
            </summary>
        </member>
        <member name="P:SillyChat.SillyChatPlugin.PluginName">
            <summary>
            Gets or sets plugin name.
            </summary>
        </member>
        <member name="P:SillyChat.SillyChatPlugin.Configuration">
            <inheritdoc/>
        </member>
        <member name="P:SillyChat.SillyChatPlugin.WindowManager">
            <summary>
            Gets or sets window manager.
            </summary>
        </member>
        <member name="M:SillyChat.SillyChatPlugin.SaveConfig">
            <inheritdoc/>
        </member>
        <member name="M:SillyChat.SillyChatPlugin.Dispose">
            <summary>
            Dispose sillyChat plugin.
            </summary>
        </member>
        <member name="T:SillyChat.HistoryService">
            <summary>
            Manage history of translations.
            </summary>
        </member>
        <member name="M:SillyChat.HistoryService.#ctor(SillyChat.ISillyChatPlugin)">
            <summary>
            Initializes a new instance of the <see cref="T:SillyChat.HistoryService"/> class.
            </summary>
            <param name="plugin">SillyChat plugin.</param>
        </member>
        <member name="P:SillyChat.HistoryService.IsProcessing">
            <summary>
            Gets a value indicating whether gets indicator if history is being processed.
            </summary>
        </member>
        <member name="P:SillyChat.HistoryService.TranslationsDisplay">
            <summary>
            Gets list of current historical records for display.
            </summary>
        </member>
        <member name="P:SillyChat.HistoryService.Translations">
            <summary>
            Gets queue for historical translations.
            </summary>
        </member>
        <member name="M:SillyChat.HistoryService.AddTranslation(SillyChat.Translation)">
            <summary>
            Add translation to queue.
            </summary>
            <param name="translation">translation.</param>
        </member>
        <member name="M:SillyChat.HistoryService.Dispose">
            <summary>
            Dispose history service.
            </summary>
        </member>
        <member name="T:SillyChat.TranslationService">
            <summary>
            Orchestrate translation process.
            </summary>
        </member>
        <member name="M:SillyChat.TranslationService.#ctor(SillyChat.ISillyChatPlugin)">
            <summary>
            Initializes a new instance of the <see cref="T:SillyChat.TranslationService"/> class.
            </summary>
            <param name="plugin">SillyChat plugin.</param>
        </member>
        <member name="M:SillyChat.TranslationService.Translate(System.String)">
            <summary>
            Translate.
            </summary>
            <param name="input">untranslated to text.</param>
            <returns>translated text.</returns>
        </member>
        <member name="M:SillyChat.TranslationService.SetTranslationMode(System.Int32)">
            <summary>
            Set translation mode.
            </summary>
            <param name="code">translation mode code.</param>
        </member>
        <member name="M:SillyChat.TranslationService.GetTranslationModeNames">
            <summary>
            Get translation mode names.
            </summary>
            <returns>array of translation mode names.</returns>
        </member>
        <member name="T:SillyChat.AdvancedLeetTranslator">
            <summary>
            SillyChat service.
            </summary>
        </member>
        <member name="M:SillyChat.AdvancedLeetTranslator.#ctor(SillyChat.ISillyChatPlugin)">
            <summary>
            Initializes a new instance of the <see cref="T:SillyChat.AdvancedLeetTranslator"/> class.
            </summary>
            <param name="plugin">SillyChat plugin.</param>
        </member>
        <member name="M:SillyChat.AdvancedLeetTranslator.Translate(System.String)">
            <inheritdoc />
        </member>
        <member name="M:SillyChat.AdvancedLeetTranslator.SetCharacterMapping">
            <inheritdoc />
        </member>
        <member name="T:SillyChat.BaseLeetTranslator">
            <summary>
            SillyChat service.
            </summary>
        </member>
        <member name="F:SillyChat.BaseLeetTranslator.MappedCharacters">
            <summary>
            Mapped characters to replace.
            </summary>
        </member>
        <member name="M:SillyChat.BaseLeetTranslator.#ctor(SillyChat.ISillyChatPlugin)">
            <summary>
            Initializes a new instance of the <see cref="T:SillyChat.BaseLeetTranslator"/> class.
            </summary>
            <param name="plugin">SillyChat plugin.</param>
        </member>
        <member name="M:SillyChat.BaseLeetTranslator.Translate(System.String)">
            <summary>
            Translate.
            </summary>
            <param name="input">string to translate.</param>
            <returns>translated string.</returns>
        </member>
        <member name="M:SillyChat.BaseLeetTranslator.SetCharacterMapping">
            <summary>
            Set character mapping.
            </summary>
        </member>
        <member name="T:SillyChat.BaseTranslator">
            <summary>
            Translator.
            </summary>
        </member>
        <member name="F:SillyChat.BaseTranslator.Plugin">
            <summary>
            SillyChat plugin.
            </summary>
        </member>
        <member name="M:SillyChat.BaseTranslator.#ctor(SillyChat.ISillyChatPlugin)">
            <summary>
            Initializes a new instance of the <see cref="T:SillyChat.BaseTranslator"/> class.
            </summary>
            <param name="plugin">SillyChat plugin.</param>
        </member>
        <member name="M:SillyChat.BaseTranslator.Translate(System.String)">
            <summary>
            Translate input string.
            </summary>
            <param name="input">text to translate.</param>
            <returns>translated text.</returns>
        </member>
        <member name="T:SillyChat.BasicLeetTranslator">
            <summary>
            SillyChat service.
            </summary>
        </member>
        <member name="M:SillyChat.BasicLeetTranslator.#ctor(SillyChat.ISillyChatPlugin)">
            <summary>
            Initializes a new instance of the <see cref="T:SillyChat.BasicLeetTranslator"/> class.
            </summary>
            <param name="plugin">SillyChat plugin.</param>
        </member>
        <member name="M:SillyChat.BasicLeetTranslator.SetCharacterMapping">
            <inheritdoc />
        </member>
        <member name="T:SillyChat.IntermediateLeetTranslator">
            <summary>
            SillyChat service.
            </summary>
        </member>
        <member name="M:SillyChat.IntermediateLeetTranslator.#ctor(SillyChat.ISillyChatPlugin)">
            <summary>
            Initializes a new instance of the <see cref="T:SillyChat.IntermediateLeetTranslator"/> class.
            </summary>
            <param name="plugin">SillyChat plugin.</param>
        </member>
        <member name="M:SillyChat.IntermediateLeetTranslator.SetCharacterMapping">
            <inheritdoc />
        </member>
        <member name="T:SillyChat.OwoTranslator">
            <summary>
            Translate to owo.
            </summary>
        </member>
        <member name="M:SillyChat.OwoTranslator.#ctor(SillyChat.ISillyChatPlugin)">
            <summary>
            Initializes a new instance of the <see cref="T:SillyChat.OwoTranslator"/> class.
            </summary>
            <param name="plugin">SillyChat plugin.</param>
        </member>
        <member name="M:SillyChat.OwoTranslator.Translate(System.String)">
            <inheritdoc />
        </member>
        <member name="T:SillyChat.PigLatinTranslator">
            <summary>
            Translate to pig latin.
            </summary>
        </member>
        <member name="M:SillyChat.PigLatinTranslator.#ctor(SillyChat.ISillyChatPlugin)">
            <summary>
            Initializes a new instance of the <see cref="T:SillyChat.PigLatinTranslator"/> class.
            </summary>
            <param name="plugin">SillyChat plugin.</param>
        </member>
        <member name="M:SillyChat.PigLatinTranslator.Translate(System.String)">
            <inheritdoc />
        </member>
        <member name="T:SillyChat.PirateTranslator">
            <summary>
            Translate to turkey.
            </summary>
        </member>
        <member name="M:SillyChat.PirateTranslator.#ctor(SillyChat.ISillyChatPlugin)">
            <summary>
            Initializes a new instance of the <see cref="T:SillyChat.PirateTranslator"/> class.
            </summary>
            <param name="plugin">SillyChat plugin.</param>
        </member>
        <member name="M:SillyChat.PirateTranslator.Translate(System.String)">
            <inheritdoc />
        </member>
        <member name="T:SillyChat.ToadTranslator">
            <summary>
            Translate to toad.
            </summary>
        </member>
        <member name="M:SillyChat.ToadTranslator.#ctor(SillyChat.ISillyChatPlugin)">
            <summary>
            Initializes a new instance of the <see cref="T:SillyChat.ToadTranslator"/> class.
            </summary>
            <param name="plugin">SillyChat plugin.</param>
        </member>
        <member name="M:SillyChat.ToadTranslator.Translate(System.String)">
            <inheritdoc />
        </member>
        <member name="T:SillyChat.TurkeyTranslator">
            <summary>
            Translate to turkey.
            </summary>
        </member>
        <member name="M:SillyChat.TurkeyTranslator.#ctor(SillyChat.ISillyChatPlugin)">
            <summary>
            Initializes a new instance of the <see cref="T:SillyChat.TurkeyTranslator"/> class.
            </summary>
            <param name="plugin">SillyChat plugin.</param>
        </member>
        <member name="M:SillyChat.TurkeyTranslator.Translate(System.String)">
            <inheritdoc />
        </member>
        <member name="T:SillyChat.UriangerTranslator">
            <summary>
            Translate to Urianger.
            </summary>
        </member>
        <member name="M:SillyChat.UriangerTranslator.#ctor(SillyChat.ISillyChatPlugin)">
            <summary>
            Initializes a new instance of the <see cref="T:SillyChat.UriangerTranslator"/> class.
            </summary>
            <param name="plugin">SillyChat plugin.</param>
        </member>
        <member name="M:SillyChat.UriangerTranslator.Translate(System.String)">
            <inheritdoc />
        </member>
        <member name="T:SillyChat.ConfigWindow">
            <summary>
            Config window for the plugin.
            </summary>
        </member>
        <member name="M:SillyChat.ConfigWindow.#ctor(SillyChat.ISillyChatPlugin)">
            <summary>
            Initializes a new instance of the <see cref="T:SillyChat.ConfigWindow"/> class.
            </summary>
            <param name="plugin">SillyChat plugin.</param>
        </member>
        <member name="M:SillyChat.ConfigWindow.Draw">
            <inheritdoc/>
        </member>
        <member name="T:SillyChat.HistoryWindow">
            <summary>
            History window for the plugin.
            </summary>
        </member>
        <member name="M:SillyChat.HistoryWindow.#ctor(SillyChat.ISillyChatPlugin)">
            <summary>
            Initializes a new instance of the <see cref="T:SillyChat.HistoryWindow"/> class.
            </summary>
            <param name="plugin">SillyChat plugin.</param>
        </member>
        <member name="M:SillyChat.HistoryWindow.Draw">
            <inheritdoc/>
        </member>
        <member name="T:SillyChat.PluginWindow">
            <summary>
            Plugin window which extends window with sillyChat plugin.
            </summary>
        </member>
        <member name="M:SillyChat.PluginWindow.#ctor(SillyChat.ISillyChatPlugin,System.String,ImGuiNET.ImGuiWindowFlags)">
            <summary>
            Initializes a new instance of the <see cref="T:SillyChat.PluginWindow"/> class.
            </summary>
            <param name="plugin">SillyChat plugin.</param>
            <param name="windowName">Name of the window.</param>
            <param name="flags">ImGui flags.</param>
        </member>
        <member name="P:SillyChat.PluginWindow.Plugin">
            <summary>
            Gets sillyChat plugin for window.
            </summary>
        </member>
        <member name="M:SillyChat.PluginWindow.Draw">
            <inheritdoc/>
        </member>
        <member name="T:SillyChat.WindowManager">
            <summary>
            Window manager to hold plugin windows and window system.
            </summary>
        </member>
        <member name="M:SillyChat.WindowManager.#ctor(SillyChat.ISillyChatPlugin)">
            <summary>
            Initializes a new instance of the <see cref="T:SillyChat.WindowManager"/> class.
            </summary>
            <param name="plugin">SillyChat plugin.</param>
        </member>
        <member name="P:SillyChat.WindowManager.HistoryWindow">
            <summary>
            Gets config window.
            </summary>
        </member>
        <member name="P:SillyChat.WindowManager.ConfigWindow">
            <summary>
            Gets config window.
            </summary>
        </member>
        <member name="M:SillyChat.WindowManager.Dispose">
            <summary>
            Dispose plugin windows.
            </summary>
        </member>
    </members>
</doc>
