{
  "Author": "kalilistic",
  "Name": "SillyChat",
  "InternalName": "SillyChat",
  "AssemblyVersion": "1.7.0.0",
  "Description": "Allows you to translate player and NPC chat messages/bubbles.\nSupported languages include: Pirate, Urianger, Leet, Pig Latin, and Turkey.",
  "ApplicableVersion": "any",
  "RepoUrl": "https://github.com/kalilistic/SillyChat",
  "Tags": [
    "chat",
    "owo",
    "urianger"
  ],
  "DalamudApiLevel": 9,
  "LoadRequiredState": 0,
  "LoadSync": false,
  "CanUnloadAsync": false,
  "LoadPriority": 0,
  "Punchline": "Make chat more fun with translations like pirate and urianger.",
  "AcceptsFeedback": true
}