{
  "Author": "MidoriKami",
  "Name": "Mappy",
  "InternalName": "Mappy",
  "AssemblyVersion": "3.1.1.2",
  "Description": "Replaces the in-game map with an ImGui implementation with several additional features.",
  "ApplicableVersion": "any",
  "RepoUrl": "https://github.com/MidoriKami/Mappy",
  "Tags": [
    "map",
    "mapping",
    "overlay",
    "utility"
  ],
  "DalamudApiLevel": 12,
  "LoadRequiredState": 0,
  "LoadSync": false,
  "CanUnloadAsync": false,
  "LoadPriority": 0,
  "Punchline": "A more versatile in-game map",
  "AcceptsFeedback": false
}