{
  "Author": "MidoriKami",
  "Name": "Mappy",
  "InternalName": "Mappy",
  "AssemblyVersion": "1.0.7.3",
  "Description": "Replaces the ingame map with an ImGui implementation with several additional features.",
  "ApplicableVersion": "any",
  "RepoUrl": "https://github.com/MidoriKami/Mappy",
  "Tags": [
    "utility"
  ],
  "CategoryTags": [
    "Utility",
    "Other"
  ],
  "DalamudApiLevel": 9,
  "LoadRequiredState": 0,
  "LoadSync": false,
  "CanUnloadAsync": false,
  "LoadPriority": 0,
  "Punchline": "A more versatile ingame map",
  "AcceptsFeedback": false
}