{
  "Author": "kelvin124124",
  "Name": "ChatTranslated",
  "InternalName": "ChatTranslated",
  "AssemblyVersion": "3.3.3.0",
  "Description": "Ingame chat translator.",
  "ApplicableVersion": "any",
  "RepoUrl": "https://github.com/kelvin124124/ChatTranslated",
  "Tags": [
    "chat",
    "translate",
    "translation"
  ],
  "DalamudApiLevel": 12,
  "LoadRequiredState": 0,
  "LoadSync": false,
  "CanUnloadAsync": false,
  "LoadPriority": 0,
  "Punchline": "Ingame chat translator.",
  "AcceptsFeedback": true
}