{
  "Author": "grittyfrog",
  "Name": "Macro Mate",
  "InternalName": "MacroMate",
  "AssemblyVersion": "1.0.25.6",
  "Description": "Macro Mate lets you store and run an unlimited number of macros. You can also bind macros to normal macro slots.\n\nFor example, you can:\n\n- Automatically swap in the correct raid macro when you enter an instance\n- Store longer macros and automatically split them across multiple macro slots.\n- Use almost any icon in the game for your Macros\n",
  "ApplicableVersion": "any",
  "RepoUrl": "https://github.com/grittyfrog/MacroMate",
  "Tags": [
    "macros"
  ],
  "DalamudApiLevel": 13,
  "LoadRequiredState": 0,
  "LoadSync": false,
  "CanUnloadAsync": false,
  "LoadPriority": 0,
  "Punchline": "Store and run an unlimited number of macros. Bind them to normal macro slots.",
  "AcceptsFeedback": true
}