{
  "Author": "img",
  "Name": "Island Workshop Search",
  "InternalName": "IslandWorkshopSearch",
  "AssemblyVersion": "1.0.0.5",
  "Description": "idk search the island workshop or something",
  "ApplicableVersion": "any",
  "Tags": [
    "island sanctuary",
    "island workshop",
    "search"
  ],
  "DalamudApiLevel": 14,
  "LoadRequiredState": 0,
  "LoadSync": false,
  "CanUnloadAsync": false,
  "LoadPriority": 0,
  "Punchline": "Helps highlight relevant workshops items",
  "AcceptsFeedback": true
}