{
  "Author": "Kliff!!",
  "Name": "Shanbells",
  "InternalName": "Shanbells",
  "AssemblyVersion": "1.3.0.0",
  "Description": "Shanbells in Eorzea",
  "ApplicableVersion": "any",
  "RepoUrl": "https://github.com/kliff-k/ShanbellsPlugin",
  "Tags": [
    "shan",
    "kliff",
    "currency",
    "silly"
  ],
  "DalamudApiLevel": 14,
  "LoadRequiredState": 0,
  "LoadSync": false,
  "CanUnloadAsync": false,
  "LoadPriority": 0,
  "IconUrl": "https://github.com/kliff-k/ShanbellsPlugin/raw/main/icon.png",
  "Punchline": "Bringing Shananigans to Eorzea",
  "AcceptsFeedback": true
}