{
    "tab.Profiles": "Profiles",
    "tab.Automation": "Automation",
    "tab.Backups": "Backups",
    "tab.Settings": "Settings",
    "tab.Debug": "Debug",

    "btn.SaveHotbars": "Save current hotbars",
    "btn.LoadProfile": "Load this profile",
    "btn.UndoLastSave": "Undo last save",
    "btn.ClearHotbars": "Clear profile's hotbars",

    "text.Hotbar": "Hotbar #{0}",
    "text.NoCondition": "No conditions...",
    "text.None": "---",
    "text.HotbarsToLoad": "Hotbars to load when using '/barload'",
    "text.Export": "Export",
    "text.ExportXIVBARS": "Export to XivBars",

    "selectable.DeleteProfile": "Delete profile '{0}' permanently",

    "tooltip.CreateProfile": "Create a new profile",
    "tooltip.ImportProfile": "Import a profile from the clipboard",
    "tooltip.DeleteProfile": "Hold SHIFT to delete",
    "tooltip.DragAndSlide": "You can drag and slide icons to re-arrange them inside this hotbar",
    "tooltip.SwapToAbove": "Swap with the object above",
    "tooltip.SwapToAboveCondition": "Swap Condition Set with the one above.\nAlso changes the selected sets on the profile who uses both of them.",
    "tooltip.SwapToBelow": "Swap with the object below",
    "tooltip.SwapToBelowCondition": "Swap Condition Set with the one below.\nAlso changes the selected sets on the profile who uses both of them.",
    "tooltip.ConditionSetTutorial": "Condition Set to check. Will load this profile when the condition set is set to true.\nLeave this empty if you do not wish to load this profile automatically.\nWarning: Profile ordering matters: Profiles with an higher id will be higher in the priority list.",
    "tooltip.HoldToShift": "Left-click and drag: shift slots around",
    "tooltip.TransparentSlot": "Transparent slot",
    "tooltip.NonTransparentSlot": "Non-Transparent slot",
    "tooltip.EmptySlot": "Right-click: empty slot",
    "tooltip.ToggleTransparency": "Shift + Right-click: toggle transparency",
    "tooltip.ProfileIcon": "Profile icon",
    "tooltip.ProfileHelp": "You can hold right click and drag up and down on the profile list to re-order your profiles.",
    "tooltip.LoadBackup": "Clicking this button will override the configuration with the selected backup. This is NOT reversible.\nHold SHIFT and click to load.",

    "notify.ProfileSaved": "Profile saved: {0}",
    "notify.CannotImport": "Cannot import profile",
    "notify.ProfileImported": "Profile imported: {0}",
    "notify.ProfileExported": "Profile exported and copied to the clipboard: {0}",
    "notify.ConditionSetExported": "Condition Set exported and copied to the clipboard: {0}",
    "notify.ProfileExportedXIVBARS": "The profile has been exported for XivBars",

    "error.ProfileNull": "The profile '{0}' does not exist.",
    "error.Usage": "Wrong arguments. Usage: ",

    "conf.ExportOnDelete": "Export on Delete",
    "conf.PopulateWhenCreatingProfile": "Populate newly created profiles with current bars",

    "cond.Delete": "Right click to delete this condition",
    "cond.True": "True",
    "cond.False": "False",
    "cond.Set": "Set (Up to this condition): {0}",
    "cond.Is": "IS",
    "cond.IsNot": "IS NOT"
}
