{
  "Author": "hunter2_, originally by Eisenhuth",
  "Name": "Big Nael Quotes",
  "InternalName": "BigNaelQuotes",
  "AssemblyVersion": "0.0.8.0",
  "Description": "Dalamud Plugin that Makes Nael quotes more visible.",
  "ApplicableVersion": "any",
  "RepoUrl": "https://github.com/hunter2actual/BigNaelQuotes",
  "Tags": [
    "ui",
    "nael",
    "quotes"
  ],
  "DalamudApiLevel": 14,
  "LoadRequiredState": 0,
  "LoadSync": false,
  "CanUnloadAsync": false,
  "LoadPriority": 0,
  "ImageUrls": [
    "https://i.imgur.com/LLZ1yN9.png"
  ],
  "Punchline": "Makes Nael quotes more visible.",
  "Changelog": "Update for api14",
  "AcceptsFeedback": true
}