{
  "Author": "Infi, PunishedPineapple",
  "Name": "Waymark Preset Plugin",
  "InternalName": "WaymarkPresetPlugin",
  "AssemblyVersion": "1.5.2.0",
  "Description": "Allows you to save, edit, place, import, export, and preview an unlimited number of waymark presets.",
  "ApplicableVersion": "any",
  "RepoUrl": "https://github.com/Infiziert90/WaymarkPresetPlugin",
  "Tags": [
    "Waymark",
    "Marker",
    "Preset",
    "Tool"
  ],
  "DalamudApiLevel": 10,
  "LoadRequiredState": 0,
  "LoadSync": false,
  "CanUnloadAsync": false,
  "LoadPriority": 0,
  "Punchline": "Improved Waymark Management",
  "AcceptsFeedback": true
}