{
  "Author": "PunishedPineapple",
  "Name": "Waymark Preset Plugin",
  "InternalName": "WaymarkPresetPlugin",
  "AssemblyVersion": "1.4.4.2",
  "Description": "Allows you to save, edit, place, import, export, and preview an unlimited number of waymark presets.",
  "ApplicableVersion": "any",
  "RepoUrl": "https://github.com/PunishedPineapple/WaymarkPresetPlugin",
  "Tags": [
    "Waymark",
    "Marker",
    "Preset",
    "Tool"
  ],
  "DalamudApiLevel": 8,
  "LoadRequiredState": 0,
  "LoadSync": false,
  "LoadPriority": 0,
  "ImageUrls": [
    "https://github.com/PunishedPineapple/WaymarkPresetPlugin/raw/master/docs/Images/image1.png",
    "https://github.com/PunishedPineapple/WaymarkPresetPlugin/raw/master/docs/Images/image2.png",
    "https://github.com/PunishedPineapple/WaymarkPresetPlugin/raw/master/docs/Images/image3.png"
  ],
  "IconUrl": "https://github.com/PunishedPineapple/WaymarkPresetPlugin/raw/master/docs/Images/icon.png",
  "Punchline": "Improved Waymark Management",
  "AcceptsFeedback": true
}