{
  "Author": "Fools by Goat, taken over by Roselyn, on life support by Franz, maintained by khayle",
  "Name": "Elden Ring April Fools",
  "InternalName": "EldenRing",
  "AssemblyVersion": "0.0.5.0",
  "Description": "Elden Ring April Fools addon",
  "ApplicableVersion": "any",
  "RepoUrl": "https://github.com/reiichi001/EldenRingDalamud",
  "Tags": [
    "Elden Ring",
    "plugin",
    "Death",
    "Craft"
  ],
  "DalamudApiLevel": 14,
  "LoadRequiredState": 0,
  "LoadSync": false,
  "CanUnloadAsync": false,
  "LoadPriority": 0,
  "Punchline": "Recreation of the Elden Ring April Fools joke.",
  "AcceptsFeedback": true
}