﻿{
	"Plugin": {
		"/hh helpmessage": "开启狩猎地图",
		"/hh1 helpmessage": "应用预设1",
		"/hh2 helpmessage": "应用预设2",
		"/hh1save helpmessage": "保存预设1",
		"/hh2save helpmessage": "保存预设2",
		"/hht helpmessage": "开启狩猎车界面",
		"/hhn helpmessage": "发送狩猎车下一站坐标至聊天",
		"/hhna helpmessage": "发送狩猎车的下一站最近传送水晶至聊天",
		"/hhc helpmessage": "计数器窗口 -- 面相农怪触发的S",
		"/hhr helpmessage": "刷新点追踪窗口",
		"dono": "如果你认为本插件有用并想提供支持"
	},
	"Map": {
		"ErrorLoadingDataMessage": "加载数据错误",

		"MapImageCheckbox": "地图图片",
		"MapImageCheckboxToolTip": "使用地图图片替代空白背景 - 地图图片由 \n Cable Monkey of Goblin创建",
		"TitleBarCheckbox": "隐藏标题栏",
		"BackgroundScanCheckbox": "后台扫描",
		"BackgroundScanCheckboxToolTip": "允许GUI在未开启时扫描。在地图窗口未开启时启用通知，狩猎车录制等等。",
		"LoadedHuntDataButton": "加载狩猎数据",
		"LoadedHuntDataButtonToolTip": "显示已加载的狩猎和刷新点数据",

		"GeneralTab": "常规",
		"ZoneNameCheckbox": "区域名",
		"ZoneNameCheckboxToolTip": "显示区域名\n调整位置位于窗口之下的%",
		"ZoneLabel": "区域",
		"DragWidgetToolTip": "Ctrl+单击手动输入，Shift+拖拽加速",
		"ColourLabel": "颜色",
		"AlternateColourLabel": "替换色",
		"AlternateColourToolTip": "当启用地图图片时的替换颜色",
		"WorldNameCheckbox": "服务器名",
		"WorldNameCheckboxToolTip": "显示服务器名\n调整位置位于窗口之下的%",
		"WorldLabel": "服务器",
		"WindowSize": "窗口尺寸",
		"WindowSizeToolTip": "当前窗口尺寸",
		"WindowColourToolTip": "窗口颜色-下方可更改不透明度",
		"PresetOne": "预设1",
		"PresetTwo": "预设2",
		"SavePresetToolTip": "保存用于快速切换的预设-窗口大小，不透明度，位置和是否使用地图。使用指令来应用：/hh1 - /hh1save来保存，或-->",
		"SaveButton": "保存",
		"MapOpacityLabel": "地图不透明度",
		"WindowOpacity": "窗口不透明度",

		"VisualsTab": "可视化",
		"SizingTab": "尺寸",
		"PlayerModifier": "玩家缩放",
		"PlayerModifierToolTip": "玩家图标半径修改，默认1",
		"MobModifier": "狩猎怪缩放",
		"MobModifierToolTip": "狩猎怪图标半径修改，默认2",
		"SpawnPointModifier": "刷新点缩放",
		"SpawnPointToolTip": "刷新点图标半径修改，默认1",
		"AllModifier": "全部缩放",
		"AllModifierToolTip": "按比例放大所有图标，默认1 - 默认下狩猎怪是1.5倍刷新点，玩家是0.2倍刷新点",
		"DetectionCircleModifier": "探测圈缩放",
		"DetectionCircleModifierToolTip": "默认重放2个游戏内坐标，如果认为不准确就修改，默认1",
		"DetectionCircleThickness": "探测圈宽度",
		"DetectionCircleThicknessToolTip": "默认3",
		"DirectionLineThickness": "面向线宽度",
		"DirectionLineThicknessToolTip": "默认3",
		"ResetButton": "重设",
		"ResetButtonToolTip": "重设所有到默认设置",

		"ColoursTab": "颜色",
		"PlayerIcon": "玩家图标",
		"MobIcon": "狩猎怪图标",
		"SpawnPoint": "刷新点图标",
		"PlayerBackground": "玩家背景",
		"PlayerBackgroundToolTip": "玩家/探测圈背景。\n修改Alpha A来设置透明度",
		"DirectionLineColourPicker": "面向线",
		"DetectionCircleColourPicker": "探测线",

		"NotificationTab": "通知",
		"ChatMessageLabel": "聊天信息",
		"ChatMessageLabelToolTip": "使用/echo发送到聊天的信息，可用标签<flag> <name> <rank> <hpp>\n",
		"TTSMessageLabel": "TTS信息",
		"TTSMessageLabelToolTip": "发送使用文字转语音的信息，可用标签<name><rank>",
		"FlyTextToolTip": "弹出文本是当你攻击或被攻击时出现的文字。（例如：暴击，失误，复活）\n\n启用此选项将在屏幕中央显示多彩的弹出文本通知",
		"VisualHelpLabel": "视觉辅助",
		"VisualHelpToolTip": "绘制一个类似“任务指针”的东西，有点小问题但是够用。设置里修改尺寸",

		"SettingsTab": "设置",
		"SelectVoiceLabel": "选择声音:",
		"VoiceVolumeLabel": "Volume:",
		"VoiceTestButton": "Test",
		"PointerSizeLabel": "指针尺寸:",
		"PointerSizeToolTip": "钻石指针的大小缩放",

		"AvailableTagsTab": "可用标签",
		"AvailableTagsToolTip": "双击来高亮标签便于复制和粘贴。 --在TTS中只有 <name> 和 <rank> 有效",

		"OnScreenMobInfoTab": "界面狩猎信息",
		"PriorityMobLabel": "狩猎怪优先级",
		"PriorityMobToolTip": "区域内的狩猎怪优先级标签， S/SS > A > B - Ctrl+单击手动输入，Shift+单击快速拖拽",
		"MainTextColourLabel": "主要",
		"Background": "背景",
		"MobInfoColourToolTip": "主要=无地图，替换=有地图图片， - 提高Alpha A来改透明度",
		"NearbyMobListToolTip": "附近狩猎怪的列表",

		"StatsTab": "统计",
		"StatsTabMessage": "已找到的怪物:",

		"DefaultSettingsWindowMessage": "啥也没有\n设置在在主地图窗口",

		"LoadedHuntDataWindowTitle": "加载狩猎数据",
		"LoadedHuntDataDatabaseTab": "数据库",
		"LoadedHuntDataSpawnPointsTab": "触发点",

		"RankLabel": "级别",
		"NearbyMobListFlagToolTip": "点击以发送坐标",

		"ImageDownloadWindowTitle": "没有图片，要下载吗？",
		"ImageDownloadingMessage": "尝试下载，请稍等\n\n如果有问题，请从以下链接手动下载:",
		"ImageDownloadErrorMessageOne": "发生以下错误:",
		"ImageDownloadErrorMessageTwo": "请手动下载图片，\n或尝试删除Images/Map文件夹并重置插件，\n并尝试再次下载",
		"ImageDownloadErrorButton": "好，不要再显示了，谢谢。",
		"ImageDownloadPromptMessage": "找不到地图图片，可能这是你初次使用。\n要下载吗？(~23.2MB)",
		"ImageDownloadButton": "下载",
		"ImageDownloadManualMessageOne": "或者你可以从这里查看或者手动下载:",
		"ImageDownloadManualMessageTwo": "在:",
		"ImagesMissingPromptMessage": "Some map images are missing (maybe a new expansion has released?).\n\nRedownload images.",
		"OutOfDateMaps": "New map images have been released, please redownload to update. *requires restarting plugin to use new images."
	},

	"HuntTrain": {
		"CopyText": "复制输出代码剪贴板。\n警告：该代码很长，无法粘贴到游戏中的聊天记录。通过 Discord 分享。",
		"CopyTextCopied": "已复制",
		"MainWindowTitle": "狩猎车",
		"NameHeader": "名称",
		"TeleportHeader": "传送",
		"TeleportToolTip": "即使你和狩猎怪附近或同一张图也会传送，请调整。",
		"LastSeenHeader": "上次发现",
		"HowTo": "如何使用：背景 - 点任何一行来发送相关地图链接到聊天。\n（拖拽来录制列表）。点击确认框来标记已死亡的狩猎怪。\n使用指令\/hhn来自动标记死亡当前选择的怪物，并发送下一个地图链接到聊天。\n第一次不得不手动点 -只记录A怪*",
		"TeleportButton": "传送",
		"Settings": "设置",
		"Border": "边界",
		"LastSeen": "上次发现",
		"LastSeenToolTip": "显示距离上次发现过了多久",
		"ShowFlagInChat": "在聊天栏中发送 <mob> <flag> 消息",
		"OpenMap": "开启地图",
		"OpenMapToolTip": "当/hhn启用或单击名称时开启相关地图",
		"TeleButtons": "传送键",
		"TeleButtonsToolTip": "显示传送按键，可能相比点击传送更好",
		"TeleportOnClick": "点击传送",
		"TeleportOnClickToolTip": "当点击狩猎时，启动传送到最近的以太水晶",
		"TeleportOnCommand": "当使用/hhn时，启动传送到最近的以太水晶。",
		"TeleportToAetheryte": "Initiate teleport to closest Aetheryte when /hhna used. This will override the /hhn teleport.",
		"RemoveDeadButton": "移除已死亡",
		"ResetDeadButton": "重设死亡统计",
		"StartRecordingButton": "开始录制",
		"StopRecordingButton": "停止录制",
		"DeleteTrainButton": "删除狩猎车序",
		"ImportButton": "导入",
		"ContextMenuSelect": "   选择",
		"ContextMenuRemove": "   删除",
		"OpenUIWhenIPCImport": "Open the train UI when importing from another plugin",


		"TeleportWindowTitle": "未找到Teleporter插件",
		"TeleportWindowMessage": "传送功能依赖Pohky的Teleporter插件。请通过/xlplugins安装或者取消传送选项。",
		"TeleportWindowButton": "懂了",


		"DeleteWindowTitle": "删除",
		"DeleteWindowMessage": "你确定你要*删除*狩猎车序？",
		"DeleteWindowDeleteButton": "删除",
		"CancelButton": "取消",


		"ImportWindowTitle": "导入",
		"ImportWindowErrorMessage": "没有可导入，或者错误的代码。\n\n导入代码很长，无法粘贴到游戏中的聊天记录。通过 Discord 或其他分享。",
		"ImportWindowCloseButton": "关闭",
		"ImportWindowImportedMessage": "导入狩猎数据计数: ",
		"ImportAllCheckbox": "导入所有 ",
		"ImportAllCheckboxToolTip": "覆盖当前已导入数据",
		"ImportNewCheckbox": "导入新增 ",
		"ImportNewCheckboxToolTip": "只导入新怪",
		"UpdateLastSeenCheckbox": "上传上次发现时间 ",
		"UpdateLastSeenCheckboxToolTip": "导入新怪并上传上次发现的时间，如果可用的话。"
	},

	"SpawnPointFinder": {
		"CopyText": "复制导出代码",
		"CopyTextCopied": "已复制",
		"CopyTextAllExport": "导出所有现在已记录的地图数据",

		"MainWindowTitle": "排点",
		"FilterLabel": "按名称搜索",
		"FilterToolTip": "用于记录排点。\n有助于特定点位的触发，\n例如 南迪、伽马、多智兽、布弗鲁、狭缝 等。\n数据持续存在并保存到文件中，关闭记录将重置跟踪数据。",
		"StartRecording": "开始录制",
		"StopRecording": "停止录制 -- 这将清空所有数据",
		"StartRecordingAll": "开始录制所有",
		"StopRecordingAll": "停止录制所有 -- 这将清空所有数据",
		"ImportButtonToolTip": "导入地图数据",

		"ImportWindowTitle": "导入",
		"ErrorMessage": "无数据导入 - 或代码错误",
		"CloseButton": "关闭",
		"ImportMessage": "导入地图:",
		"OverwriteButton": "覆盖",
		"OverwriteButtonToolTip": "导入并覆盖这些地图的现有数据",
		"ImportNewButton": "只新",
		"ImportNewButtonToolTip": "只导入新数据",
		"CancelButton": "取消"
	},

	"Counter": {
		"MainWindowTitle": "计数",
		"BackgroundToggleToolTipInfo": "允许在窗口关闭的时候计数",
		"BackgroundToggleToolTipStatus": "统计: ",
		"BackgroundToggleToolTipEnabled": "启用",
		"BackgroundToggleToolTipDisabled": "禁用",
		"Reset": "重设",
		"WeeEa": "小异亚: "
	}
	
}