{
  "Author": "Pohky",
  "Name": "Teleporter",
  "InternalName": "TeleporterPlugin",
  "AssemblyVersion": "2.0.2.6",
  "Description": "Adds Chat Commands to Teleport to Aetherytes or Areas by Name.\ne.g. /tp Quarrymill or /tpm South Shroud\nSupports setting up an Alias for Aetherytes to be used with Teleporter Commands\ne.g. /tp home instead of /tp Estate Hall (Free Company)",
  "ApplicableVersion": "any",
  "RepoUrl": "https://github.com/pohky/TeleporterPlugin",
  "DalamudApiLevel": 12,
  "LoadRequiredState": 0,
  "LoadSync": false,
  "CanUnloadAsync": false,
  "LoadPriority": 0,
  "Punchline": "Chat Commands for Teleporting",
  "AcceptsFeedback": true
}