{
  "Author": "Infi",
  "Name": "Submarine Tracker",
  "InternalName": "SubmarineTracker",
  "AssemblyVersion": "2.0.3.0",
  "Description": "You do not talk about Fight Club, same for Submarines",
  "ApplicableVersion": "any",
  "RepoUrl": "https://github.com/Infiziert90/SubmarineTracker",
  "Tags": [
    "Submarine",
    "Tracker",
    "Builder",
    "Loot",
    "Optimizer",
    "Notifications",
    "Helper",
    "Solver",
    "Routes",
    "Sub",
    "Overlay"
  ],
  "DalamudApiLevel": 14,
  "LoadRequiredState": 0,
  "LoadSync": false,
  "CanUnloadAsync": false,
  "LoadPriority": 0,
  "Punchline": "You do not talk about Fight Club, same for Submarines",
  "AcceptsFeedback": true
}