{
  "Author": "Infi",
  "Name": "Submarine Tracker",
  "InternalName": "SubmarineTracker",
  "AssemblyVersion": "1.9.5.0",
  "Description": "+ Tracker for current builds, routes and times \n+ Builder to improve, solve builds and optimize EXP\n+ Configurable notification for return and repairs \n+ Helpy filled useful information\n+ Custom loot overview with history and export\n+ Multiple overlays to help with daily tasks \n+ Supports multiple FCs  ",
  "ApplicableVersion": "any",
  "RepoUrl": "https://github.com/Infiziert90/SubmarineTracker",
  "Tags": [
    "Submarine",
    "Tracker",
    "Builder",
    "Loot",
    "Optimizer",
    "Notifications",
    "Helper",
    "Solver",
    "Routes",
    "Sub",
    "Overlay"
  ],
  "DalamudApiLevel": 11,
  "LoadRequiredState": 0,
  "LoadSync": false,
  "CanUnloadAsync": false,
  "LoadPriority": 0,
  "Punchline": "You do not talk about Fight Club, same for Submarines",
  "AcceptsFeedback": true
}