{
  "Author": "Infi",
  "Name": "Submarine Tracker",
  "InternalName": "SubmarineTracker",
  "AssemblyVersion": "1.7.2.5",
  "Description": "Simple and Easy\n+ Tracker for current builds, routes and times \n+ Builder to improve, solve builds and optimize EXP\n+ Configurable Notification for return/repair \n+ Helper with useful information\n+ Custom loot overview with history and export\n+ Supports multiple FCs",
  "ApplicableVersion": "any",
  "Tags": [
    "Submarine",
    "Tracker",
    "Builder",
    "Loot",
    "Optimizer",
    "Notifications",
    "Helper",
    "Solver",
    "Routes",
    "Sub"
  ],
  "DalamudApiLevel": 8,
  "LoadRequiredState": 0,
  "LoadSync": false,
  "CanUnloadAsync": false,
  "LoadPriority": 0,
  "Punchline": "You do not talk about Fight Club, same for Submarines",
  "AcceptsFeedback": true
}