{
  "Author": "Infi",
  "Name": "Submarine Tracker",
  "InternalName": "SubmarineTracker",
  "AssemblyVersion": "1.7.0.1",
  "Description": "Simple and Easy\n+ Tracks current builds, routes and times\n+ Loot overview for each FC \n+ Builder to improve your builds\n+ Save and load builds\n+ Optimized EXP calculator for the selected build\n+ Unlockable exploration points are highlighted\n+ Breakpoint support\n+ Configurable notification for returning subs\n+ Helper with lots of useful information\n+ Support for multiple FCs",
  "ApplicableVersion": "any",
  "Tags": [
    "Submarine",
    "Tracker",
    "Builder",
    "Loot",
    "Optimizer",
    "Notifications",
    "Helper",
    "Solver",
    "Routes"
  ],
  "DalamudApiLevel": 8,
  "LoadRequiredState": 0,
  "LoadSync": false,
  "CanUnloadAsync": false,
  "LoadPriority": 0,
  "Punchline": "Simple Submarine Tracker and Builder",
  "AcceptsFeedback": true
}