{
  "Author": "Critical_Impact",
  "Name": "Allagan Tools",
  "InternalName": "InventoryTools",
  "AssemblyVersion": "1.2.0.17",
  "Description": "Adds in a window that allows for the searching and filtering of items across your inventories and the entire games list of items. Adds visualisation in game to see both where your items are and where you should sort them.\n\nFeatures are always being added to Inventory Tools so keep up to date to receive them. Some of the currently included features are:\n\t- Market board integration \n\t- Item highlighting \n\t- Various ways to filter items including have acquired, is craftable, is housing, any many more \n\t- Browse all available game items ",
  "ApplicableVersion": "any",
  "RepoUrl": "https://github.com/Critical-Impact/InventoryTools",
  "Tags": [
    "Inventory",
    "Sorting",
    "Filtering"
  ],
  "DalamudApiLevel": 8,
  "LoadPriority": 0,
  "ImageUrls": [
    "https://raw.githubusercontent.com/Critical-Impact/InventoryTools/crafts/InventoryTools/Images/banner1.png",
    "https://raw.githubusercontent.com/Critical-Impact/InventoryTools/crafts/InventoryTools/Images/screenshot1.png",
    "https://raw.githubusercontent.com/Critical-Impact/InventoryTools/crafts/InventoryTools/Images/screenshot2.png",
    "https://raw.githubusercontent.com/Critical-Impact/InventoryTools/crafts/InventoryTools/Images/screenshot3.png",
    "https://raw.githubusercontent.com/Critical-Impact/InventoryTools/crafts/InventoryTools/Images/screenshot4.png",
    "https://raw.githubusercontent.com/Critical-Impact/InventoryTools/crafts/InventoryTools/Images/screenshot5.png"
  ],
  "IconUrl": "https://raw.githubusercontent.com/Critical-Impact/InventoryTools/crafts/InventoryTools/Images/icon.png",
  "Punchline": "Can't find an item in your inventory? Need to find a specific item from all the games many items? Need help working out what materials you need for a craft? Allagan Tools can probably help. (formerly Inventory Tools)"
}